feature,mean_abs_shap
wall_put_dist_pct,0.18491471884075789
fut_prev_ret,0.17400091929800987
fut_prev_range_pct,0.16128000665851014
gap_open_pct,0.15483742167998732
mom10,0.14522861471304258
range5_mean_pct,0.14199308335002772
delta_oi_skew,0.13621535835445145
pcr_chg,0.13362780842671906
straddle_pct_chg,0.12669998407363717
straddle_pct,0.12439887857274234
mom5,0.12112749203530102
pcr_t1,0.11892638804902407
wall_call_dist_pct,0.11828683994054887
fut_prev_gap_pct,0.11748105020114971
pcr_t2,0.10345948194491948
dow,0.05277854875815086
