date,lots,skip,net
2021-01-07,2,,8135.22
2021-02-18,2,,13191.04
2021-03-10,2,,6006.3
2021-04-22,2,,13956.14
2021-05-06,2,,10186.16
2021-05-11,2,,1044.06
2021-05-12,2,,8751.52
2021-05-20,2,,10314.26
2021-06-10,2,,4092.72
2021-06-23,2,,7316.5
2021-07-01,2,,4810.22
2021-07-08,2,,5615.96
2021-07-15,2,,4159.44
2021-07-22,2,,5323.96
2021-08-05,2,,5712.76
2021-08-11,2,,3534.56
2021-08-12,2,,4216.58
2021-08-18,2,,8016.64
2021-09-02,2,,9146.72
2021-09-15,2,,3297.74
2021-09-23,2,,5910.6
2021-10-07,2,,1533.02
2021-10-14,2,,5731.06
2021-10-21,2,,12721.24
2021-11-25,2,,6722.26
2021-12-16,2,,7540.6
2021-12-30,2,,3755.54
2022-01-20,2,,9251.32
2022-02-03,2,,6342.06
2022-02-10,2,,6443.58
2022-02-24,2,,4902.44
2022-03-24,2,,4937.98
2022-03-31,2,,5777.18
2022-04-07,2,,6827.12
2022-04-13,2,,6288.0
2022-04-21,2,,8942.3
2022-04-28,2,,8344.54
2022-05-04,2,,8288.66
2022-05-05,2,,6420.34
2022-06-02,2,,8418.54
2022-06-09,2,,9692.24
2022-06-16,2,,12684.28
2022-07-14,2,,8035.52
2022-07-28,2,,6875.7
2022-08-04,2,,9605.88
2022-08-11,2,,3355.0
2022-08-18,2,,3753.48
2022-09-01,2,,3051.24
2022-09-14,2,,5292.48
2022-09-15,2,,7705.9
2022-10-20,2,,5654.52
2022-10-27,2,,3275.36
2022-11-03,2,,4013.06
2022-11-23,2,,1408.0
2022-12-08,2,,4116.3
2022-12-15,2,,6194.02
2023-01-04,2,,5516.9
2023-01-05,2,,8454.88
2023-01-12,2,,5562.0
2023-01-24,2,,2803.82
2023-01-25,2,,13133.82
2023-02-02,2,,5642.42
2023-02-08,2,,3844.5
2023-03-01,2,,3866.58
2023-03-02,2,,8109.92
2023-03-09,2,,9498.06
2023-03-16,2,,3314.18
2023-03-28,2,,2376.1
2023-03-29,2,,4765.2
2023-04-05,2,,5932.3
2023-05-04,2,,10541.82
2023-05-11,2,,5422.56
2023-05-25,2,,3383.1
2023-06-01,2,,7357.78
2023-06-08,2,,6636.86
2023-06-15,2,,6351.32
2023-07-06,2,,3907.78
2023-07-20,2,,7180.3
2023-07-27,2,,9527.84
2023-08-03,2,,6539.44
2023-08-10,2,,8413.94
2023-08-17,2,,5927.3
2023-08-24,2,,8579.18
2023-08-31,2,,6522.7
2023-09-07,2,,9352.58
2023-09-14,2,,4482.76
2023-09-21,2,,8253.36
2023-09-28,2,,11420.26
2023-10-12,2,,5440.86
2023-10-18,2,,3726.8
2023-10-19,2,,6216.78
2023-10-26,2,,9784.18
2023-11-09,2,,4935.2
2023-11-16,2,,4167.1
2023-11-22,2,,2475.14
2023-11-23,2,,6108.52
2023-11-29,2,,2663.8
2023-12-07,2,,5719.2
2023-12-14,2,,7499.96
2023-12-20,2,,3682.62
2023-12-21,2,,7261.38
2023-12-27,2,,1648.64
2023-12-28,2,,5021.2
2024-01-04,2,,7952.18
2024-01-11,2,,7758.02
2024-01-18,2,,3536.26
2024-01-25,2,,7752.48
2024-01-31,2,,2697.62
2024-02-01,2,,3465.84
2024-02-08,2,,12773.42
2024-02-22,2,,11922.32
2024-02-28,2,,4524.46
2024-02-29,2,,3050.74
2024-03-07,2,,4687.3
2024-03-14,2,,10025.22
2024-03-21,2,,5039.78
2024-03-28,2,,9234.18
2024-04-18,2,,11470.22
2024-04-25,2,,12969.52
2024-05-02,2,,2506.24
2024-05-09,2,,6326.4
2024-05-16,2,,4706.26
2024-05-23,2,,6952.36
2024-05-30,2,,3756.96
2024-06-06,2,,4918.76
2024-06-13,2,,2648.74
2024-06-27,2,,5052.64
2024-07-04,2,,2012.4
2024-07-11,2,,2394.36
2024-07-18,2,,4847.26
2024-07-25,2,,3001.34
2024-08-08,2,,2538.9
2024-08-14,2,,3089.48
2024-08-22,2,,1780.02
2024-08-29,2,,2143.54
2024-09-05,2,,1560.7
2024-09-11,2,,2002.62
2024-09-12,2,,7039.18
2024-09-19,2,,2652.56
2024-09-26,2,,6753.66
2024-10-03,2,,9330.6
2024-10-10,2,,2085.78
2024-10-17,2,,5874.84
2024-10-24,2,,2754.5
2024-10-31,2,,4686.3
2024-11-07,2,,4535.1
2024-11-21,2,,9247.06
2024-11-28,2,,41748.74
2024-12-05,2,,16229.78
2024-12-12,2,,7973.76
2024-12-19,2,,6290.14
2024-12-26,2,,8078.9
2025-01-02,2,,18602.98
2025-01-09,2,,10855.98
2025-01-16,2,,7227.54
2025-01-23,2,,11471.82
2025-02-06,2,,11191.38
2025-02-13,2,,8051.16
2025-02-20,2,,7718.34
2025-02-27,2,,8252.58
2025-03-06,2,,9112.8
2025-03-13,2,,13732.08
2025-03-20,2,,16664.4
2025-03-27,2,,14525.16
2025-04-03,2,,8607.32
2025-04-09,2,,18018.06
2025-04-17,2,,21977.88
2025-04-24,2,,5587.18
2025-04-30,2,,6882.64
2025-05-07,2,,4170.04
2025-05-08,2,,3168.42
2025-05-15,2,,19182.62
2025-05-22,2,,8471.86
2025-06-05,2,,9425.66
2025-06-12,2,,22094.62
2025-06-19,2,,2768.14
2025-06-25,2,,3501.98
2025-06-26,2,,20206.78
2025-07-03,2,,4586.92
2025-07-10,2,,10611.36
2025-07-17,2,,5221.86
2025-07-24,2,,18237.36
2025-07-31,2,,6689.44
2025-08-07,2,,-2500.0
2025-08-13,2,,2896.52
2025-08-20,2,,3562.72
2025-08-21,2,,5830.76
2025-08-28,2,,15026.26
2025-09-01,2,,5758.12
2025-09-02,2,,8609.54
2025-09-15,2,,2502.16
2025-09-16,2,,12496.72
2025-09-23,2,,6621.06
2025-09-30,2,,8753.76
2025-10-06,2,,8302.98
2025-10-07,2,,4407.9
2025-10-13,2,,-571.16
2025-10-14,2,,15091.94
2025-10-27,2,,5210.9
2025-11-03,2,,1448.84
2025-11-04,2,,15507.96
2025-11-11,2,,-2500.0
2025-11-18,2,,10131.86
2025-11-24,2,,5245.92
2025-11-25,2,,11217.14
2025-12-01,2,,4293.34
2025-12-02,2,,12525.36
2025-12-09,2,,8973.14
2025-12-16,2,,11901.84
2025-12-22,2,,6075.66
2025-12-23,2,,4745.1
2026-01-05,2,,6919.7
2026-01-13,2,,14824.3
2026-01-20,2,,17925.84
2026-01-27,2,,8259.82
2026-02-03,2,,20467.66
2026-02-16,2,,2018.38
2026-02-17,2,,5625.04
2026-02-24,2,,9525.68
2026-03-02,2,,20481.46
2026-03-17,2,,24776.96
2026-03-24,2,,8967.88
2026-03-30,2,,10816.38
2026-04-07,2,,12350.62
2026-04-13,2,,7373.42
2026-04-21,2,,11686.16
2026-04-27,2,,2100.86
2026-04-28,2,,5391.12
2026-05-05,2,,7243.88
2026-05-12,2,,16010.48
2026-05-19,2,,9145.7
2026-05-25,2,,5124.34
2026-05-26,2,,14594.66
2026-06-02,2,,20424.68
2026-06-09,2,,6204.02
2026-06-16,2,,7720.78
2026-06-23,2,,19708.42
2026-06-30,2,,11431.48
2026-07-07,2,,6290.68
2026-07-20,2,,1878.02
2026-07-21,2,,6486.5
2026-08-04,2,,7932.32
2026-08-11,2,,8659.68
2026-08-18,2,,8871.22
2026-08-25,2,,8913.0
2026-09-08,2,,8201.82
2026-09-15,2,,21294.74
2026-09-21,2,,3678.6
2026-09-22,2,,9968.76
