date,entry_bar,spot_entry,spot_exit,strike,lot_size,dte_days,iv_t1,initial_credit,wing_offset_ce,wing_offset_pe,final_debit,opt_gross_pnl,hedge_gross_pnl,hedge_trades,total_gross_pnl,friction,net_pnl,win,wing_ce_pts,wing_pe_pts
2021-03-01,1,14701.2,14761.6,14700.0,75,6.0,0.275627701082267,259.3260793237291,350.0,350.0,252.3463273975758,523.4813944614984,0.0,0,523.4813944614984,1131.805885727276,-608.3244912657776,False,350.0,350.0
2021-03-02,1,14850.8999,14932.7999,14850.0,75,3.0,0.2698310083383695,183.94773750461263,250.0,250.0,173.77687861464233,762.8144167477728,0.0,0,762.8144167477728,1119.0720689618306,-356.25765221405777,False,250.0,250.0
2021-03-08,1,15042.3999,14963.3999,15050.0,75,5.0,0.2588396400911733,247.81012181924098,350.0,350.0,239.91058531930776,592.4652374949915,0.0,0,592.4652374949915,1129.8411527136627,-537.3759152186713,False,350.0,350.0
2021-03-09,1,15087.2999,15114.0,15100.0,75,2.0,0.293719331244938,152.89200474255313,200.0,200.0,136.41601350005294,1235.699343187514,0.0,0,1235.699343187514,1113.6027272335905,122.09661595392345,True,200.0,200.0
2021-03-16,1,14978.2999,14899.3999,15000.0,75,3.0,0.2448322654655203,178.61362777575914,250.0,250.0,169.99664509196623,646.2737012844684,0.0,0,646.2737012844684,1118.2505058850675,-471.97680460059905,False,250.0,250.0
2021-03-17,1,14894.1,14698.7999,14900.0,75,2.0,0.2472826556069776,143.99780665599746,200.0,200.0,152.42860261231897,-632.3096967241128,958.4742714803724,2,326.16457475625964,1201.273787777775,-875.1092130215153,False,200.0,200.0
2021-03-18,1,14838.0,14586.2999,14850.0,75,1.0,0.2511458067921921,106.24031791926063,150.0,150.0,149.98267051230323,-3280.6764444781948,3299.8266881322197,3,19.150243654024962,1221.9112238765524,-1202.7609802225275,False,150.0,150.0
2021-03-19,1,14423.0,14746.5,14400.0,75,0.0,0.3876129353744909,54.61475534826738,150.0,150.0,150.0,-7153.893348879947,8883.547091982793,19,1729.6537431028464,2267.1371570688966,-537.4834139660502,False,150.0,150.0
2021-04-05,1,14762.2,14633.1,14750.0,75,0.0,0.6256633299728854,78.39553348324557,150.0,150.0,116.84999999999964,-2884.084988756555,4010.6020487809437,9,1126.5170600243887,1611.04387180783,-484.5268117834414,False,150.0,150.0
2021-04-13,1,14318.1,14508.6,14300.0,75,3.0,0.2641739799408241,180.32377285019402,250.0,250.0,184.28347418608257,-296.9776001916415,0.0,0,-296.9776001916415,1119.0982519688505,-1416.075852160492,False,250.0,250.0
2021-04-29,1,15032.6,14893.2,15050.0,75,1.0,0.2304364064754918,103.39269966911615,150.0,150.0,138.80802173670963,-2656.149155069511,924.1098810051335,4,-1732.0392740643774,1331.4129992588598,-3063.452273323237,False,150.0,150.0
2021-05-04,1,14696.6,14504.6,14700.0,75,3.0,0.250101636541076,153.51703607756644,200.0,200.0,156.2187527705612,-202.6287519746063,0.0,0,-202.6287519746063,1114.5642321796984,-1317.1929841543047,False,200.0,200.0
2021-05-05,1,14575.2,14621.3999,14600.0,75,2.0,0.2543864540336653,144.62631826612096,200.0,200.0,126.03843126889046,1394.0915247922874,0.0,0,1394.0915247922874,1112.1276410635492,281.9638837287382,True,200.0,200.0
2021-05-06,1,14647.0,14721.2,14650.0,75,1.0,0.2443828639993444,104.5109946375942,150.0,150.0,71.73788904157847,2457.9829197011795,750.1789746481227,4,3208.161894349302,1392.1511601233906,1816.0107342259116,True,150.0,150.0
2021-05-07,1,14844.1,14828.2999,14850.0,75,0.0,0.2364244773844256,33.01760280910039,150.0,150.0,21.65010000000002,852.5627106825277,-3469.825020482298,23,-2617.2623097997703,2442.446968329594,-5059.709278129364,False,150.0,150.0
2021-05-20,1,15053.1,14907.2,15050.0,75,1.0,0.1962202539341524,96.09681980332698,150.0,150.0,133.85061016302916,-2831.5342769776635,3408.633914960199,6,577.0996379825356,1445.701328758095,-868.6016907755595,False,150.0,150.0
2021-05-21,1,15011.2,15182.7999,15000.0,75,0.0,0.3339463526615873,47.41269063316432,150.0,150.0,150.0,-7694.048202512677,7390.2398693360155,5,-303.8083331766611,1419.3718218640695,-1723.1801550407306,False,150.0,150.0
2021-06-17,1,15681.6,15704.6,15700.0,75,1.0,0.1661805150704458,90.61963539484009,150.0,150.0,22.003805641099824,5146.187231530519,-3633.7485558335175,11,1512.4386756970016,1708.0209522065022,-195.58227650950062,False,150.0,150.0
2021-07-09,1,15675.3999,15686.5,15700.0,50,0.0,0.1615422636596485,31.269135882488534,150.0,150.0,13.450000000000001,890.9567941244266,-5653.788658633246,36,-4762.831864508819,2739.0543510341317,-7501.886215542951,False,150.0,150.0
2021-07-16,1,15939.7999,15923.6,15950.0,50,0.0,0.1530186033202335,24.12300602470841,150.0,150.0,26.349999999999635,-111.34969876456128,-1356.1250818566186,21,-1467.47478062118,1863.2927597436633,-3330.767540364843,False,150.0,150.0
2021-09-01,1,17157.7,17068.5999,17150.0,50,2.0,0.1397025581588968,102.23554796229337,150.0,150.0,96.44774657032258,289.3900695985394,169.6749658046465,2,459.0650354031859,879.7778612744266,-420.71282587124074,False,150.0,150.0
2021-09-07,1,17376.2999,17361.4,17400.0,50,3.0,0.142366428268142,111.67164790353172,150.0,150.0,104.93802885741798,336.68095230568724,0.0,0,336.68095230568724,801.0351265310583,-464.354174225371,False,150.0,150.0
2021-09-08,1,17380.2999,17350.5999,17400.0,50,2.0,0.1324606464384123,100.83756796070156,150.0,150.0,88.94990885497339,594.3829552864088,-355.7978937936714,2,238.5850614927374,883.3943930035857,-644.8093315108483,False,150.0,150.0
2021-09-14,1,17413.2,17376.2999,17400.0,50,3.0,0.1255620408477261,106.80610834097706,150.0,150.0,99.09218158377598,385.696337860054,0.0,0,385.696337860054,800.4640917771204,-414.76775391706644,False,150.0,150.0
2021-09-17,1,17725.0999,17581.7,17750.0,50,0.0,0.1905141766322776,37.51253856228268,150.0,150.0,150.0,-5624.373071885866,6918.23943192602,27,1293.8663600401542,2347.3920385871043,-1053.52567854695,False,150.0,150.0
2021-09-21,1,17438.0,17548.2,17450.0,50,3.0,0.1819755404209718,119.54155834903304,150.0,150.0,116.13005467213907,170.57518384469859,0.0,0,170.57518384469859,802.0105021856953,-631.4353183409967,False,150.0,150.0
2021-09-22,1,17590.2999,17535.5999,17600.0,50,2.0,0.1506293140677735,106.41900859648013,150.0,150.0,96.77406161075214,482.2473492863992,0.0,0,482.2473492863992,800.3634496018642,-318.116100315465,False,150.0,150.0
2021-09-23,1,17657.2999,17832.5,17650.0,50,1.0,0.1728305345540866,97.62042610348499,150.0,150.0,147.35624057089626,-2486.7907233705637,1867.9196185113979,5,-618.8711048591658,1018.8199441964488,-1637.6910490556147,False,150.0,150.0
2021-09-24,1,17933.5,17866.0999,17950.0,50,0.0,0.1535012090066448,28.916853434496623,150.0,150.0,83.85009999999893,-2746.662328275115,1305.209823653102,9,-1441.4525046220133,1373.0607448036628,-2814.513249425676,False,150.0,150.0
2021-09-28,1,17843.0,17770.7,17850.0,50,3.0,0.1550045242300257,115.26309985572789,150.0,150.0,111.19388824671205,203.4605804507919,0.0,0,203.4605804507919,801.5144566400431,-598.0538761892512,False,150.0,150.0
2021-09-30,1,17688.2,17628.9,17700.0,50,1.0,0.17513857872691,98.43462250791981,150.0,150.0,71.29458318201814,1357.0019662950833,158.93092524330132,5,1515.9328915383846,1079.9681453703051,435.9647461680795,True,150.0,150.0
2021-10-07,1,17790.25,17790.25,17800.0,50,1.0,0.1656798759615048,96.12692369246543,150.0,150.0,25.744664464845663,3519.1129613809876,-811.2168383998796,5,2707.896122981108,1034.9963328562121,1672.8997901248958,True,150.0,150.0
2021-10-13,1,18068.9492,18167.3008,18050.0,50,2.0,0.1476097656087949,106.72740600006864,150.0,150.0,106.34738906179723,19.000846913570513,-30.043246827233816,2,-11.042399913663303,883.0517143739046,-894.0941142875679,False,150.0,150.0
2021-10-14,1,18284.5996,18340.0508,18300.0,50,1.0,0.1495777505589648,92.78969405134558,150.0,150.0,42.07241704525236,2535.863850304661,99.76575227512512,6,2635.629602579786,1139.493906518353,1496.135696061433,True,150.0,150.0
2021-10-19,1,18562.75,18404.75,18550.0,50,3.0,0.1531474492838606,116.13118265940102,150.0,150.0,117.4245833722332,-64.67003564160905,0.0,0,-64.67003564160905,801.7709053751897,-866.4409410167988,False,150.0,150.0
2021-10-20,1,18418.3008,18260.9004,18400.0,50,2.0,0.1738779851282015,113.40472384424083,150.0,150.0,113.28066155367912,6.203114528085507,-291.0008389505092,2,-284.7977244224237,882.5760165711506,-1167.3737409935743,False,150.0,150.0
2021-10-21,1,18339.5,18168.8496,18350.0,50,1.0,0.1744478925177827,99.83281631727823,150.0,150.0,146.89095064884168,-2352.9067165781726,624.8864602594113,2,-1728.0202563187613,885.6240954111547,-2613.644351729916,False,150.0,150.0
2021-10-22,1,18251.5508,18124.5,18250.0,50,0.0,0.2172529916232451,36.94827575878153,150.0,150.0,125.45,-4425.0862120609245,2727.6191782951355,34,-1697.467033765789,2815.1502243773057,-4512.617258143095,False,150.0,150.0
2021-10-26,1,18203.6504,18262.6992,18200.0,50,3.0,0.1823487147549167,148.83242962393706,200.0,200.0,140.61045352221072,411.09880508631704,0.0,0,411.09880508631704,805.1290055849706,-394.0302004986536,False,200.0,200.0
2021-11-12,1,17981.0,18096.9492,18000.0,50,0.0,0.2001593899866565,36.88813923562375,150.0,150.0,96.89919999999911,-3000.553038218768,53.954608847387135,14,-2946.598429371381,1703.3262798112414,-4649.924709182622,False,150.0,150.0
2021-12-03,1,17477.5508,17197.0,17500.0,50,0.0,0.3621332548232749,60.31568793416034,150.0,150.0,150.0,-4484.215603291983,5523.258396562995,8,1039.0427932710118,1161.5527122530686,-122.50991898205689,False,150.0,150.0
2021-12-16,1,17343.3008,17236.8496,17350.0,50,1.0,0.2056507620727643,104.39512531928312,150.0,150.0,110.03947008341675,-282.21723820668103,89.33135562448297,5,-192.88588258219806,1062.4036963237506,-1255.2895789059487,False,150.0,150.0
2021-12-17,1,17203.5,16981.0508,17200.0,50,0.0,0.385693879588507,60.42625478036126,150.0,150.0,150.0,-4478.687260981937,5429.302006576239,10,950.6147455943028,1251.198802416682,-300.5840568223791,False,150.0,150.0
2021-12-21,1,16777.3496,16775.9492,16800.0,50,3.0,0.2216948218597099,179.53078866898477,250.0,250.0,166.32174242622705,660.4523121378861,0.0,0,660.4523121378861,808.3989850933751,-147.94667295548902,False,250.0,250.0
2021-12-22,1,16899.1992,16946.75,16900.0,50,2.0,0.2095201369607821,141.90936662178592,200.0,200.0,124.55215322280696,867.8606699489478,0.0,0,867.8606699489478,804.0858688937794,63.77480105516838,True,200.0,200.0
2022-01-04,1,17682.1992,17797.5996,17700.0,50,3.0,0.1664851869037374,117.33886204314513,150.0,150.0,114.08175939091552,162.85513261148026,0.0,0,162.85513261148026,801.7698103036015,-638.9146776921212,False,150.0,150.0
2022-01-07,1,17830.5,17810.3496,17850.0,50,0.0,0.2925199109362438,50.7977238732472,150.0,150.0,39.60039999999862,559.8661936624289,-1768.9091397555312,18,-1209.0429460931023,1729.3343536201678,-2938.37729971327,False,150.0,150.0
2022-01-11,1,18021.5,18058.0996,18000.0,50,3.0,0.1686945707676932,118.25391385406056,150.0,150.0,112.9354457716945,265.92340411830264,0.0,0,265.92340411830264,801.8102920902741,-535.8868879719714,False,150.0,150.0
2022-01-12,1,18162.1992,18215.0996,18150.0,50,2.0,0.170915644611232,112.28317368338958,150.0,150.0,102.4808412493312,490.11662170291856,0.0,0,490.11662170291856,801.0117937265095,-310.89517202359093,False,150.0,150.0
2022-01-13,1,18237.5,18269.5,18250.0,50,1.0,0.1557001281389967,94.46268944524809,150.0,150.0,28.569095423662837,3294.679701079262,-2073.627112831735,9,1221.0525882475272,1211.535943425918,9.516644821609134,True,150.0,150.0
2022-01-14,1,18132.8008,18255.0,18150.0,50,0.0,0.2721413554204628,47.87597821772205,150.0,150.0,104.95,-2853.7010891138975,1416.3263534724247,13,-1437.3747356414729,1484.5944953406856,-2921.9692309821585,False,150.0,150.0
2022-01-18,1,18349.3008,18097.5996,18350.0,50,3.0,0.1520999875711277,115.530047134087,150.0,150.0,129.23770607677073,-685.3829471341868,0.0,0,-685.3829471341868,802.0738457470492,-1487.456792881236,False,150.0,150.0
2022-01-19,1,18053.5996,17945.25,18050.0,50,2.0,0.1818025019904597,114.17927675383544,150.0,150.0,108.87366610037589,265.28053267297764,0.0,0,265.28053267297764,801.3569235898873,-536.0763909169096,False,150.0,150.0
2022-01-21,1,17566.75,17614.25,17550.0,50,0.0,0.3070482275867835,51.62584600854527,150.0,150.0,64.2,-628.7076995727368,-4341.224079603213,16,-4969.9317791759495,1821.3202770033483,-6791.252056179298,False,150.0,150.0
2022-01-25,1,16856.9492,17287.1992,16850.0,50,3.0,0.2545935961278155,188.0093179193036,250.0,250.0,217.14954221778834,-1457.0112149242364,0.0,0,-1457.0112149242364,810.604950626467,-2267.6161655507035,False,250.0,250.0
2022-01-31,1,17311.25,17339.0996,17300.0,50,6.0,0.2847691537300124,327.2372902603115,450.0,450.0,317.2481126778698,499.4588791220849,0.0,0,499.4588791220849,824.9435170973194,-325.4846379752345,False,450.0,450.0
2022-02-01,1,17498.0,17563.1992,17500.0,50,3.0,0.3757794402679428,241.0223774217584,300.0,300.0,229.60263923552475,570.9869093116822,0.0,0,570.9869093116822,815.3000008504282,-244.313091538746,False,300.0,300.0
2022-02-15,1,16983.1504,17351.5996,17000.0,50,3.0,0.286415803474374,195.03929722697922,250.0,250.0,206.50025432514508,-573.0478549082932,0.0,0,-573.0478549082932,810.8610553559363,-1383.9089102642295,False,250.0,250.0
2022-02-22,1,16919.6504,17096.9004,16900.0,50,3.0,0.2420327464817092,185.2545454132087,250.0,250.0,185.4646368448109,-10.504571580111133,0.0,0,-10.504571580111133,809.4362058514195,-819.9407774315306,False,250.0,250.0
2022-02-23,1,17186.0,17047.75,17200.0,50,2.0,0.2767868552869187,155.94317698319992,200.0,200.0,149.42038095601856,326.13980135906786,0.0,0,326.13980135906786,805.9714854812192,-479.8316841221514,False,200.0,200.0
2022-02-28,1,16459.6992,16799.1992,16450.0,50,6.0,0.281496549793519,296.367688992872,400.0,400.0,305.96367556418454,-479.79932856562755,0.0,0,-479.79932856562755,822.0894182661384,-1301.888746831766,False,400.0,400.0
2022-03-02,1,16613.3496,16607.75,16600.0,50,3.0,0.3606028365576639,235.47417263331772,300.0,300.0,222.64102276062295,641.6574936347388,0.0,0,641.6574936347388,814.6400401639894,-172.9825465292506,False,300.0,300.0
2022-03-04,1,16253.0,16244.6504,16250.0,50,1.0,0.4090585899865254,124.59312354303529,150.0,150.0,54.89417669892782,3484.9473422053734,-1478.8726211410249,3,2006.0747210643485,912.9129065887738,1093.1618144755748,True,150.0,150.0
2022-03-07,1,15858.2998,15867.3496,15850.0,50,6.0,0.2955707616964356,297.48065252152765,400.0,400.0,288.9018229176763,428.9414801925659,0.0,0,428.9414801925659,821.6718392367507,-392.73035904418475,False,400.0,400.0
2022-03-08,1,15806.5,16017.75,15800.0,50,3.0,0.4061522126710042,239.61409642542185,300.0,300.0,233.75158487672297,293.1255774349438,0.0,0,293.1255774349438,815.3087522463416,-522.1831748113977,False,300.0,300.0
2022-03-09,1,16052.5996,16349.6504,16050.0,50,2.0,0.3881347378576174,197.2146721823201,250.0,250.0,199.88522586216914,-133.52768399245178,0.0,0,-133.52768399245178,810.8413950411143,-944.3690790335661,False,250.0,250.0
2022-03-10,1,16677.6992,16615.6504,16700.0,50,1.0,0.3434337930614128,148.8822575896047,200.0,200.0,88.02214003754388,3043.0058776030414,-1503.876199641265,4,1539.1296779617765,1008.1259030004081,531.0037749613683,True,200.0,200.0
2022-03-15,1,16893.25,16668.0996,16900.0,50,3.0,0.3313538031233475,231.2837417751498,300.0,300.0,229.02975594661166,112.69929142690671,0.0,0,112.69929142690671,814.4885999763194,-701.7893085494127,False,300.0,300.0
2022-03-16,1,16892.8008,16978.4492,16900.0,50,2.0,0.3649504675017669,196.72832521507735,250.0,250.0,179.4316098041936,864.8357705441867,0.0,0,864.8357705441867,810.1923106602837,54.643459883903006,True,250.0,250.0
2022-03-17,1,17219.3008,17272.9004,17200.0,50,1.0,0.352254743115045,151.34880366605557,200.0,200.0,80.23345648291651,3555.7673591569533,-1101.769479611481,4,2453.997879545472,1006.6241941454709,1447.3736854000012,True,200.0,200.0
2022-04-08,1,17693.9492,17767.3496,17700.0,50,0.0,0.6346057466557248,88.32341769318555,150.0,150.0,67.29960000000138,1051.1908846592085,-724.9761429480859,5,326.21474171112254,1027.208454249346,-700.9937125382235,False,150.0,150.0
2022-05-20,1,16072.2998,16279.4502,16050.0,50,0.0,0.3408835117937997,53.55487586520536,150.0,150.0,150.0,-4822.256206739732,4482.544184057275,7,-339.71202268245725,1143.7320384694258,-1483.444061151883,False,150.0,150.0
2022-05-26,1,16087.0996,16172.25,16100.0,50,1.0,0.2778992885584012,112.99349323537126,150.0,150.0,73.738808764544,1962.7342235413628,-1693.2313390745549,7,269.5028844668079,1142.8785624544014,-873.3756779875935,False,150.0,150.0
2022-06-14,1,15737.75,15722.5,15750.0,50,3.0,0.2609701681090518,158.21132495249185,200.0,200.0,150.04708818612335,408.2118383184252,0.0,0,408.2118383184252,806.1751597122555,-397.96332139383037,False,200.0,200.0
2022-06-15,1,15721.0498,15693.6504,15700.0,50,2.0,0.2673555757990107,121.70601458852525,150.0,150.0,111.38990388048114,515.8055354022054,0.0,0,515.8055354022054,802.0458132660319,-286.2402778638266,False,150.0,150.0
2022-06-16,1,15843.75,15359.5498,15850.0,50,1.0,0.337639809786342,118.71257471966965,150.0,150.0,149.99999999765532,-1564.3712638992838,0.0,0,-1564.3712638992838,802.95204115694,-2367.323305056224,False,150.0,150.0
2022-07-07,1,16114.2002,16127.4004,16100.0,50,1.0,0.2177376161841675,103.74484137715717,150.0,150.0,37.00232251144134,3337.125943285791,-1022.870098097017,8,2314.255845188774,1178.2226653646956,1136.0331798240784,True,150.0,150.0
2022-07-14,1,16025.7002,15942.5,16050.0,50,1.0,0.2368082946678623,107.21599032020504,150.0,150.0,104.70560771670398,125.51913017505285,-454.38885829312494,5,-328.8697281180721,1045.3977592180122,-1374.2674873360843,False,150.0,150.0
2022-07-28,1,16775.9004,16936.3008,16800.0,50,1.0,0.2269529373617842,107.33163510321174,150.0,150.0,126.17360222732897,-942.0983562058616,1116.5973332638387,5,174.49897705797707,1051.8047747364558,-877.3057976784787,False,150.0,150.0
2022-08-11,1,17690.0,17652.9492,17700.0,50,1.0,0.214240126335062,106.86974229138877,150.0,150.0,51.51425440041177,2767.77439454885,-73.89475785318064,3,2693.8796366956694,938.5841553985313,1755.2954812971382,True,150.0,150.0
2022-08-19,1,17965.5,17765.0,17950.0,50,0.0,0.260226005394943,45.20158492191915,150.0,150.0,150.0,-5239.920753904043,5657.379162247758,17,417.45840834371575,1680.6701625949336,-1263.2117542512178,False,150.0,150.0
2022-09-02,1,17585.75,17550.75,17600.0,50,0.0,0.3669327739300206,59.881101656878,150.0,150.0,49.199999999999996,534.0550828439003,-732.8308589762892,11,-198.77577613238884,1330.2268110470704,-1529.0025871794592,False,150.0,150.0
2022-09-07,1,17557.8496,17617.0996,17550.0,50,2.0,0.2015156058361752,116.6289753529145,150.0,150.0,107.24656056213325,469.120739539062,0.0,0,469.120739539062,801.5082536466093,-332.3875141075473,False,150.0,150.0
2022-09-08,1,17733.75,17796.3496,17750.0,50,1.0,0.2156281958473846,107.31708257387663,150.0,150.0,51.16550435380678,2807.5789110034925,211.58037818060257,5,3019.159289184095,1064.0388629029221,1955.120426281173,True,150.0,150.0
2022-09-15,1,18083.75,17877.5996,18100.0,50,1.0,0.2178958987304941,108.46560563240837,150.0,150.0,149.37400596643056,-2045.4200167011095,578.4252926477639,6,-1466.9947240533456,1043.9032537761143,-2510.8979778294597,False,150.0,150.0
2022-09-20,1,17805.6504,17804.5508,17800.0,50,3.0,0.2227096864068881,156.71014110104898,200.0,200.0,148.11037276148454,429.9884169782217,0.0,0,429.9884169782217,805.9950112153355,-376.00659423711375,False,200.0,200.0
2022-09-21,1,17792.3496,17716.75,17800.0,50,2.0,0.2095298470510169,118.2812253036036,150.0,150.0,110.30587400869172,398.7675647455944,0.0,0,398.7675647455944,801.7341716579774,-402.966606912383,False,150.0,150.0
2022-09-22,1,17626.5508,17623.3008,17650.0,50,1.0,0.3229751842981203,120.63874113045858,150.0,150.0,51.80964607066302,3441.454752989778,-529.0995989241346,4,2912.3551540656435,975.9790769956103,1936.3760770700333,True,150.0,150.0
2022-09-27,1,17131.5996,16999.3008,17150.0,50,3.0,0.2368757445691153,184.8849494215433,250.0,250.0,180.612631010526,213.61592055086476,0.0,0,213.61592055086476,809.2614942405269,-595.6455736896621,False,250.0,250.0
2022-10-13,1,17086.0,17017.8496,17100.0,50,1.0,0.2398237691773102,109.89574704652978,150.0,150.0,81.99184012359065,1395.1953461469564,-222.0795606286265,5,1173.1157855183299,1075.6789704559853,97.43681506234452,True,150.0,150.0
2022-11-03,1,18020.4492,18050.4004,18000.0,50,1.0,0.2242031578766182,109.36504790024446,150.0,150.0,55.046060713434755,2715.9493593404854,36.242150042322464,4,2752.191509382808,1026.869520242365,1725.3219891404428,True,150.0,150.0
2022-11-04,1,18085.5,18124.0996,18100.0,50,0.0,0.233476845412515,41.0326356820573,150.0,150.0,24.049600000001373,849.1517841027962,-1755.005579343706,9,-905.8537952409097,1351.2128940759476,-2257.0666893168573,False,150.0,150.0
2022-11-11,1,18270.5508,18349.4004,18250.0,50,0.0,0.429385699010454,70.6034766408826,150.0,150.0,99.35039999999863,-1437.3461679558013,846.9150262310286,2,-590.4311417247727,939.1100576214551,-1529.5411993462278,False,150.0,150.0
2022-11-18,1,18346.1504,18322.5508,18350.0,50,0.0,0.1894844392454251,32.512215790108165,150.0,150.0,27.39919999999911,255.65078950545282,-24.72488358593546,6,230.92590591951736,1180.6583661163695,-949.7324601968521,False,150.0,150.0
2022-12-02,1,18758.8008,18694.4004,18750.0,50,0.0,0.7377112691150979,98.26491595103653,150.0,150.0,55.54960000000137,2135.7657975517577,-84.62353168462869,2,2051.142265867129,881.0212482953083,1170.1210175718206,True,150.0,150.0
2022-12-09,1,18650.8496,18509.5,18650.0,50,0.0,0.51287422162015,79.96523954192594,150.0,150.0,140.45000000000002,-3024.238022903704,1501.917185901606,3,-1522.320837002098,943.5166468654776,-2465.8374838675754,False,150.0,150.0
2023-01-06,1,17979.4004,17869.8496,18000.0,50,0.0,0.3527460536314174,60.044319423104014,150.0,150.0,130.10039999999864,-3502.8040288447314,3239.48586197244,11,-263.3181668722914,1355.6841467905663,-1619.0023136628577,False,150.0,150.0
2023-01-13,1,17816.3008,17957.8008,17800.0,50,0.0,0.2453312226431444,42.73048116594306,150.0,150.0,150.0,-5363.475941702847,3499.751182502194,23,-1863.7247592006534,1946.564210942579,-3810.2889701432323,False,150.0,150.0
2023-01-30,1,17466.3008,17656.0,17450.0,50,6.0,0.1995630645798519,222.49917457645824,300.0,300.0,224.7903610762046,-114.55932498731727,0.0,0,-114.55932498731727,813.6457739825944,-928.2050989699117,False,300.0,300.0
2023-01-31,1,17614.8008,17685.0,17600.0,50,3.0,0.2486543680587783,160.62347318181037,200.0,200.0,154.07559267744637,327.3940252182001,0.0,0,327.3940252182001,806.4919358738989,-479.0979106556988,False,200.0,200.0
2023-02-01,1,17765.6504,17634.5996,17750.0,50,2.0,0.2869911799253896,126.51583210585068,150.0,150.0,120.53924280245656,298.82946516970605,0.0,0,298.82946516970605,802.7107305850129,-503.88126541530687,False,150.0,150.0
2023-02-02,1,17474.4492,17610.8496,17450.0,50,1.0,0.252960660806857,112.63514654477603,150.0,150.0,136.32739004232826,-1184.6121748776113,700.5212942029466,5,-484.09088067466473,1031.1054898704165,-1515.1963705450812,False,150.0,150.0
2023-02-03,1,17700.5508,17854.3008,17700.0,50,0.0,0.5607794126542286,81.91417263936228,150.0,150.0,150.0,-3404.291368031886,-264.54157626550295,11,-3668.832944297389,1280.7260559717954,-4949.559000269184,False,150.0,150.0
2023-02-10,1,17845.4004,17861.8008,17850.0,50,0.0,0.3717743775201961,60.47874876255776,150.0,150.0,11.750800000000892,2436.397438127843,-1395.510971717922,12,1040.886466409921,1340.922071106399,-300.035604696478,False,150.0,150.0
2023-03-03,1,17457.0508,17591.9004,17450.0,50,0.0,0.4621801099972799,70.96370854083216,150.0,150.0,141.85039999999864,-3544.3345729583243,2005.0413309471332,3,-1539.293242011191,961.3068437130464,-2500.6000857242375,False,150.0,150.0
2023-03-10,1,17397.6504,17409.9004,17400.0,50,0.0,0.29698603449855,48.0320005209427,150.0,150.0,9.850399999998627,1909.0800260472038,-2896.4267044085427,20,-987.346678361339,1832.8125332373252,-2820.159211598664,False,150.0,150.0
2023-03-15,1,17202.5,16964.4492,17200.0,50,2.0,0.1928907984914258,114.54541244853681,150.0,150.0,128.55780382084583,-700.6195686154513,256.0515487991943,2,-444.568019816257,880.5563909768035,-1325.1244107930606,False,150.0,150.0
2023-03-17,1,17101.25,17113.8496,17100.0,50,0.0,0.457059781984426,69.12294256060011,150.0,150.0,13.799600000001375,2766.1671280299365,-2144.52354809572,12,621.6435799342166,1350.9361491539698,-729.2925692197532,False,150.0,150.0
2023-04-10,1,17636.4492,17621.3008,17650.0,50,0.0,0.3048400132777169,50.961757557078485,150.0,150.0,28.64919999999911,1115.6278778539688,-1637.8056936422363,20,-522.1778157882675,1737.3715593989423,-2259.54937518721,False,150.0,150.0
2023-04-17,1,17673.1504,17711.3008,17650.0,50,0.0,0.4504555533593521,71.69403402093246,150.0,150.0,61.250800000000886,522.1617010465789,-260.483981815225,8,261.6777192313539,1168.9840542595825,-907.3063350282287,False,150.0,150.0
2023-04-21,1,17644.1992,17632.5,17650.0,50,0.0,0.1635022705746814,27.241382244041596,150.0,150.0,17.45,489.5691122020798,-1338.1681485227891,10,-848.5990363207093,1401.8920543998813,-2250.4910907205904,False,150.0,150.0
2023-05-04,1,18099.30078125,18263.150390625,18100.0,50,1.0,0.1398418437922374,88.65468359634679,150.0,150.0,144.647662742982,-2799.6489573317604,3068.896674693504,6,269.2477173617435,1089.7477916297353,-820.5000742679917,False,150.0,150.0
2023-05-05,1,18158.5,18071.94921875,18150.0,50,0.0,0.2668714441219345,45.58165732752509,150.0,150.0,78.00078125,-1620.9561961237455,-1616.5452679602895,18,-3237.501464084035,1896.355979348266,-5133.857443432301,False,150.0,150.0
2023-05-12,1,18257.849609375,18315.900390625,18250.0,50,0.0,0.332805560468696,56.13777371090589,150.0,150.0,65.850390625,-485.6308457047056,252.6192129398696,11,-233.011632764836,1329.5372642816542,-1562.5488970464903,False,150.0,150.0
2023-05-19,1,18146.75,18204.25,18150.0,50,0.0,0.3794358531339095,62.38272131484814,150.0,150.0,54.199999999999996,409.13606574240725,-1267.7574908600654,13,-858.6214251176582,1437.6886451146058,-2296.310070232264,False,150.0,150.0
2023-06-01,1,18560.0,18491.35,18550.0,50,1.0,0.1560863597178831,95.26605032421958,150.0,150.0,59.155751054402764,1805.5149634908407,683.0320825299714,5,2488.547046020812,1107.11872403063,1381.4283219901822,True,150.0,150.0
2023-06-02,1,18568.3,18537.25,18550.0,50,0.0,0.2788995225308462,50.14813322315884,150.0,150.0,12.700000000000001,1872.4066611579417,-1491.408585135403,19,380.9980760225387,1648.5302826029965,-1267.5322065804578,False,150.0,150.0
2023-06-08,1,18745.25,18624.6,18750.0,50,1.0,0.1263407639088109,85.33502958308372,150.0,150.0,123.3464367588499,-1900.570358788309,2761.2440632947255,6,860.6737045064165,1122.5728845308506,-261.89918002443414,False,150.0,150.0
2023-06-09,1,18665.1,18564.35,18650.0,50,0.0,0.3649959771102293,62.67460109189568,150.0,150.0,85.60000000000146,-1146.2699454052888,330.56175490573514,10,-815.7081904995537,1322.8998420258956,-2138.6080325254493,False,150.0,150.0
2023-06-16,1,18746.1,18823.0,18750.0,50,0.0,0.3635361331282183,61.85893049481194,150.0,150.0,72.95,-554.553475259403,189.2709688495379,12,-365.28250640986505,1374.17411243502,-1739.4566188448853,False,150.0,150.0
2023-06-23,1,18702.3,18666.85,18700.0,50,0.0,0.4234791238000616,69.84357673805835,150.0,150.0,33.10000000000145,1837.1788369028448,-1093.1299278277002,11,744.0489090751446,1280.6048391771715,-536.5559301020269,False,150.0,150.0
2023-07-06,1,19400.9,19505.45,19400.0,50,1.0,0.1303745559370144,88.6172934121737,150.0,150.0,104.92799082117858,-815.5348704502444,1607.272404565243,6,791.7375341149987,1156.5113084055529,-364.77377429055423,False,150.0,150.0
2023-07-07,1,19450.6,19325.65,19450.0,50,0.0,0.288970796377398,51.97898835182281,150.0,150.0,124.29999999999855,-3616.0505824087872,1485.8531699397136,13,-2130.1974124690737,1514.6073111118026,-3644.8047235808763,False,150.0,150.0
2023-07-14,1,19492.75,19566.45,19500.0,50,0.0,0.2290745795471593,42.00754742363133,150.0,150.0,66.40000000000073,-1219.62262881847,-1720.9127030005911,22,-2940.535331819061,2064.9080661906723,-5005.443398009733,False,150.0,150.0
2023-08-03,1,19487.45,19390.1,19500.0,50,1.0,0.1620330255990848,99.29718938477299,150.0,150.0,108.13646362355166,-441.96371193893356,164.57335669570602,4,-277.39035524322753,1031.499345326998,-1308.8897005702256,False,150.0,150.0
2023-08-04,1,19483.35,19530.9,19500.0,50,0.0,0.4298472443548963,73.66970802809305,150.0,150.0,30.850000000001454,2140.98540140458,-1423.6158831562498,10,717.3695182483302,1260.880842380142,-543.5113241318118,False,150.0,150.0
2023-08-11,1,19494.85,19415.85,19500.0,50,0.0,0.3376527361525222,60.09243593254013,150.0,150.0,84.10000000000146,-1200.3782033730665,827.0988890862791,9,-373.27931428678744,1253.2310390411303,-1626.5103533279178,False,150.0,150.0
2023-08-18,1,19306.85,19316.35,19300.0,50,0.0,0.155295038879849,28.426202647417448,150.0,150.0,16.299999999998544,606.3101323709452,-3097.854507051874,28,-2491.5443746809287,2395.689365898422,-4887.2337405793505,False,150.0,150.0
2023-09-13,1,19984.6,20067.65,20000.0,50,2.0,0.1196870993124321,102.33502549147124,150.0,150.0,93.51066626574402,441.21796128636106,-108.9079981657269,2,332.30996312063417,884.9511838831193,-552.6412207624851,False,150.0,150.0
2023-09-14,1,20131.5,20102.1,20150.0,50,1.0,0.1397508914070204,94.24384308651634,150.0,150.0,49.08444419412003,2257.969944619815,-1144.1375453121727,5,1113.8323993076424,1096.2917477061462,17.540651601496165,True,150.0,150.0
2023-09-15,1,20155.8,20185.75,20150.0,50,0.0,0.2525363156618549,47.51503017609325,150.0,150.0,35.699999999999996,590.7515088046626,-1280.683615102782,19,-689.9321062981193,1798.747723852333,-2488.6798301504523,False,150.0,150.0
2023-09-21,1,19821.9,19747.0,19800.0,50,1.0,0.1251995790796354,88.30961059059655,150.0,150.0,53.28971403399381,1750.994827830137,-620.0327623386402,6,1130.9620654914968,1140.251865596369,-9.289800104872256,False,150.0,150.0
2023-09-22,1,19776.3,19663.65,19800.0,50,0.0,0.3018391387118027,57.84013574800517,150.0,150.0,136.29999999999856,-3922.9932125996697,1689.632572206785,13,-2233.3606403928848,1479.5809828683557,-3712.9416232612402,False,150.0,150.0
2023-10-11,1,19790.3,19809.85,19800.0,50,2.0,0.1287602527393028,104.8512623774127,150.0,150.0,90.11114908407717,737.0056646667763,0.0,0,737.0056646667763,800.0370549027738,-63.03139023599749,False,150.0,150.0
2023-10-12,1,19826.15,19799.2,19850.0,50,1.0,0.1269601852400228,89.26325883073878,150.0,150.0,51.24148138674493,1901.0888721996923,-318.42284212470986,6,1582.6660300749825,1161.3287396545618,421.3372904204207,True,150.0,150.0
2023-10-13,1,19714.6,19755.6,19700.0,50,0.0,0.2875689762411638,53.54770705210295,150.0,150.0,55.54999999999854,-100.11464739477951,-186.84195806039497,13,-286.9566054551745,1461.401534892023,-1748.3581403471974,False,150.0,150.0
2023-10-17,1,19815.4,19810.4,19800.0,50,3.0,0.117081002430059,109.10488893951606,150.0,150.0,101.28329322637501,391.0797856570525,0.0,0,391.0797856570525,800.7168759880315,-409.63709033097894,False,150.0,150.0
2023-10-18,1,19786.3,19672.05,19800.0,50,2.0,0.1127611985383555,99.2920665321999,150.0,150.0,107.60297686468598,-415.5455166243044,226.3452311680594,2,-189.200285456245,892.220176413898,-1081.420461870143,False,150.0,150.0
2023-10-19,1,19539.0,19622.1,19550.0,50,1.0,0.1230925451917573,86.30041911626995,150.0,150.0,72.0658536846342,711.7282715817872,-665.4597522355616,6,46.26851934622562,1148.7489249673486,-1102.4804056211228,False,150.0,150.0
2023-10-20,1,19562.9,19546.4,19550.0,50,0.0,0.1582048329664394,30.60690020173424,150.0,150.0,3.5499999999985445,1352.845010086785,-3690.0318544068723,29,-2337.1868443200874,2477.5217738708484,-4814.708618190936,False,150.0,150.0
2023-11-03,1,19248.35,19227.85,19250.0,50,0.0,0.6449613671423867,93.1840660918997,150.0,150.0,22.100000000001454,3554.203304594912,0.0,0,3554.203304594912,797.0590278507859,2757.144276744126,True,150.0,150.0
2023-11-09,1,19413.3,19393.1,19400.0,50,1.0,0.1300660941889509,88.74406856932092,150.0,150.0,21.687425934018755,3352.8321317651075,-412.4382477774561,3,2940.3938839876514,917.4458280483459,2022.9480559393055,True,150.0,150.0
2023-11-10,1,19353.85,19425.4,19350.0,50,0.0,0.5681558983726426,87.20462445423436,150.0,150.0,75.35000000000146,592.7312227116453,295.6405655159906,2,888.3717882276359,883.9264229124447,4.445365315191225,True,150.0,150.0
2023-11-17,1,19739.25,19740.95,19750.0,50,0.0,0.1958964376011863,37.03414567812015,150.0,150.0,8.999999999999273,1401.7072839060436,-1841.3630296897609,23,-439.6557457837173,1968.593573445297,-2408.249319229014,False,150.0,150.0
2023-11-24,1,19816.05,19792.3,19800.0,50,0.0,0.2516624381719158,48.02974478925718,150.0,150.0,7.650000000000728,2018.9872394628223,-873.8769973904564,13,1145.110242072366,1393.7724002807086,-248.6621582083426,False,150.0,150.0
2023-12-04,1,20528.6,20678.3,20550.0,50,6.0,0.1180486531602218,121.764398162225,150.0,150.0,121.96885620125977,-10.222901951738095,0.0,0,-10.222901951738095,802.3657752066184,-812.5886771583565,False,150.0,150.0
2023-12-05,1,20724.4,20857.75,20700.0,50,3.0,0.1438968548877164,117.69951468066938,150.0,150.0,119.08274884431921,-69.16170818249157,0.0,0,-69.16170818249157,801.9482314167452,-871.1099395992368,False,150.0,150.0
2023-12-06,1,20933.45,20939.35,20950.0,50,2.0,0.1475230208365246,112.21523188232459,150.0,150.0,99.14964590909722,653.2792986613686,0.0,0,653.2792986613686,800.9069990883434,-147.6277004269748,False,150.0,150.0
2023-12-07,1,20866.15,20902.75,20850.0,50,1.0,0.1586533767590299,101.3487781905983,150.0,150.0,54.58531930907784,2338.1729440760228,-381.57961593323853,5,1956.5933281427842,1095.0903219831766,861.5030061596076,True,150.0,150.0
2023-12-08,1,20946.4,20978.15,20950.0,50,0.0,0.7640197268920016,104.50024484154346,150.0,150.0,28.100000000001454,3820.0122420771004,0.0,0,3820.0122420771004,798.1608019705005,3021.8514401066,True,150.0,150.0
2023-12-14,1,21108.8,21172.45,21100.0,50,1.0,0.1636709259590134,103.05090992215537,150.0,150.0,72.80001213837376,1512.5448891890805,-661.4701931094751,6,851.0746960796055,1158.791532572088,-307.71683649248257,False,150.0,150.0
2023-12-15,1,21266.8,21457.45,21250.0,50,0.0,0.8854695534938947,110.84123375353556,150.0,150.0,150.0,-1957.938312323222,0.0,0,-1957.938312323222,802.3100152311072,-2760.248327554329,False,150.0,150.0
2023-12-22,1,21290.75,21354.3,21300.0,50,0.0,0.5173533161031082,87.43707039289256,150.0,150.0,54.24999999999927,1659.3535196446649,-2601.2504921923974,10,-941.8969725477325,1318.4168579259508,-2260.313830473683,False,150.0,150.0
2024-01-05,1,21742.25,21715.1,21750.0,50,0.0,0.727349828700535,104.04946778816975,150.0,150.0,34.85000000000145,3459.973389408415,-518.4587215610372,2,2941.514667847378,886.8308111043552,2054.6838567430227,True,150.0,150.0
2024-01-12,1,21734.3,21876.55,21750.0,50,0.0,0.2639327815221622,54.33444514313203,150.0,150.0,126.49999999999928,-3608.2777428433624,3012.6965670774225,8,-595.5811757659399,1306.8096519875583,-1902.3908277534981,False,150.0,150.0
2024-01-19,1,21645.55,21619.75,21650.0,50,0.0,0.4556003055768086,81.6254465459765,150.0,150.0,30.2,2571.272327298825,-1169.7343736369512,7,1401.5379536618739,1129.8395324565158,271.69842120535804,True,150.0,150.0
2024-01-31,1,21477.95,21727.65,21500.0,50,2.0,0.2414581775804981,187.43098532744716,250.0,250.0,186.88934398324943,27.082067209886418,57.61148988030618,2,84.6935570901926,897.1804670172507,-812.4869099270582,False,250.0,250.0
2024-02-01,1,21715.25,21681.45,21700.0,50,1.0,0.2892688546562566,123.16513695539561,150.0,150.0,53.83022653130401,3466.74552120458,0.0,0,3466.74552120458,800.449835995267,2666.295685209313,True,150.0,150.0
2024-02-02,1,21918.55,21855.7,21900.0,50,0.0,0.2453555800160393,51.86808285903702,150.0,150.0,44.24999999999927,380.9041429518874,-3152.914106233162,30,-2772.0099632812744,2606.7879997664118,-5378.797963047686,False,150.0,150.0
2024-02-09,1,21681.4,21782.8,21700.0,50,0.0,0.4839843417843804,85.44392760618234,150.0,150.0,82.74999999999928,134.69638030915334,-1983.9937892723829,13,-1849.2974089632296,1438.6769124689586,-3287.974321432188,False,150.0,150.0
2024-02-16,1,22004.9,22036.4,22000.0,50,0.0,0.4577954654255881,82.71959266688691,150.0,150.0,36.35000000000145,2318.4796333442728,-9.275056657817913,2,2309.204576686455,893.8717124437194,1415.3328642427355,True,150.0,150.0
2024-03-11,1,22496.5,22323.7,22500.0,50,0.0,0.2534111176570877,52.742188895986686,150.0,150.0,150.0,-4862.890555200665,4799.960299074883,9,-62.93025612578276,1319.9996365924198,-1382.9298927182026,False,150.0,150.0
2024-03-14,1,21930.65,22144.25,21950.0,50,1.0,0.2213728044135495,115.80180702117559,150.0,150.0,144.49486824987616,-1434.6530614350286,26.409574518329464,3,-1408.243486916699,957.5647653067101,-2365.808252223409,False,150.0,150.0
2024-03-15,1,22089.5,22009.2,22100.0,50,0.0,0.497227122685872,87.33393060319531,150.0,150.0,90.74999999999928,-170.80346984019812,272.93695841910085,2,102.13348857890273,917.2869113878792,-815.1534228089764,False,150.0,150.0
2024-03-22,1,21966.15,22079.65,21950.0,50,0.0,0.4538853816734627,82.60343034379594,150.0,150.0,129.60000000000147,-2349.828482810277,385.43889656377723,5,-1964.3895862464997,1090.4231146485429,-3054.8127008950423,False,150.0,150.0
2024-04-05,1,22464.3,22515.45,22450.0,50,0.0,0.4640416988683864,84.77972396294808,150.0,150.0,65.40000000000073,968.9861981473676,246.607224029809,2,1215.5934221771768,891.1762553748611,324.4171668023157,True,150.0,150.0
2024-04-12,1,22704.2,22515.85,22700.0,50,0.0,0.2193013138556853,46.422881400497474,150.0,150.0,150.0,-5178.855929975126,1251.2170050413697,13,-3927.6389249337562,1680.867875006088,-5608.506799939844,False,150.0,150.0
2024-04-19,1,21811.4,22162.3,21800.0,50,0.0,0.2697165673924611,54.883560024230945,150.0,150.0,150.0,-4755.821998788453,5126.639576138448,4,370.8175773499952,1064.5526940071886,-693.7351166571934,False,150.0,150.0
2024-05-03,1,22769.6,22490.6,22750.0,25,0.0,0.4264290169114245,81.48591594008849,150.0,150.0,150.0,-1712.8521014977878,1651.1789191363569,6,-61.67318236143092,715.4949011205665,-777.1680834819974,False,150.0,150.0
2024-05-10,1,21970.45,22054.6,21950.0,25,0.0,0.6332802399760111,98.76785174725501,150.0,150.0,104.54999999999855,-144.55370631858847,22.860134683927754,2,-121.69357163466071,569.0157899146891,-690.7093615493498,False,150.0,150.0
2024-05-17,1,22393.25,22474.4,22400.0,25,0.0,0.2442785842576995,50.94545266376133,150.0,150.0,74.35000000000146,-585.1136834060032,70.98514375038212,11,-514.1285396556211,973.0882060848485,-1487.2167457404696,False,150.0,150.0
2024-06-03,1,23145.6,23264.7,23150.0,25,6.0,0.3634148224396631,266.9368390337004,300.0,300.0,264.1175252432022,70.48284476245499,0.0,0,70.48284476245499,503.6210424702025,-433.1381977077475,False,300.0,300.0
2024-06-04,1,22850.4,21949.7,22850.0,25,3.0,0.4085838119639083,181.2365073423407,200.0,200.0,190.51776946655173,-232.03155310527563,0.0,0,-232.03155310527563,499.0295163313169,-731.0610694365926,False,200.0,200.0
2024-06-05,1,21969.4,22635.85,21950.0,25,2.0,0.4618874316709115,371.80976903246756,500.0,500.0,411.9684982781098,-1003.9682311410559,346.09030325035565,2,-657.8779278907002,578.2322399744129,-1236.110167865113,False,500.0,500.0
2024-07-04,1,24346.05,24302.65,24350.0,25,1.0,0.1555645488807931,106.77982638282992,150.0,150.0,51.73085137744029,1376.224375134741,34.108182501164265,4,1410.3325576359052,697.6514662490833,712.6810913868219,True,150.0,150.0
2024-07-05,1,24202.45,24342.05,24200.0,25,0.0,0.2222088328795507,49.89472027461903,150.0,150.0,141.9999999999993,-2302.6319931345065,447.52127401315374,15,-1855.1107191213528,1167.205471325516,-3022.316190446869,False,150.0,150.0
2024-07-09,1,24367.95,24434.05,24350.0,25,3.0,0.1692453865660354,126.31183723020513,150.0,150.0,122.38834683554342,98.08725986654281,0.0,0,98.08725986654281,495.77459289882336,-397.68733303228055,False,150.0,150.0
2024-07-10,1,24395.3,24330.85,24400.0,25,2.0,0.1836269380012526,123.39283414832153,150.0,150.0,115.09019617627473,207.5659493011699,0.0,0,207.5659493011699,495.54682445618994,-287.98087515502004,False,150.0,150.0
2024-07-11,1,24356.0,24328.65,24350.0,25,1.0,0.2044626029068603,116.48069123218647,150.0,150.0,44.84757841407229,1790.8278204528547,-383.7890160144889,3,1407.0388044383658,627.710643659375,779.3281607789908,True,150.0,150.0
2024-07-12,1,24354.6,24491.15,24350.0,25,0.0,0.374615476964973,77.48921257084476,150.0,150.0,141.10000000000147,-1590.269685728918,1134.738829399139,11,-455.530856329779,926.5182741996507,-1382.0491305294297,False,150.0,150.0
2024-07-18,1,24567.3,24801.7,24550.0,25,2.0,0.183860943657346,123.60393376180673,150.0,150.0,128.1714014162119,-114.18669136012909,0.0,0,-114.18669136012909,495.7503108812389,-609.937002241368,False,150.0,150.0
2024-07-23,1,24547.55,24460.65,24550.0,25,3.0,0.244250080534257,170.975320463529,200.0,200.0,165.7061552530913,131.72913026094193,0.0,0,131.72913026094193,498.2414084546868,-366.51227819374486,False,200.0,200.0
2024-08-01,1,25052.9,25018.7,25050.0,25,1.0,0.2173318474693223,119.20810782725675,150.0,150.0,51.711901716493074,1687.405152769092,-493.70895723695867,5,1193.6961955321333,683.5810005525401,510.1151949795932,True,150.0,150.0
2024-08-02,1,24829.9,24727.9,24850.0,25,0.0,0.6275753962760792,103.6783280726977,150.0,150.0,122.04999999999855,-459.2917981825213,58.183906979102176,2,-401.1078912034191,567.4029353254957,-968.5108265289148,False,150.0,150.0
2024-08-06,1,24337.5,23973.55,24350.0,25,3.0,0.2343123280862346,202.73788859059732,250.0,250.0,211.12976508808515,-209.79691243719572,0.0,0,-209.79691243719572,500.2134636168458,-710.0103760540414,False,250.0,250.0
2024-08-22,1,24826.4,24810.6,24850.0,25,1.0,0.2748931231489405,125.32058489370229,150.0,150.0,63.524702448856885,1544.897061121135,-19.711257419272442,2,1525.1858037018626,566.0010529437558,959.1847507581068,True,150.0,150.0
2024-08-30,1,25239.6,25242.4,25250.0,25,0.0,0.3139847211865709,70.22692846945847,150.0,150.0,7.549999999998545,1566.9232117364982,-495.58098103867087,7,1071.3422306978273,768.921007049677,302.4212236481503,True,150.0,150.0
2024-09-05,1,25241.15,25152.7,25250.0,25,1.0,0.3114768808381631,128.44212179209535,150.0,150.0,93.90249224536929,863.4907386681515,40.60248369068722,3,904.0932223588387,616.858545394905,287.2346769639337,True,150.0,150.0
2024-09-06,1,25089.1,24853.05,25100.0,25,0.0,0.4382428802037611,87.39768305423013,150.0,150.0,150.0,-1565.0579236442468,1144.7891109384218,5,-420.268812705825,681.2151767506086,-1101.4839894564336,False,150.0,150.0
2024-09-13,1,25343.3,25354.45,25350.0,25,0.0,0.8523600115114821,115.52633775030972,150.0,150.0,4.400000000000728,2778.158443757725,0.0,0,2778.158443757725,493.57700186930197,2284.581441888423,True,150.0,150.0
2024-09-19,1,25553.65,25426.25,25550.0,25,1.0,0.2206930229114369,120.2256910114329,150.0,150.0,111.85788158687167,209.19523561403076,-291.5147582325735,4,-82.31952261854275,667.3352504108514,-749.6547730293942,False,150.0,150.0
2024-09-20,1,25493.15,25792.85,25500.0,25,0.0,1.208021954060532,125.46405236455394,150.0,150.0,150.0,-613.3986908861516,0.0,0,-613.3986908861516,496.1513627155574,-1109.550053601709,False,150.0,150.0
2024-09-26,1,26033.15,26207.55,26050.0,25,1.0,0.2441962308855727,123.52911632974792,150.0,150.0,127.24300315356085,-92.84717059532319,339.11836144930567,3,246.2711908539825,626.5767354096095,-380.30554455562697,False,150.0,150.0
2024-10-03,1,25530.0,25258.45,25550.0,25,2.0,0.2855164658883586,133.50142446265454,150.0,150.0,132.82198952949966,16.985873328872003,0.0,0,16.985873328872003,496.2232374321639,-479.2373641032919,False,150.0,150.0
2024-10-04,1,25168.55,25020.95,25150.0,25,0.0,1.4474541248520834,129.16031500311146,150.0,150.0,128.9999999999993,4.007875077804357,0.0,0,4.007875077804357,495.9892580466144,-491.98138296881007,False,150.0,150.0
2024-10-08,1,24780.1,25010.95,24800.0,25,3.0,0.2850613558804615,245.02702815658813,300.0,300.0,238.39949060332492,165.68843883158024,0.0,0,165.68843883158024,502.3443711870591,-336.65593235547885,False,300.0,300.0
2024-10-10,1,25051.2,24998.55,25050.0,25,1.0,0.4233741618180646,171.56114570148202,200.0,200.0,92.81767165714763,1968.5868511083597,0.0,0,1968.5868511083597,497.17944368808304,1471.4074074202767,True,200.0,200.0
2024-10-11,1,24953.2,24962.75,24950.0,25,0.0,0.4291967769106849,85.86132634720343,150.0,150.0,12.700000000000001,1829.0331586800858,-148.06097051413462,3,1680.9721881659511,588.265991462717,1092.7061967032341,True,150.0,150.0
2024-10-17,1,24957.05,24759.35,24950.0,25,1.0,0.3480603517079725,130.4300363523671,150.0,150.0,131.81967789897288,-34.741038665144686,-63.64448360737879,2,-98.38552227252347,567.3078749192266,-665.6933971917501,False,150.0,150.0
2024-10-18,1,24607.35,24842.85,24600.0,25,0.0,1.6981247017299754,131.7838108526339,150.0,150.0,150.0,-455.40472868415236,0.0,0,-455.40472868415236,496.40909826609754,-951.8138269502499,False,150.0,150.0
2024-11-08,1,24085.9,24156.05,24100.0,25,0.0,1.743934259251691,131.9054774818942,150.0,150.0,55.99999999999927,1897.6369370473733,0.0,0,1897.6369370473733,495.0136951354053,1402.6232419119679,True,150.0,150.0
2024-11-14,1,23604.9,23540.15,23600.0,25,1.0,0.3939635850070043,167.66294535839188,200.0,200.0,88.50553169312482,1978.9353416316765,-41.02118785631319,2,1937.9141537753633,569.9868305713374,1367.927323204026,True,200.0,200.0
2024-11-18,1,23531.6,23453.55,23550.0,25,0.0,1.011953500774689,118.64789329358973,150.0,150.0,96.40000000000073,556.197332339725,0.0,0,556.197332339725,495.0748767082458,61.12245563147917,True,150.0,150.0
2024-11-29,1,23969.55,24127.25,23950.0,75,0.0,1.7530942047899587,131.88242573956995,150.0,150.0,150.0,-1358.8180695322535,0.0,0,-1358.8180695322535,1111.639360083172,-2470.4574296154256,False,150.0,150.0
2024-12-05,1,24497.7,24751.0,24500.0,75,1.0,0.39402569394093,132.36670048283304,150.0,150.0,141.76507441509688,-704.8780449197877,1521.715856986877,2,816.8378120670893,1230.2588257575871,-413.42101369049783,False,150.0,150.0
2024-12-06,1,24689.05,24685.9,24700.0,75,0.0,1.5667386653786526,130.3714217059969,150.0,150.0,14.049999999998546,8724.106627949877,0.0,0,8724.106627949877,1105.3785471421743,7618.728080807703,True,150.0,150.0
2024-12-13,1,24470.0,24771.45,24450.0,75,0.0,1.9292972837528213,133.84596699854956,150.0,150.0,150.0,-1211.5524751087833,0.0,0,-1211.5524751087833,1111.879594447355,-2323.4320695561382,False,150.0,150.0
2024-12-19,1,23919.5,23945.55,23900.0,75,1.0,0.4220788769936188,133.11912789140297,150.0,150.0,81.65665809785105,3859.685234516394,0.0,0,3859.685234516394,1108.7362326917316,2750.9490018246624,True,150.0,150.0
2024-12-20,1,23925.5,23539.3,23950.0,75,0.0,1.752818579687737,131.90335179296926,150.0,150.0,150.0,-1357.2486155273054,0.0,0,-1357.2486155273054,1111.6419203334904,-2468.890535860796,False,150.0,150.0
2024-12-27,1,23822.9,23807.7,23800.0,75,0.0,0.6689709116285668,104.56803195197153,150.0,150.0,7.650000000000728,7268.8523963978105,-1126.9886256476748,2,6141.863770750136,1216.571431174294,4925.292339575842,True,150.0,150.0
2025-01-02,1,23788.2,24186.25,23800.0,75,1.0,0.4220307219633832,133.05058468879906,150.0,150.0,149.51516966804775,-1234.8438734436513,0.0,0,-1234.8438734436513,1111.760613130602,-2346.6044865742533,False,150.0,150.0
2025-01-03,1,24176.05,24008.05,24200.0,75,0.0,0.9147053486807272,116.43940902278882,150.0,150.0,150.0,-2517.0443232908383,0.0,0,-2517.0443232908383,1109.7499455954157,-3626.794268886254,False,150.0,150.0
2025-01-10,1,23561.2,23412.2,23550.0,75,0.0,1.2622126616584135,124.59955328081014,150.0,150.0,137.7499999999993,-986.2835039391861,0.0,0,-986.2835039391861,1110.2008357200239,-2096.48433965921,False,150.0,150.0
2025-01-17,1,23178.2,23196.65,23200.0,75,0.0,0.4308292611176147,83.1892532801146,150.0,150.0,3.2999999999985445,5991.693996008704,-5699.063865903765,15,292.63013010493887,2109.0768072822157,-1816.4466771772768,False,150.0,150.0
2025-01-24,1,23275.8,23077.5,23300.0,75,0.0,0.8874230471020564,114.23524286213433,150.0,150.0,150.0,-2682.3567853399254,0.0,0,-2682.3567853399254,1109.480271376075,-3791.8370567160005,False,150.0,150.0
2025-01-31,1,23301.2,23515.15,23300.0,75,0.0,1.423418527138419,127.1594616391094,150.0,150.0,150.0,-1713.0403770667954,0.0,0,-1713.0403770667954,1111.0615172328908,-2824.101894299686,False,150.0,150.0
2025-02-07,1,23583.9,23573.7,23600.0,75,0.0,1.804897834151052,132.14545595886193,150.0,150.0,26.24999999999927,7942.159196914699,0.0,0,7942.159196914699,1106.1408442979268,6836.018352616773,True,150.0,150.0
2025-02-14,1,23092.05,22933.4,23100.0,75,0.0,1.6790516674285754,130.41149787834547,150.0,150.0,150.0,-1469.1376591240896,0.0,0,-1469.1376591240896,1111.459395736671,-2580.5970548607606,False,150.0,150.0
2025-02-28,1,22320.05,22124.65,22300.0,75,0.0,0.7082488086214288,104.17019060045004,150.0,150.0,150.0,-3437.235704966247,750.9620957999141,2,-2686.273609166333,1224.5659186645125,-3910.8395278308453,False,150.0,150.0
2025-03-07,1,22560.35,22556.85,22550.0,75,0.0,0.9679462913842872,115.85981394939517,150.0,150.0,6.799999999998545,8179.486046204747,0.0,0,8179.486046204747,1103.2790675871736,7076.206978617573,True,150.0,150.0
2025-03-17,1,22504.2,22510.5,22500.0,75,0.0,0.9697578260907904,115.83007010337315,150.0,150.0,10.450000000000001,7903.505257752986,0.0,0,7903.505257752986,1103.4385561269723,6800.066701626014,True,150.0,150.0
2025-03-21,1,23195.0,23348.8,23200.0,75,0.0,0.7045780074456706,105.3624702338102,150.0,150.0,148.7499999999993,-3254.064732464182,408.3370571346022,2,-2845.7276753295796,1220.5519375035146,-4066.2796128330942,False,150.0,150.0
2025-03-28,1,23604.9,23543.65,23600.0,75,0.0,0.9208721832698208,115.70226355187515,150.0,150.0,56.29999999999854,4455.169766390745,0.0,0,4455.169766390745,1105.4720704399128,3349.6976959508324,True,150.0,150.0
2025-04-04,1,23094.65,22911.0,23100.0,75,0.0,0.4476833295589313,84.10400888792446,150.0,150.0,150.0,-4942.199333405665,1880.005521187326,7,-3062.193812218339,1587.8540216524623,-4650.047833870802,False,150.0,150.0
2025-04-11,1,22766.05,22830.35,22750.0,75,0.0,0.4782384467078373,87.05113174408007,150.0,150.0,80.29999999999855,506.3348808061139,-3220.1979074312258,8,-2713.863026625112,1645.1549432992583,-4359.017969924371,False,150.0,150.0
2025-04-21,1,23959.4,24114.4,23950.0,75,0.0,0.8762162802601233,114.56822937752804,150.0,150.0,150.0,-2657.382796685397,0.0,0,-2657.382796685397,1109.5210114437673,-3766.903808129164,False,150.0,150.0
2025-04-25,1,24327.35,24052.95,24350.0,75,0.0,0.4559593672817572,88.45315444319431,150.0,150.0,150.0,-4616.0134167604265,5274.00724658469,4,657.9938298242632,1350.795017785685,-692.8011879614219,False,150.0,150.0
2025-05-02,1,24410.3,24367.15,24400.0,75,0.0,0.5832479766802862,99.5551201569674,150.0,150.0,32.79999999999854,5006.634011772665,-2943.2526025303523,6,2063.3814092423127,1479.0317025185532,584.3497067237595,True,150.0,150.0
2025-05-16,1,25003.5,25024.2,25000.0,75,0.0,0.5570242698630318,98.5164476693717,150.0,150.0,24.150000000000727,5577.483575202823,0.0,0,5577.483575202823,1101.9325649562284,4475.551010246594,True,150.0,150.0
2025-05-23,1,24626.5,24850.75,24650.0,75,0.0,0.6327100569056344,103.77548077569281,150.0,150.0,150.0,-3466.838941823039,1197.1183032672852,2,-2269.720638555754,1225.8494589569386,-3495.5700975126924,False,150.0,150.0
2025-06-06,1,24749.65,25002.1,24750.0,75,0.0,0.4660085226176306,89.58765450260262,150.0,150.0,150.0,-4530.925912304803,1805.424044067273,5,-2725.5018682375303,1491.6676226393852,-4217.169490876915,False,150.0,150.0
2025-06-13,1,24604.6,24725.6,24600.0,75,0.0,1.0943613741593436,122.03921635449387,150.0,150.0,125.54999999999855,-263.30877341285054,0.0,0,-263.30877341285054,1109.3423363979314,-1372.651109810782,False,150.0,150.0
2025-06-20,1,24861.15,25116.6,24850.0,75,0.0,0.8496669777156783,114.78037737883733,150.0,150.0,150.0,-2641.4716965872003,0.0,0,-2641.4716965872003,1109.5469672213571,-3751.0186638085574,False,150.0,150.0
2025-06-27,1,25597.8,25633.0,25600.0,75,0.0,0.8387829244835302,115.31002530663864,150.0,150.0,32.949999999999996,6177.001897997899,0.0,0,6177.001897997899,1104.3805111962038,5072.621386801695,True,150.0,150.0
2025-07-04,1,25411.95,25462.8,25400.0,75,0.0,0.3873028724500909,81.72404146769804,150.0,150.0,62.74999999999927,1423.053110077408,-259.90403716708533,4,1163.1490729103227,1376.5385534465067,-213.389480536184,False,150.0,150.0
2025-07-25,1,24935.05,24844.4,24950.0,75,0.0,0.5768687342153859,100.15619833464007,150.0,150.0,105.54999999999855,-404.5351249018861,254.54189538693754,2,-149.99322951494855,1232.2290372750676,-1382.2222667900162,False,150.0,150.0
2025-08-07,1,24519.2,24592.0,24500.0,75,1.0,0.3177330415742471,128.23201685655295,150.0,150.0,91.03426900750237,2789.831088678793,401.2881637397222,2,3191.1192524185153,1261.9527773659443,1929.166475052571,True,150.0,150.0
2025-08-08,1,24573.35,24349.2,24550.0,75,0.0,0.2699356751469896,62.66432720103478,150.0,150.0,150.0,-6550.175459922391,6127.58868729102,4,-422.5867726313718,1456.9421664179238,-1879.5289390492956,False,150.0,150.0
2025-08-14,1,24640.15,24630.3,24650.0,75,1.0,0.3005710237612947,127.15013268664916,150.0,150.0,61.983741074348075,4887.479370922581,0.0,0,4887.479370922581,1107.1267092068451,3780.3526617157363,True,150.0,150.0
2025-08-18,1,24945.05,24870.15,24950.0,75,0.0,0.7002929449034855,107.98722879426532,150.0,150.0,79.79999999999855,2114.042159570008,0.0,0,2114.042159570008,1105.5784289749063,1008.4637305951019,True,150.0,150.0
2025-08-21,1,25074.7,25081.5,25050.0,75,1.0,0.2858319199038669,126.40371808570399,150.0,150.0,63.00437602561718,4754.950654506511,-268.95282165909884,2,4485.997832847412,1231.6450695774154,3254.352763269996,True,150.0,150.0
2025-08-29,1,24508.7,24406.75,24500.0,75,0.0,1.0925102472351864,121.88904992405242,150.0,150.0,93.2,2151.678744303931,0.0,0,2151.678744303931,1107.8781615355829,1043.8005827683482,True,150.0,150.0
2025-09-03,1,24541.2,24725.35,24550.0,75,0.0,1.583081660610624,130.45108838313354,150.0,150.0,150.0,-1466.1683712649847,0.0,0,-1466.1683712649847,1111.4642395359556,-2577.6326108009403,False,150.0,150.0
2025-09-10,1,24963.0,24978.6,24950.0,75,0.0,0.3673843140108511,78.0878583331073,150.0,150.0,28.549999999998544,3715.339374983157,-1603.1010361889494,8,2112.2383387942077,1625.7236950894412,486.5146437047665,True,150.0,150.0
2025-09-16,1,25107.25,25240.65,25100.0,75,1.0,0.286548539600335,126.46877537420369,150.0,150.0,116.67103879882957,734.8302431530587,617.1530715849949,3,1351.9833147380537,1344.8771594131222,7.106155324931478,True,150.0,150.0
2025-09-17,1,25296.45,25328.3,25300.0,75,0.0,1.3289111238950864,127.4643721948978,150.0,150.0,28.24999999999927,7441.07791461739,0.0,0,7441.07791461739,1105.6575104021153,6335.420404215274,True,150.0,150.0
2025-09-24,1,25092.5,25059.75,25100.0,75,0.0,0.3233739690994843,71.32637830840895,150.0,150.0,40.199999999999996,2334.4783731306716,-1542.516047388257,12,791.9623257424146,1917.4789894519877,-1125.516663709573,False,150.0,150.0
2025-10-08,1,25147.0,25036.4,25150.0,75,0.0,0.9913016397738827,119.90144809196227,150.0,150.0,113.54999999999855,476.35860689727883,0.0,0,476.35860689727883,1108.5444757954313,-632.1858688981524,False,150.0,150.0
2025-10-15,1,25242.0,25327.95,25250.0,75,0.0,0.8103242734586821,113.7195341991328,150.0,150.0,77.90000000000073,2686.465064934905,0.0,0,2686.465064934905,1106.1948464604284,1580.2702184744767,True,150.0,150.0
2025-10-23,1,26003.2,25865.35,26000.0,75,0.0,0.870828553014435,117.00445206461973,150.0,150.0,134.60000000000147,-1319.666095153631,0.0,0,-1319.666095153631,1109.1308126989761,-2428.796907852607,False,150.0,150.0
2025-10-29,1,25980.55,26043.55,26000.0,75,0.0,0.7186293294886127,110.64527968787388,150.0,150.0,43.49999999999927,5035.895976590597,0.0,0,5035.895976590597,1104.281297106612,3931.614679483984,True,150.0,150.0
2025-11-04,1,25754.6,25600.0,25750.0,75,1.0,0.4343431386584416,134.75027143667285,150.0,150.0,114.34577199765286,1530.337457926499,-50.36107386270305,2,1479.9763840637959,1238.5251819680282,241.4512020957677,True,150.0,150.0
2025-11-06,1,25664.1,25500.6,25650.0,75,0.0,0.4115088269719853,85.43559364586372,150.0,150.0,149.35000000000147,-4793.580476560332,2026.848752564285,3,-2766.7317239960466,1344.2139833858184,-4110.945707381865,False,150.0,150.0
2025-11-12,1,25808.6,25884.4,25800.0,75,0.0,1.8757846701564271,134.2448883453144,150.0,150.0,84.35000000000146,3742.1166258984704,0.0,0,3742.1166258984704,1108.9943388518284,2633.1222870466418,True,150.0,150.0
2025-11-19,1,25858.6,26059.1,25850.0,75,0.0,1.5541806922806425,131.0716248805711,150.0,150.0,150.0,-1419.628133957167,0.0,0,-1419.628133957167,1111.5401606250757,-2531.1682945822427,False,150.0,150.0
2025-11-26,1,25969.85,26212.6,25950.0,75,0.0,1.4965397866209966,130.44096676582922,150.0,150.0,150.0,-1466.9274925628088,0.0,0,-1466.9274925628088,1111.4630011813824,-2578.390493744191,False,150.0,150.0
2025-12-02,1,26141.55,26036.75,26150.0,75,1.0,0.4193522519106045,134.45498360472084,150.0,150.0,102.79144290153408,2374.7655527390066,-154.74060768657364,2,2220.024945052433,1236.8855473274898,983.1393977249431,True,150.0,150.0
2025-12-03,1,26029.75,25992.45,26050.0,75,0.0,1.5203653935389596,130.8285953645027,150.0,150.0,57.49999999999927,5499.644652337757,0.0,0,5499.644652337757,1107.3763703213585,4392.268282016399,True,150.0,150.0
2025-12-10,1,25880.4,25760.1,25900.0,75,0.0,1.274159578527324,127.08510831236708,150.0,150.0,139.85000000000147,-957.3668765725791,0.0,0,-957.3668765725791,1110.5987914142474,-2067.9656679868267,False,150.0,150.0
2025-12-17,1,25873.45,25816.35,25850.0,75,0.0,1.547936823009513,131.0117350941564,150.0,150.0,33.60000000000145,7305.880132061621,0.0,0,7305.880132061621,1106.3306262594324,6199.549505802189,True,150.0,150.0
2025-12-24,1,26200.65,26154.8,26200.0,75,0.0,1.4888318212004377,130.5142479321894,150.0,150.0,45.15000000000072,6402.318594914151,0.0,0,6402.318594914151,1106.7859583238835,5295.532636590267,True,150.0,150.0
2026-01-07,1,26128.5,26151.8,26150.0,65,0.0,1.1090481682820243,124.03796709952803,150.0,150.0,1.7499999999992724,7948.717861469369,0.0,0,7948.717861469369,982.0200874474149,6966.6977740219545,True,150.0,150.0
2026-01-21,1,25239.2,25155.0,25250.0,65,0.0,1.4071458555711431,128.65767981221506,150.0,150.0,94.95,2190.999187793979,0.0,0,2190.999187793979,986.1198985750483,1204.8792892189308,True,150.0,150.0
2026-02-25,1,25562.2,25478.5,25550.0,65,0.0,1.3610605754842977,128.19764804718943,150.0,150.0,71.45,3688.597123067313,0.0,0,3688.597123067313,985.1608820868597,2703.4362409804535,True,150.0,150.0
2026-03-04,1,24387.9,24465.95,24400.0,65,0.0,1.6486380608519535,131.10573191500407,150.0,150.0,65.90000000000073,4238.372574475217,0.0,0,4238.372574475217,985.2542683807415,3253.118306094476,True,150.0,150.0
2026-03-10,1,24150.7,24258.0,24150.0,65,1.0,0.4509550925297663,134.34427325208162,150.0,150.0,100.88799165335593,2174.65830391717,-24.530743066919968,2,2150.12756085025,1106.999994729339,1043.127566120911,True,150.0,150.0
2026-03-11,1,24288.8,23861.9,24300.0,65,0.0,0.6509777412796393,104.0874962623866,150.0,150.0,150.0,-2984.3127429448714,3497.113672779058,2,512.8009298341867,1095.203325564628,-582.4023957304412,False,150.0,150.0
2026-03-18,1,23721.6,23792.55,23700.0,65,0.0,0.6910413146158679,105.66540573966995,150.0,150.0,92.49999999999928,855.7513730785938,-215.46735041384818,2,640.2840226647456,1088.3675560725096,-448.083533407764,False,150.0,150.0
2026-03-24,1,22789.8,22898.65,22800.0,65,1.0,0.4728312352346255,172.0243572765621,200.0,200.0,110.83497193422522,3977.310047251898,-194.28208877414,2,3783.027958477758,1098.2211760875011,2684.806782390257,True,200.0,200.0
2026-03-25,1,23162.2,23300.65,23150.0,65,0.0,0.6683058219635859,103.16794619361463,150.0,150.0,150.0,-3044.0834974150494,310.0969546023989,2,-2733.9865428126504,1098.9987567832977,-3832.985299595948,False,150.0,150.0
2026-04-01,1,22888.6,22671.65,22900.0,65,0.0,1.0871858068322764,119.8866605595249,150.0,150.0,150.0,-1957.3670636308816,0.0,0,-1957.3670636308816,987.322147109099,-2944.689210739981,False,150.0,150.0
2026-04-07,1,22773.75,23109.25,22750.0,65,1.0,0.410696540470235,200.13359549641973,250.0,250.0,243.23116375961763,-2801.3419371078635,1033.7228712371725,2,-1767.619065870691,1108.773691238914,-2876.3927571096046,False,250.0,250.0
2026-04-08,1,23898.0,23994.25,23900.0,65,0.0,1.5260345908766615,129.18763674314687,150.0,150.0,94.2,2274.1963883045464,0.0,0,2274.1963883045464,986.1470421682412,1288.0493461363053,True,150.0,150.0
2026-05-06,1,24179.2,24321.35,24200.0,65,0.0,1.444480531546287,128.33943382760026,150.0,150.0,121.29999999999855,457.5631987941113,0.0,0,457.5631987941113,987.1067812461927,-529.5435824520814,False,150.0,150.0
2026-05-13,1,23405.45,23425.7,23400.0,65,0.0,0.7471840065391734,108.00939008523801,150.0,150.0,25.650000000000727,5353.360355540423,-1563.3843168291205,2,3789.976038711303,1086.9341879937758,2703.0418507175273,True,150.0,150.0
2026-05-27,1,23926.0,23902.8,23950.0,65,0.0,0.3909678174974397,80.10552323146999,150.0,150.0,47.15000000000072,2142.109010045502,-1481.0067810984328,10,661.1022289470693,1578.5950749328829,-917.4928459858136,False,150.0,150.0
2026-06-03,1,23299.9,23395.85,23300.0,65,0.0,0.5831407034350559,97.39524178847114,150.0,150.0,95.79999999999855,103.69071625071847,-1116.3771049062489,4,-1012.6863886555304,1225.3162019708752,-2238.0025906264054,False,150.0,150.0
2026-06-10,1,23326.8,23199.7,23350.0,65,0.0,1.376147026005201,126.49880131192458,150.0,150.0,150.0,-1527.5779147249023,0.0,0,-1527.5779147249023,988.0232621477091,-2515.601176872611,False,150.0,150.0
2026-07-08,1,24285.5,23883.35,24300.0,65,0.0,0.5743184668710454,98.79019292881003,150.0,150.0,150.0,-3328.637459627348,3111.126111149577,5,-217.5113484777712,1230.9191976857485,-1448.4305461635197,False,150.0,150.0
2026-07-15,1,24147.65,24077.75,24150.0,65,0.0,0.2504625556105747,55.64291033169411,150.0,150.0,72.2,-1076.210828439883,-2231.856288147159,15,-3308.0671165870417,2109.824459037427,-5417.891575624469,False,150.0,150.0
2026-07-22,1,24096.6,24021.15,24100.0,65,0.0,0.4848750664340332,90.25088904625272,150.0,150.0,78.79999999999855,744.3077880065214,342.8608955987729,2,1087.1686836052943,1098.5949748745036,-11.426291269209287,False,150.0,150.0
2026-08-03,1,24530.15,24573.55,24550.0,65,4.0,0.1598624319722876,161.96482719385858,200.0,200.0,156.64166510388714,346.00553584814406,0.0,0,346.00553584814406,992.0411394043886,-646.0356035562445,False,200.0,200.0
2026-08-05,1,24636.5,24570.2,24650.0,65,0.0,1.0866638149926438,121.93450680517344,150.0,150.0,79.74999999999928,2741.992942336321,0.0,0,2741.992942336321,984.8182610868332,1757.1746812494878,True,150.0,150.0
2026-08-07,1,24593.25,24554.55,24600.0,65,5.0,0.1558138088742271,165.0158944708619,200.0,200.0,161.4867697962136,229.39310385213957,0.0,0,229.39310385213957,992.5523256601723,-763.1592218080327,False,200.0,200.0
2026-08-11,1,24503.5,24450.0,24500.0,65,1.0,0.2146544216619804,118.17564945924914,150.0,150.0,60.0764850039662,3776.4456895933913,37.43443013075739,3,3813.8801197241487,1213.9879572829539,2599.892162441195,True,150.0,150.0
2026-08-12,1,24409.9,24361.7,24400.0,65,0.0,1.443092186353169,128.45929884039833,150.0,150.0,38.24999999999927,5863.60442462594,0.0,0,5863.60442462594,983.9026738978921,4879.701750728048,True,150.0,150.0
2026-08-19,1,24119.75,24048.55,24100.0,65,0.0,0.2874650529352948,64.21955235044459,150.0,150.0,51.40000000000072,833.2709027788511,-353.2950897497358,8,479.97581302911533,1551.4892694196565,-1071.5134563905413,False,150.0,150.0
2026-08-26,1,24316.95,24276.6,24300.0,65,0.0,0.6156670329486951,101.84694319549362,150.0,150.0,23.350000000001454,5102.301307706991,0.0,0,5102.301307706991,980.5037169232626,4121.797590783728,True,150.0,150.0
2026-09-01,1,24042.55,23984.45,24050.0,65,1.0,0.2472668805392459,121.71966339035771,150.0,150.0,72.36403325512147,3208.1159587903558,-361.7431019851938,3,2846.372856805162,1188.1513555404931,1658.2215012646689,True,150.0,150.0
2026-09-02,1,23824.35,23883.5,23800.0,65,0.0,0.236601291806437,55.346671384777935,150.0,150.0,83.45,-1826.7163599894345,1078.0694021454547,9,-748.6469578439799,1657.7673243681102,-2406.4142822120903,False,150.0,150.0
2026-09-09,1,23500.35,23462.4,23500.0,65,0.0,0.5633743152255192,96.20438947679713,150.0,150.0,37.54999999999854,3812.5353159919086,-584.1449421837606,3,3228.390373808148,1115.561194998411,2112.8291788097367,True,150.0,150.0
2026-09-16,1,23247.65,23224.3,23250.0,65,0.0,0.9069084163336082,114.71064794620179,150.0,150.0,25.650000000000727,5788.942116503069,0.0,0,5788.942116503069,981.9568004746516,4806.985316028417,True,150.0,150.0
2026-09-23,1,23407.85,23431.65,23400.0,65,0.0,1.1664838811056688,122.41241366958366,150.0,150.0,31.600000000001454,5902.806888522843,0.0,0,5902.806888522843,983.0039176772475,4919.802970845596,True,150.0,150.0
