date,exit_reason,bars_held,gross_pnl,friction,net_pnl,win
2021-01-04,STOP,22,-1876.5,344.35,-2220.85,False
2021-01-05,EOD,0,2262.75,340.39,1922.36,True
2021-01-06,STOP,3,-1320.0,333.73,-1653.73,False
2021-01-07,STOP,11,-1350.75,330.83,-1681.58,False
2021-01-08,STOP,1,-856.5,322.78,-1179.28,False
2021-01-11,EOD,0,130.5,343.21,-212.71,False
2021-01-12,EOD,0,1575.0,339.04,1235.96,True
2021-01-13,STOP,27,-1490.25,337.49,-1827.74,False
2021-01-14,STOP,5,-2090.25,328.32,-2418.57,False
2021-01-15,STOP,3,-1317.75,324.19,-1641.94,False
2021-01-18,STOP,9,-1673.25,355.31,-2028.56,False
2021-01-19,EOD,0,1938.75,345.94,1592.81,True
2021-01-20,EOD,0,1414.5,336.41,1078.09,True
2021-01-21,STOP,66,-1955.25,329.46,-2284.71,False
2021-01-22,STOP,3,-3134.25,322.56,-3456.81,False
2021-01-25,STOP,6,-2109.0,357.69,-2466.69,False
2021-01-27,STOP,1,-1576.5,341.65,-1918.15,False
2021-01-28,STOP,43,-1625.25,331.19,-1956.44,False
2021-01-29,STOP,2,-516.75,322.52,-839.27,False
2021-02-01,TARGET,75,3719.25,380.19,3339.06,True
2021-02-02,EOD,0,2197.5,355.62,1841.88,True
2021-02-03,STOP,1,-2550.0,344.02,-2894.02,False
2021-02-04,STOP,4,-1821.75,333.61,-2155.36,False
2021-02-05,STOP,3,-612.75,322.89,-935.64,False
2021-02-08,EOD,0,624.75,357.18,267.57,True
2021-02-09,EOD,0,-817.5,347.3,-1164.8,False
2021-02-10,STOP,15,-1716.75,342.5,-2059.25,False
2021-02-11,EOD,0,1859.25,331.55,1527.7,True
2021-02-12,STOP,2,-822.0,323.63,-1145.63,False
2021-02-15,EOD,0,879.75,348.77,530.98,True
2021-02-16,STOP,46,-1792.5,338.79,-2131.29,False
2021-02-17,STOP,52,-1695.0,339.93,-2034.93,False
2021-02-18,STOP,25,-1337.25,331.72,-1668.97,False
2021-02-19,STOP,1,-1313.25,323.75,-1637.0,False
2021-02-22,STOP,12,-1724.25,352.28,-2076.53,False
2021-02-23,EOD,0,-844.5,353.48,-1197.98,False
2021-02-24,EOD,0,1496.25,342.66,1153.59,True
2021-02-25,EOD,0,406.5,334.9,71.6,True
2021-02-26,STOP,1,-2727.75,322.86,-3050.61,False
2021-03-01,EOD,0,690.75,376.74,314.01,True
2021-03-02,EOD,0,695.25,359.18,336.07,True
2021-03-03,EOD,0,2466.0,340.49,2125.51,True
2021-03-04,TARGET,41,2848.5,333.87,2514.63,True
2021-03-05,TARGET,1,160.5,320.04,-159.54,False
2021-03-08,EOD,0,-462.0,367.25,-829.25,False
2021-03-09,EOD,0,747.75,353.76,393.99,True
2021-03-10,STOP,18,-1375.5,334.76,-1710.26,False
2021-03-12,STOP,2,-243.0,321.01,-564.01,False
2021-03-15,STOP,4,-1818.0,363.42,-2181.42,False
2021-03-16,EOD,0,-954.0,353.96,-1307.96,False
2021-03-17,STOP,41,-1700.25,346.43,-2046.68,False
2021-03-18,STOP,16,-1779.75,335.61,-2115.36,False
2021-03-19,STOP,1,-2875.5,326.47,-3201.97,False
2021-03-22,EOD,0,21.0,364.85,-343.85,False
2021-03-23,EOD,0,489.0,350.52,138.48,True
2021-03-24,STOP,20,-1874.25,340.58,-2214.83,False
2021-03-25,STOP,1,-2088.0,339.69,-2427.69,False
2021-03-26,STOP,1,-2125.5,321.47,-2446.97,False
2021-03-30,EOD,0,2462.25,352.91,2109.34,True
2021-03-31,STOP,70,-1629.0,354.45,-1983.45,False
2021-04-01,STOP,19,-1765.5,337.14,-2102.64,False
2021-04-05,STOP,1,-3118.5,327.77,-3446.27,False
2021-04-06,STOP,1,-1921.5,354.63,-2276.13,False
2021-04-07,EOD,0,1376.25,341.03,1035.22,True
2021-04-08,EOD,0,96.75,331.57,-234.82,False
2021-04-09,STOP,1,-2747.25,324.39,-3071.64,False
2021-04-12,STOP,2,-2417.25,351.98,-2769.23,False
2021-04-13,EOD,0,1845.0,352.81,1492.19,True
2021-04-15,STOP,5,-1743.75,337.57,-2081.32,False
2021-04-16,TARGET,4,1050.0,322.24,727.76,True
2021-04-19,EOD,0,681.0,352.46,328.54,True
2021-04-20,STOP,26,-1774.5,354.87,-2129.37,False
2021-04-22,EOD,0,2511.0,337.22,2173.78,True
2021-04-23,TARGET,1,153.0,319.91,-166.91,False
2021-04-26,EOD,0,525.0,365.79,159.21,True
2021-04-27,EOD,0,2007.0,353.88,1653.12,True
2021-04-28,EOD,0,2069.25,340.52,1728.73,True
2021-04-29,STOP,11,-1635.0,336.9,-1971.9,False
2021-04-30,TARGET,1,959.25,321.81,637.44,True
2021-05-03,EOD,0,1593.0,365.83,1227.17,True
2021-05-04,STOP,64,-1925.25,355.39,-2280.64,False
2021-05-05,EOD,0,426.75,345.09,81.66,True
2021-05-06,EOD,0,1218.75,338.78,879.97,True
2021-05-07,TARGET,2,717.0,321.7,395.3,True
2021-05-10,EOD,0,344.25,354.55,-10.3,False
2021-05-11,EOD,0,970.5,340.72,629.78,True
2021-05-12,STOP,3,-1183.5,330.11,-1513.61,False
2021-05-14,STOP,1,-1533.0,320.96,-1853.96,False
2021-05-17,EOD,0,2050.5,350.36,1700.14,True
2021-05-18,EOD,0,779.25,340.84,438.41,True
2021-05-19,EOD,0,-891.0,335.38,-1226.38,False
2021-05-20,STOP,3,-1584.0,333.35,-1917.35,False
2021-05-21,TARGET,6,1680.0,324.76,1355.24,True
2021-05-24,EOD,0,-395.25,346.54,-741.79,False
2021-05-25,STOP,54,-1677.0,342.9,-2019.9,False
2021-05-26,EOD,0,768.75,334.21,434.54,True
2021-05-27,STOP,4,-1167.0,327.37,-1494.37,False
2021-05-28,TARGET,5,185.25,320.12,-134.87,False
2021-05-31,EOD,0,1863.0,345.85,1517.15,True
2021-06-01,STOP,29,-1772.25,342.27,-2114.52,False
2021-06-02,EOD,0,1326.0,332.38,993.62,True
2021-06-03,EOD,0,901.5,327.94,573.56,True
2021-06-04,STOP,1,-1008.75,320.05,-1328.8,False
2021-06-07,EOD,0,409.5,340.33,69.17,True
2021-06-08,STOP,8,-1329.75,335.45,-1665.2,False
2021-06-09,STOP,48,-2671.5,331.25,-3002.75,False
2021-06-10,EOD,0,1531.5,329.74,1201.76,True
2021-06-11,TARGET,4,836.25,321.76,514.49,True
2021-06-14,STOP,3,-2348.25,342.09,-2690.34,False
2021-06-15,EOD,0,-191.25,333.99,-525.24,False
2021-06-16,STOP,14,-1438.5,331.96,-1770.46,False
2021-06-17,EOD,0,854.25,330.21,524.04,True
2021-06-18,STOP,1,-991.5,320.85,-1312.35,False
2021-06-21,EOD,0,3056.25,345.99,2710.26,True
2021-06-22,STOP,73,-1807.5,339.22,-2146.72,False
2021-06-23,STOP,2,-1479.75,333.01,-1812.76,False
2021-06-24,EOD,0,1417.5,331.52,1085.98,True
2021-06-25,STOP,2,-1618.5,323.82,-1942.32,False
2021-06-28,STOP,17,-1599.75,338.48,-1938.23,False
2021-06-29,STOP,36,-1482.75,336.3,-1819.05,False
2021-06-30,STOP,72,-1244.25,331.23,-1575.48,False
2021-07-01,STOP,1,-659.5,249.36,-908.86,False
2021-07-02,STOP,1,-592.5,245.4,-837.9,False
2021-07-05,EOD,0,657.5,255.84,401.66,True
2021-07-06,EOD,0,-19.0,251.27,-270.27,False
2021-07-07,EOD,0,922.5,249.89,672.61,True
2021-07-08,STOP,30,-822.0,248.7,-1070.7,False
2021-07-09,STOP,2,-1575.5,246.95,-1822.45,False
2021-07-12,STOP,50,-1043.0,256.27,-1299.27,False
2021-07-13,EOD,0,245.0,254.98,-9.98,False
2021-07-14,EOD,0,727.5,251.09,476.41,True
2021-07-15,TARGET,37,982.5,247.83,734.67,True
2021-07-16,STOP,1,-471.0,245.29,-716.29,False
2021-07-19,EOD,0,80.0,254.73,-174.73,False
2021-07-20,STOP,5,-865.5,253.13,-1118.63,False
2021-07-22,EOD,0,1396.0,251.87,1144.13,True
2021-07-23,STOP,4,-2605.0,246.0,-2851.0,False
2021-07-26,EOD,0,-605.0,254.66,-859.66,False
2021-07-27,STOP,40,-1057.5,253.64,-1311.14,False
2021-07-28,STOP,1,-1745.5,251.43,-1996.93,False
2021-07-29,EOD,0,420.5,249.54,170.96,True
2021-07-30,STOP,1,-362.5,245.39,-607.89,False
2021-08-02,EOD,0,188.0,255.05,-67.05,False
2021-08-03,TARGET,66,1735.5,253.34,1482.16,True
2021-08-04,EOD,0,923.0,254.36,668.64,True
2021-08-05,STOP,3,-1303.0,250.69,-1553.69,False
2021-08-06,TARGET,10,447.5,245.71,201.79,True
2021-08-09,STOP,53,-1061.0,258.74,-1319.74,False
2021-08-10,STOP,60,-1173.0,255.9,-1428.9,False
2021-08-11,STOP,5,-1126.5,253.95,-1380.45,False
2021-08-12,EOD,0,1087.0,249.77,837.23,True
2021-08-13,TARGET,1,843.0,246.8,596.2,True
2021-08-16,EOD,0,347.0,255.31,91.69,True
2021-08-17,EOD,0,939.0,253.79,685.21,True
2021-08-18,STOP,35,-1008.0,250.77,-1258.77,False
2021-08-20,TARGET,1,564.5,245.77,318.73,True
2021-08-23,STOP,9,-1076.5,260.64,-1337.14,False
2021-08-24,EOD,0,976.5,256.45,720.05,True
2021-08-25,EOD,0,-384.5,251.53,-636.03,False
2021-08-26,EOD,0,184.0,251.07,-67.07,False
2021-08-27,STOP,3,-2242.5,246.84,-2489.34,False
2021-08-30,EOD,0,1640.5,257.64,1382.86,True
2021-08-31,TARGET,71,1929.0,255.43,1673.57,True
2021-09-01,STOP,22,-1137.5,255.42,-1392.92,False
2021-09-02,TARGET,55,1489.5,250.02,1239.48,True
2021-09-03,TARGET,1,389.0,245.38,143.62,True
2021-09-06,EOD,0,-292.5,260.45,-552.95,False
2021-09-07,STOP,10,-1063.0,257.41,-1320.41,False
2021-09-08,STOP,40,-1163.0,255.73,-1418.73,False
2021-09-09,EOD,0,750.0,249.31,500.69,True
2021-09-13,STOP,1,-1218.5,245.28,-1463.78,False
2021-09-14,EOD,0,-501.0,254.59,-755.59,False
2021-09-15,TARGET,67,1837.0,253.13,1583.87,True
2021-09-16,TARGET,64,1366.0,249.19,1116.81,True
2021-09-17,TARGET,2,451.0,245.9,205.1,True
2021-09-20,EOD,0,-875.0,260.72,-1135.72,False
2021-09-21,STOP,24,-1117.5,262.73,-1380.23,False
2021-09-22,EOD,0,-447.5,257.61,-705.11,False
2021-09-23,TARGET,71,2022.5,254.99,1767.51,True
2021-09-24,TARGET,1,588.0,246.17,341.83,True
2021-09-27,STOP,29,-1295.5,265.7,-1561.2,False
2021-09-28,STOP,20,-1057.5,259.7,-1317.2,False
2021-09-29,EOD,0,659.0,256.54,402.46,True
2021-09-30,STOP,3,-916.0,251.96,-1167.96,False
2021-10-01,STOP,1,-1870.5,247.24,-2117.74,False
2021-10-04,EOD,0,754.5,265.4,489.1,True
2021-10-05,EOD,0,1601.0,258.5,1342.5,True
2021-10-06,STOP,13,-963.0,254.34,-1217.34,False
2021-10-07,EOD,0,-93.0,252.64,-345.64,False
2021-10-08,STOP,1,-828.5,246.72,-1075.22,False
2021-10-11,EOD,0,953.0,261.61,691.39,True
2021-10-12,EOD,0,873.5,257.34,616.16,True
2021-10-13,EOD,0,1006.5,256.92,749.58,True
2021-10-14,EOD,0,978.5,253.51,724.99,True
2021-10-18,STOP,1,-1153.0,247.72,-1400.72,False
2021-10-19,STOP,11,-1993.0,262.07,-2255.07,False
2021-10-20,STOP,2,-1432.0,259.49,-1691.49,False
2021-10-21,STOP,2,-938.0,251.97,-1189.97,False
2021-10-22,TARGET,3,1061.0,247.65,813.35,True
2021-10-25,STOP,2,-1365.0,268.87,-1633.87,False
2021-10-26,EOD,0,1286.0,263.44,1022.56,True
2021-10-27,STOP,65,-1259.5,257.78,-1517.28,False
2021-10-28,STOP,4,-1351.5,254.93,-1606.43,False
2021-10-29,STOP,1,-5457.5,247.63,-5705.13,False
2021-11-01,EOD,0,1282.5,265.94,1016.56,True
2021-11-02,STOP,17,-1359.5,260.54,-1620.04,False
2021-11-03,STOP,34,-945.5,253.99,-1199.49,False
2021-11-08,STOP,2,-1398.5,263.85,-1662.35,False
2021-11-09,EOD,0,-394.0,261.31,-655.31,False
2021-11-10,EOD,0,527.0,255.57,271.43,True
2021-11-11,STOP,10,-1245.0,252.28,-1497.28,False
2021-11-12,STOP,2,-277.5,245.49,-522.99,False
2021-11-15,EOD,0,-606.5,262.36,-868.86,False
2021-11-16,STOP,25,-1158.0,261.99,-1419.99,False
2021-11-17,EOD,0,-716.5,257.65,-974.15,False
2021-11-18,STOP,10,-1150.5,252.43,-1402.93,False
2021-11-22,STOP,1,-4768.5,246.69,-5015.19,False
2021-11-23,EOD,0,1848.5,264.94,1583.56,True
2021-11-24,STOP,66,-1066.0,257.06,-1323.06,False
2021-11-25,STOP,10,-890.0,251.65,-1141.65,False
2021-11-26,STOP,1,-857.5,246.61,-1104.11,False
2021-11-29,STOP,1,-1635.5,272.26,-1907.76,False
2021-11-30,EOD,0,-746.0,266.39,-1012.39,False
2021-12-01,EOD,0,925.5,263.13,662.37,True
2021-12-02,TARGET,65,2032.5,254.8,1777.7,True
2021-12-03,TARGET,1,694.5,246.68,447.82,True
2021-12-06,STOP,29,-1123.0,269.18,-1392.18,False
2021-12-07,EOD,0,1227.0,267.77,959.23,True
2021-12-08,EOD,0,1490.0,258.56,1231.44,True
2021-12-09,STOP,2,-1268.0,254.2,-1522.2,False
2021-12-10,STOP,10,-815.5,247.15,-1062.65,False
2021-12-13,STOP,38,-1226.0,264.01,-1490.01,False
2021-12-14,EOD,0,347.0,264.6,82.4,True
2021-12-15,STOP,7,-1244.0,260.36,-1504.36,False
2021-12-16,STOP,4,-1052.0,253.31,-1305.31,False
2021-12-17,STOP,1,-2801.0,248.5,-3049.5,False
2021-12-20,STOP,3,-1255.0,270.94,-1525.94,False
2021-12-21,EOD,0,143.0,265.52,-122.52,False
2021-12-22,EOD,0,1091.5,260.4,831.1,True
2021-12-23,EOD,0,-138.5,252.2,-390.7,False
2021-12-24,STOP,1,-4169.0,245.78,-4414.78,False
2021-12-27,EOD,0,1352.0,267.77,1084.23,True
2021-12-28,EOD,0,547.0,264.91,282.09,True
2021-12-29,EOD,0,-408.5,254.74,-663.24,False
2021-12-30,EOD,0,610.0,252.9,357.1,True
2021-12-31,TARGET,1,692.5,246.08,446.42,True
2022-01-03,EOD,0,1940.0,265.03,1674.97,True
2022-01-04,EOD,0,1245.5,259.75,985.75,True
2022-01-05,EOD,0,1160.0,254.41,905.59,True
2022-01-06,STOP,3,-831.0,250.12,-1081.12,False
2022-01-07,TARGET,3,1135.5,247.62,887.88,True
2022-01-10,EOD,0,706.5,266.48,440.02,True
2022-01-11,EOD,0,538.5,261.71,276.79,True
2022-01-12,EOD,0,444.0,257.74,186.26,True
2022-01-13,STOP,11,-1007.0,252.13,-1259.13,False
2022-01-14,STOP,1,-1731.0,248.27,-1979.27,False
2022-01-17,EOD,0,560.0,265.93,294.07,True
2022-01-18,STOP,9,-1400.5,261.28,-1661.78,False
2022-01-19,STOP,4,-1186.5,257.94,-1444.44,False
2022-01-20,STOP,2,-1175.0,253.4,-1428.4,False
2022-01-21,STOP,1,-1283.5,246.35,-1529.85,False
2022-01-24,STOP,5,-1138.5,268.81,-1407.31,False
2022-01-25,EOD,0,1722.0,271.75,1450.25,True
2022-01-27,STOP,1,-1022.0,258.29,-1280.29,False
2022-01-28,TARGET,1,1265.0,247.53,1017.47,True
2022-01-31,EOD,0,167.0,292.45,-125.45,False
2022-02-01,STOP,48,-1262.5,291.45,-1553.95,False
2022-02-02,EOD,0,763.5,268.31,495.19,True
2022-02-03,STOP,5,-1108.0,252.05,-1360.05,False
2022-02-04,STOP,1,-3675.0,247.3,-3922.3,False
2022-02-07,STOP,25,-1182.0,268.6,-1450.6,False
2022-02-08,STOP,16,-1425.5,269.99,-1695.49,False
2022-02-09,EOD,0,1137.5,258.72,878.78,True
2022-02-10,STOP,3,-1034.5,253.28,-1287.78,False
2022-02-11,STOP,2,-1535.5,246.22,-1781.72,False
2022-02-14,STOP,60,-1263.0,271.79,-1534.79,False
2022-02-15,EOD,0,2305.5,277.72,2027.78,True
2022-02-16,STOP,20,-1056.0,262.98,-1318.98,False
2022-02-17,STOP,5,-1385.5,257.92,-1643.42,False
2022-02-18,TARGET,1,911.5,247.24,664.26,True
2022-02-21,EOD,0,20.5,279.03,-258.53,False
2022-02-22,EOD,0,1496.5,268.74,1227.76,True
2022-02-23,STOP,72,-1232.0,269.16,-1501.16,False
2022-02-24,STOP,7,-1323.0,254.24,-1577.24,False
2022-02-25,TARGET,1,310.5,245.2,65.3,True
2022-02-28,EOD,0,1355.0,289.66,1065.34,True
2022-03-02,EOD,0,201.5,286.0,-84.5,False
2022-03-04,STOP,1,-3723.0,246.68,-3969.68,False
2022-03-07,EOD,0,86.0,288.59,-202.59,False
2022-03-08,EOD,0,1266.5,287.84,978.66,True
2022-03-09,EOD,0,1662.0,279.85,1382.15,True
2022-03-10,STOP,54,-1099.5,263.4,-1362.9,False
2022-03-11,TARGET,2,952.0,246.99,705.01,True
2022-03-14,EOD,0,1181.5,287.47,894.03,True
2022-03-15,STOP,57,-1354.5,282.58,-1637.08,False
2022-03-16,EOD,0,640.5,276.06,364.44,True
2022-03-17,EOD,0,848.5,265.5,583.0,True
2022-03-21,STOP,1,-2150.0,247.43,-2397.43,False
2022-03-22,EOD,0,1198.5,276.76,921.74,True
2022-03-23,STOP,34,-1177.5,267.07,-1444.57,False
2022-03-24,EOD,0,1104.5,259.82,844.68,True
2022-03-25,STOP,1,-3263.5,246.65,-3510.15,False
2022-03-28,EOD,0,217.0,278.43,-61.43,False
2022-03-29,EOD,0,332.0,267.21,64.79,True
2022-03-30,STOP,2,-940.0,256.95,-1196.95,False
2022-03-31,STOP,35,-874.5,252.35,-1126.85,False
2022-04-01,TARGET,1,883.0,246.73,636.27,True
2022-04-04,EOD,0,1669.0,266.46,1402.54,True
2022-04-05,STOP,17,-1169.0,264.19,-1433.19,False
2022-04-06,EOD,0,-554.5,258.8,-813.3,False
2022-04-07,STOP,16,-757.5,251.2,-1008.7,False
2022-04-08,STOP,3,-917.5,251.35,-1168.85,False
2022-04-11,EOD,0,-566.0,266.73,-832.73,False
2022-04-12,STOP,10,-1064.0,260.13,-1324.13,False
2022-04-13,STOP,15,-1163.0,253.0,-1416.0,False
2022-04-18,TARGET,3,959.5,246.97,712.53,True
2022-04-19,STOP,69,-1181.5,264.49,-1445.99,False
2022-04-20,EOD,0,1123.5,259.72,863.78,True
2022-04-21,TARGET,54,1918.0,254.6,1663.4,True
2022-04-22,STOP,1,-1223.5,246.31,-1469.81,False
2022-04-25,EOD,0,-212.0,268.15,-480.15,False
2022-04-26,EOD,0,624.0,266.88,357.12,True
2022-04-27,STOP,44,-1042.5,256.94,-1299.44,False
2022-04-28,STOP,1,-992.5,256.52,-1249.02,False
2022-04-29,STOP,1,-454.5,247.32,-701.82,False
2022-05-02,EOD,0,1045.5,266.59,778.91,True
2022-05-04,STOP,15,-1113.5,265.65,-1379.15,False
2022-05-05,STOP,54,-1214.0,258.26,-1472.26,False
2022-05-06,STOP,2,-236.5,245.11,-481.61,False
2022-05-09,EOD,0,537.0,278.92,258.08,True
2022-05-10,EOD,0,-328.0,270.22,-598.22,False
2022-05-11,STOP,11,-1071.0,262.68,-1333.68,False
2022-05-12,STOP,2,-1172.0,255.66,-1427.66,False
2022-05-13,STOP,1,-1846.0,247.42,-2093.42,False
2022-05-16,EOD,0,127.5,277.08,-149.58,False
2022-05-17,TARGET,75,2206.5,269.69,1936.81,True
2022-05-18,EOD,0,-619.5,261.72,-881.22,False
2022-05-19,STOP,36,-836.0,253.7,-1089.7,False
2022-05-20,TARGET,2,1259.0,247.78,1011.22,True
2022-05-23,EOD,0,-669.5,277.2,-946.7,False
2022-05-24,EOD,0,-674.0,273.4,-947.4,False
2022-05-25,STOP,32,-1102.0,266.4,-1368.4,False
2022-05-26,STOP,11,-1044.5,258.42,-1302.92,False
2022-05-27,STOP,1,-436.0,245.99,-681.99,False
2022-05-30,EOD,0,965.0,275.92,689.08,True
2022-05-31,EOD,0,-1.5,268.5,-270.0,False
2022-06-01,STOP,54,-1171.0,263.4,-1434.4,False
2022-06-02,EOD,0,1801.5,257.84,1543.66,True
2022-06-03,STOP,12,-148.5,245.37,-393.87,False
2022-06-06,EOD,0,248.0,273.66,-25.66,False
2022-06-07,STOP,26,-1057.0,264.44,-1321.44,False
2022-06-08,STOP,3,-951.5,259.83,-1211.33,False
2022-06-09,TARGET,41,1617.0,252.55,1364.45,True
2022-06-10,STOP,3,-693.5,247.21,-940.71,False
2022-06-13,STOP,55,-1188.5,272.91,-1461.41,False
2022-06-14,EOD,0,510.5,267.92,242.58,True
2022-06-15,EOD,0,-440.0,267.11,-707.11,False
2022-06-16,STOP,18,-1254.5,264.15,-1518.65,False
2022-06-17,STOP,2,-185.5,244.83,-430.33,False
2022-06-20,EOD,0,213.0,280.73,-67.73,False
2022-06-21,EOD,0,1314.5,268.5,1046.0,True
2022-06-22,STOP,6,-1047.0,260.48,-1307.48,False
2022-06-23,STOP,47,-1113.0,255.78,-1368.78,False
2022-06-24,TARGET,1,386.5,245.37,141.13,True
2022-06-27,EOD,0,-688.5,274.13,-962.63,False
2022-06-28,EOD,0,1005.0,264.54,740.46,True
2022-06-29,EOD,0,864.5,259.94,604.56,True
2022-06-30,EOD,0,-511.5,254.7,-766.2,False
2022-07-01,STOP,1,-498.0,245.55,-743.55,False
2022-07-04,EOD,0,860.0,270.09,589.91,True
2022-07-05,STOP,70,-1138.0,263.52,-1401.52,False
2022-07-06,EOD,0,1703.0,258.08,1444.92,True
2022-07-07,EOD,0,345.5,253.84,91.66,True
2022-07-08,STOP,1,-1908.0,244.87,-2152.87,False
2022-07-11,EOD,0,546.0,267.91,278.09,True
2022-07-12,EOD,0,-942.5,264.54,-1207.04,False
2022-07-13,STOP,43,-1122.0,261.27,-1383.27,False
2022-07-14,STOP,34,-994.5,254.64,-1249.14,False
2022-07-15,STOP,3,-630.5,245.26,-875.76,False
2022-07-18,EOD,0,1134.0,264.43,869.57,True
2022-07-19,EOD,0,1504.0,260.15,1243.85,True
2022-07-20,STOP,75,-942.5,255.18,-1197.68,False
2022-07-21,EOD,0,1102.5,250.22,852.28,True
2022-07-22,TARGET,1,269.5,245.29,24.21,True
2022-07-25,EOD,0,-486.0,264.37,-750.37,False
2022-07-26,STOP,5,-1127.5,262.55,-1390.05,False
2022-07-27,EOD,0,1858.5,259.59,1598.91,True
2022-07-28,EOD,0,1496.5,254.17,1242.33,True
2022-07-29,TARGET,2,886.5,247.28,639.22,True
2022-08-01,EOD,0,801.5,265.52,535.98,True
2022-08-02,EOD,0,-162.5,260.6,-423.1,False
2022-08-03,STOP,15,-1129.5,258.8,-1388.3,False
2022-08-04,STOP,24,-1067.5,252.89,-1320.39,False
2022-08-05,STOP,1,-624.0,244.94,-868.94,False
2022-08-08,EOD,0,988.0,268.28,719.72,True
2022-08-10,STOP,7,-1109.5,260.19,-1369.69,False
2022-08-11,STOP,51,-954.0,255.11,-1209.11,False
2022-08-12,STOP,1,-421.5,245.85,-667.35,False
2022-08-16,EOD,0,323.5,262.03,61.47,True
2022-08-17,EOD,0,756.0,254.25,501.75,True
2022-08-18,EOD,0,991.0,252.62,738.38,True
2022-08-19,STOP,5,-717.0,246.21,-963.21,False
2022-08-22,STOP,18,-1154.0,267.9,-1421.9,False
2022-08-23,TARGET,74,2057.5,261.28,1796.22,True
2022-08-24,EOD,0,1048.0,258.93,789.07,True
2022-08-25,STOP,68,-1451.5,254.26,-1705.76,False
2022-08-26,TARGET,1,272.5,245.19,27.31,True
2022-08-29,EOD,0,1208.5,268.48,940.02,True
2022-08-30,TARGET,63,2027.0,262.69,1764.31,True
2022-09-01,TARGET,14,2142.5,257.07,1885.43,True
2022-09-02,STOP,3,-807.0,247.93,-1054.93,False
2022-09-05,EOD,0,779.5,272.06,507.44,True
2022-09-06,EOD,0,-409.0,266.05,-675.05,False
2022-09-07,EOD,0,1056.0,259.42,796.58,True
2022-09-08,EOD,0,674.5,256.3,418.2,True
2022-09-09,STOP,1,-380.5,244.98,-625.48,False
2022-09-12,EOD,0,347.5,268.21,79.29,True
2022-09-13,EOD,0,216.0,264.05,-48.05,False
2022-09-14,TARGET,33,1857.0,256.95,1600.05,True
2022-09-15,STOP,9,-972.0,256.95,-1228.95,False
2022-09-16,STOP,2,-1021.0,246.1,-1267.1,False
2022-09-19,EOD,0,631.5,274.83,356.67,True
2022-09-20,EOD,0,166.0,267.33,-101.33,False
2022-09-21,STOP,35,-1008.5,260.86,-1269.36,False
2022-09-22,EOD,0,207.0,263.2,-56.2,False
2022-09-23,STOP,1,-854.5,246.27,-1100.77,False
2022-09-26,STOP,70,-1141.0,276.09,-1417.09,False
2022-09-27,STOP,22,-1082.5,268.91,-1351.41,False
2022-09-28,EOD,0,-442.0,261.5,-703.5,False
2022-09-29,STOP,30,-989.5,256.81,-1246.31,False
2022-09-30,STOP,1,-825.0,245.95,-1070.95,False
2022-10-03,STOP,22,-1127.0,270.72,-1397.72,False
2022-10-04,EOD,0,1060.5,267.26,793.24,True
2022-10-06,EOD,0,-874.0,258.7,-1132.7,False
2022-10-07,STOP,3,-737.0,246.7,-983.7,False
2022-10-10,EOD,0,1238.5,268.39,970.11,True
2022-10-11,STOP,15,-1173.5,264.21,-1437.71,False
2022-10-12,EOD,0,1029.5,264.58,764.92,True
2022-10-13,STOP,16,-1156.5,258.36,-1414.86,False
2022-10-14,STOP,1,-143.0,244.97,-387.97,False
2022-10-17,EOD,0,1323.5,269.34,1054.16,True
2022-10-18,EOD,0,483.0,265.7,217.3,True
2022-10-19,STOP,68,-1095.5,256.76,-1352.26,False
2022-10-20,TARGET,71,1485.0,251.37,1233.63,True
2022-10-21,TARGET,2,161.0,244.97,-83.97,False
2022-10-25,STOP,13,-1151.0,256.97,-1407.97,False
2022-10-27,STOP,26,-777.5,252.47,-1029.97,False
2022-10-28,TARGET,1,437.5,245.58,191.92,True
2022-10-31,EOD,0,912.0,264.96,647.04,True
2022-11-01,EOD,0,133.0,262.71,-129.71,False
2022-11-02,STOP,34,-1114.5,259.73,-1374.23,False
2022-11-03,EOD,0,899.0,255.52,643.48,True
2022-11-04,STOP,9,-502.5,246.61,-749.11,False
2022-11-07,STOP,46,-1058.5,262.74,-1321.24,False
2022-11-09,STOP,13,-1081.5,257.93,-1339.43,False
2022-11-10,STOP,39,-964.5,252.67,-1217.17,False
2022-11-11,TARGET,40,934.5,247.47,687.03,True
2022-11-14,EOD,0,-621.0,263.61,-884.61,False
2022-11-15,STOP,17,-962.0,257.24,-1219.24,False
2022-11-16,EOD,0,101.5,254.15,-152.65,False
2022-11-17,EOD,0,-457.5,250.87,-708.37,False
2022-11-18,STOP,1,-1482.0,247.6,-1729.6,False
2022-11-21,STOP,5,-1038.0,260.74,-1298.74,False
2022-11-22,EOD,0,924.5,258.65,665.85,True
2022-11-23,STOP,9,-1032.0,254.66,-1286.66,False
2022-11-24,TARGET,70,2020.0,251.45,1768.55,True
2022-11-25,STOP,1,-2703.5,247.47,-2950.97,False
2022-11-28,EOD,0,1298.0,261.76,1036.24,True
2022-11-29,EOD,0,608.5,257.73,350.77,True
2022-11-30,EOD,0,1838.0,257.7,1580.3,True
2022-12-01,STOP,13,-860.5,250.73,-1111.23,False
2022-12-02,STOP,14,-995.0,253.08,-1248.08,False
2022-12-05,STOP,8,-1183.5,260.01,-1443.51,False
2022-12-06,EOD,0,538.0,259.02,278.98,True
2022-12-07,STOP,72,-1187.0,257.76,-1444.76,False
2022-12-08,EOD,0,615.0,251.5,363.5,True
2022-12-09,STOP,3,-767.0,249.2,-1016.2,False
2022-12-12,EOD,0,960.5,260.12,700.38,True
2022-12-13,EOD,0,789.5,255.43,534.07,True
2022-12-14,EOD,0,-382.5,254.47,-636.97,False
2022-12-15,STOP,12,-829.0,252.02,-1081.02,False
2022-12-16,TARGET,1,267.5,245.13,22.37,True
2022-12-19,EOD,0,1350.0,262.47,1087.53,True
2022-12-20,STOP,4,-1151.0,257.52,-1408.52,False
2022-12-21,STOP,9,-959.5,254.78,-1214.28,False
2022-12-22,STOP,3,-1419.5,255.36,-1674.86,False
2022-12-23,TARGET,4,1039.0,247.5,791.5,True
2022-12-26,EOD,0,1472.0,268.1,1203.9,True
2022-12-27,STOP,6,-1104.0,260.97,-1364.97,False
2022-12-28,EOD,0,328.0,256.1,71.9,True
2022-12-29,STOP,11,-960.5,251.73,-1212.23,False
2022-12-30,STOP,1,-1266.0,245.5,-1511.5,False
2023-01-02,EOD,0,759.0,264.64,494.36,True
2023-01-03,EOD,0,747.5,258.88,488.62,True
2023-01-04,STOP,6,-1036.5,256.69,-1293.19,False
2023-01-05,STOP,2,-1054.5,252.5,-1307.0,False
2023-01-06,STOP,1,-723.5,247.39,-970.89,False
2023-01-09,EOD,0,1249.5,262.42,987.08,True
2023-01-10,STOP,1,-948.5,254.77,-1203.27,False
2023-01-11,STOP,2,-1060.0,255.63,-1315.63,False
2023-01-12,STOP,10,-1078.5,251.65,-1330.15,False
2023-01-13,STOP,1,-1412.0,246.02,-1658.02,False
2023-01-16,STOP,33,-1132.5,263.52,-1396.02,False
2023-01-17,EOD,0,1310.0,257.19,1052.81,True
2023-01-18,EOD,0,1062.5,252.92,809.58,True
2023-01-19,STOP,3,-719.5,249.53,-969.03,False
2023-01-20,STOP,1,-427.5,245.23,-672.73,False
2023-01-23,EOD,0,-160.5,257.1,-417.6,False
2023-01-24,STOP,33,-977.0,254.32,-1231.32,False
2023-01-25,STOP,2,-1039.5,250.54,-1290.04,False
2023-01-27,STOP,1,-2516.5,247.53,-2764.03,False
2023-01-30,EOD,0,797.0,277.62,519.38,True
2023-01-31,STOP,9,-1247.0,274.43,-1521.43,False
2023-02-01,STOP,57,-1144.5,269.7,-1414.2,False
2023-02-02,EOD,0,937.5,257.33,680.17,True
2023-02-03,STOP,2,-991.5,248.87,-1240.37,False
2023-02-06,STOP,15,-1012.5,262.12,-1274.62,False
2023-02-07,STOP,41,-1100.5,261.51,-1362.01,False
2023-02-08,EOD,0,1270.5,257.31,1013.19,True
2023-02-09,STOP,2,-941.0,253.3,-1194.3,False
2023-02-10,STOP,4,-877.0,248.07,-1125.07,False
2023-02-13,STOP,9,-1058.0,258.09,-1316.09,False
2023-02-14,EOD,0,733.0,266.02,466.98,True
2023-02-15,EOD,0,1559.5,254.79,1304.71,True
2023-02-16,STOP,43,-835.5,250.65,-1086.15,False
2023-02-17,STOP,1,-76.5,244.94,-321.44,False
2023-02-20,STOP,44,-970.5,258.09,-1228.59,False
2023-02-21,STOP,39,-1004.0,257.0,-1261.0,False
2023-02-22,STOP,7,-942.0,253.56,-1195.56,False
2023-02-23,STOP,2,-907.5,250.0,-1157.5,False
2023-02-24,STOP,3,-1026.0,246.43,-1272.43,False
2023-02-27,STOP,11,-1182.0,262.85,-1444.85,False
2023-02-28,STOP,58,-1234.0,259.81,-1493.81,False
2023-03-01,EOD,0,1166.0,254.76,911.24,True
2023-03-02,STOP,3,-756.5,251.0,-1007.5,False
2023-03-03,TARGET,18,1258.5,248.74,1009.76,True
2023-03-06,EOD,0,541.0,257.77,283.23,True
2023-03-08,EOD,0,1128.0,251.58,876.42,True
2023-03-09,STOP,2,-834.5,248.93,-1083.43,False
2023-03-10,STOP,1,-1568.0,247.51,-1815.51,False
2023-03-13,STOP,35,-931.0,258.29,-1189.29,False
2023-03-14,STOP,24,-1077.0,262.15,-1339.15,False
2023-03-15,STOP,44,-1079.5,258.43,-1337.93,False
2023-03-16,STOP,1,-1119.5,254.44,-1373.94,False
2023-03-17,STOP,4,-668.0,247.98,-915.98,False
2023-03-20,STOP,3,-1105.0,261.81,-1366.81,False
2023-03-21,EOD,0,463.5,261.31,202.19,True
2023-03-22,EOD,0,-471.0,259.17,-730.17,False
2023-03-23,EOD,0,-447.5,254.78,-702.28,False
2023-03-24,STOP,2,-1038.5,247.56,-1286.06,False
2023-03-27,EOD,0,-221.0,263.65,-484.65,False
2023-03-28,STOP,16,-1146.5,257.89,-1404.39,False
2023-03-29,TARGET,75,1958.5,253.81,1704.69,True
2023-03-31,TARGET,1,357.5,245.37,112.13,True
2023-04-03,STOP,24,-1194.0,262.56,-1456.56,False
2023-04-05,EOD,0,1500.0,252.45,1247.55,True
2023-04-06,EOD,0,1221.5,251.51,969.99,True
2023-04-10,STOP,4,-715.5,248.17,-963.67,False
2023-04-11,EOD,0,177.5,254.28,-76.78,False
2023-04-12,EOD,0,867.5,251.41,616.09,True
2023-04-13,STOP,19,-697.0,249.89,-946.89,False
2023-04-17,STOP,1,-4725.5,248.17,-4973.67,False
2023-04-18,STOP,7,-1056.0,253.03,-1309.03,False
2023-04-19,STOP,54,-1145.0,251.43,-1396.43,False
2023-04-20,STOP,16,-1010.5,250.39,-1260.89,False
2023-04-21,STOP,6,-638.0,246.61,-884.61,False
2023-04-24,STOP,5,-1094.5,255.12,-1349.62,False
2023-04-25,EOD,0,-19.5,251.84,-271.34,False
2023-04-26,STOP,4,-680.0,249.42,-929.42,False
2023-04-27,TARGET,57,1079.0,248.18,830.82,True
2023-04-28,STOP,1,-687.0,245.91,-932.91,False
2023-05-02,EOD,0,160.5,252.09,-91.59,False
2023-05-03,STOP,2,-797.0,251.31,-1048.31,False
2023-05-04,TARGET,62,1851.0,252.6,1598.4,True
2023-05-05,TARGET,1,525.5,246.12,279.38,True
2023-05-08,EOD,0,1470.0,256.39,1213.61,True
2023-05-09,STOP,58,-989.5,254.2,-1243.7,False
2023-05-10,STOP,5,-894.5,251.46,-1145.96,False
2023-05-11,STOP,1,-689.0,249.96,-938.96,False
2023-05-12,STOP,1,-350.0,246.46,-596.46,False
2023-05-15,EOD,0,560.0,258.65,301.35,True
2023-05-16,STOP,4,-1061.0,256.18,-1317.18,False
2023-05-17,STOP,14,-873.0,252.92,-1125.92,False
2023-05-18,STOP,5,-986.0,250.55,-1236.55,False
2023-05-19,STOP,1,-1101.5,249.17,-1350.67,False
2023-05-22,EOD,0,1208.0,256.43,951.57,True
2023-05-23,EOD,0,-450.5,253.12,-703.62,False
2023-05-24,EOD,0,-143.5,252.16,-395.66,False
2023-05-25,STOP,25,-849.5,248.24,-1097.74,False
2023-05-26,STOP,1,-349.5,245.16,-594.66,False
2023-05-29,EOD,0,-224.0,256.2,-480.2,False
2023-05-30,EOD,0,456.5,254.58,201.92,True
2023-05-31,STOP,14,-903.5,252.92,-1156.42,False
2023-06-01,STOP,3,-1120.0,254.26,-1374.26,False
2023-06-02,STOP,7,-436.5,247.23,-683.73,False
2023-06-05,EOD,0,-154.0,256.46,-410.46,False
2023-06-06,STOP,32,-942.0,254.42,-1196.42,False
2023-06-07,EOD,0,934.0,250.44,683.56,True
2023-06-08,STOP,63,-1010.0,252.46,-1262.46,False
2023-06-09,STOP,5,-911.0,247.72,-1158.72,False
2023-06-12,EOD,0,255.5,257.64,-2.14,False
2023-06-13,EOD,0,1210.5,256.02,954.48,True
2023-06-14,STOP,5,-952.0,252.99,-1204.99,False
2023-06-15,STOP,1,-860.5,248.31,-1108.81,False
2023-06-16,TARGET,15,762.5,246.84,515.66,True
2023-06-19,STOP,13,-864.0,253.91,-1117.91,False
2023-06-20,STOP,2,-999.5,253.58,-1253.08,False
2023-06-21,STOP,23,-837.0,251.17,-1088.17,False
2023-06-22,STOP,35,-865.0,249.45,-1114.45,False
2023-06-23,STOP,1,-998.0,249.38,-1247.38,False
2023-06-26,EOD,0,174.5,257.43,-82.93,False
2023-06-27,EOD,0,1003.5,253.54,749.96,True
2023-06-28,STOP,1,-893.5,248.63,-1142.13,False
2023-06-30,TARGET,30,1070.5,247.64,822.86,True
2023-07-03,EOD,0,1018.0,257.19,760.81,True
2023-07-04,STOP,8,-1077.0,255.38,-1332.38,False
2023-07-05,STOP,52,-865.5,252.65,-1118.15,False
2023-07-06,TARGET,72,1752.5,252.3,1500.2,True
2023-07-07,TARGET,2,617.5,246.33,371.17,True
2023-07-10,EOD,0,-403.0,258.52,-661.52,False
2023-07-11,EOD,0,312.0,257.04,54.96,True
2023-07-12,STOP,2,-998.0,252.25,-1250.25,False
2023-07-13,STOP,59,-869.5,250.91,-1120.41,False
2023-07-14,STOP,2,-943.5,247.4,-1190.9,False
2023-07-17,EOD,0,1209.5,255.65,953.85,True
2023-07-18,STOP,30,-1185.0,256.8,-1441.8,False
2023-07-19,STOP,24,-916.0,253.85,-1169.85,False
2023-07-20,STOP,6,-1110.0,251.87,-1361.87,False
2023-07-21,TARGET,2,768.5,246.22,522.28,True
2023-07-24,EOD,0,-890.5,262.19,-1152.69,False
2023-07-25,STOP,50,-1230.0,259.79,-1489.79,False
2023-07-26,EOD,0,606.0,255.43,350.57,True
2023-07-27,STOP,11,-901.5,251.61,-1153.11,False
2023-07-28,STOP,1,-853.0,245.58,-1098.58,False
2023-07-31,EOD,0,772.0,258.71,513.29,True
2023-08-01,STOP,43,-1100.0,257.99,-1357.99,False
2023-08-02,STOP,15,-894.5,253.26,-1147.76,False
2023-08-03,STOP,40,-825.5,252.49,-1077.99,False
2023-08-04,EOD,0,771.0,248.36,522.64,True
2023-08-07,EOD,0,259.5,260.67,-1.17,False
2023-08-08,STOP,25,-1169.5,257.11,-1426.61,False
2023-08-09,STOP,4,-1042.5,254.88,-1297.38,False
2023-08-10,STOP,14,-958.5,250.61,-1209.11,False
2023-08-11,STOP,1,-1660.0,247.66,-1907.66,False
2023-08-14,STOP,1,-1090.0,258.68,-1348.68,False
2023-08-16,EOD,0,986.0,252.77,733.23,True
2023-08-17,STOP,3,-803.0,250.52,-1053.52,False
2023-08-18,STOP,6,-514.5,245.94,-760.44,False
2023-08-21,EOD,0,684.5,255.86,428.64,True
2023-08-22,EOD,0,-407.0,253.05,-660.05,False
2023-08-23,STOP,8,-1264.0,253.11,-1517.11,False
2023-08-24,STOP,21,-860.5,250.84,-1111.34,False
2023-08-25,STOP,1,-833.0,246.19,-1079.19,False
2023-08-28,EOD,0,51.5,258.94,-207.44,False
2023-08-29,STOP,14,-842.0,252.99,-1094.99,False
2023-08-30,STOP,68,-1162.0,252.75,-1414.75,False
2023-08-31,STOP,3,-1482.5,250.85,-1733.35,False
2023-09-01,TARGET,1,431.0,245.62,185.38,True
2023-09-04,STOP,17,-1238.0,259.49,-1497.49,False
2023-09-05,EOD,0,194.5,252.48,-57.98,False
2023-09-06,STOP,41,-1007.0,253.17,-1260.17,False
2023-09-07,STOP,2,-938.5,249.35,-1187.85,False
2023-09-08,STOP,1,-154.0,245.06,-399.06,False
2023-09-11,EOD,0,1270.5,258.44,1012.06,True
2023-09-12,STOP,5,-1172.0,255.35,-1427.35,False
2023-09-13,EOD,0,1035.0,255.22,779.78,True
2023-09-14,STOP,19,-1018.0,254.09,-1272.09,False
2023-09-15,STOP,5,-430.0,246.92,-676.92,False
2023-09-18,EOD,0,-424.5,256.75,-681.25,False
2023-09-20,STOP,54,-1019.0,255.68,-1274.68,False
2023-09-21,STOP,7,-1078.5,251.83,-1330.33,False
2023-09-22,STOP,8,-847.5,247.99,-1095.49,False
2023-09-25,EOD,0,-42.0,260.32,-302.32,False
2023-09-26,EOD,0,-138.0,256.58,-394.58,False
2023-09-27,STOP,10,-967.0,253.76,-1220.76,False
2023-09-28,STOP,4,-622.5,249.14,-871.64,False
2023-09-29,STOP,3,-608.0,247.32,-855.32,False
2023-10-03,STOP,1,-1192.0,255.14,-1447.14,False
2023-10-04,STOP,2,-893.5,253.84,-1147.34,False
2023-10-05,EOD,0,402.5,249.05,153.45,True
2023-10-06,STOP,1,-296.0,245.15,-541.15,False
2023-10-09,EOD,0,-564.0,258.15,-822.15,False
2023-10-10,EOD,0,1324.0,256.38,1067.62,True
2023-10-11,EOD,0,541.0,253.97,287.03,True
2023-10-12,STOP,9,-793.5,249.68,-1043.18,False
2023-10-13,TARGET,1,923.0,247.15,675.85,True
2023-10-16,EOD,0,-75.5,260.29,-335.79,False
2023-10-17,EOD,0,-335.0,257.54,-592.54,False
2023-10-18,STOP,19,-778.0,252.07,-1030.07,False
2023-10-19,TARGET,35,1628.5,251.17,1377.33,True
2023-10-20,TARGET,2,792.5,246.74,545.76,True
2023-10-23,STOP,46,-944.0,257.46,-1201.46,False
2023-10-25,STOP,39,-1100.5,258.76,-1359.26,False
2023-10-26,STOP,2,-989.0,254.16,-1243.16,False
2023-10-27,TARGET,2,1135.0,247.47,887.53,True
2023-10-30,STOP,6,-1129.0,262.14,-1391.14,False
2023-10-31,STOP,4,-1475.0,258.83,-1733.83,False
2023-11-01,STOP,48,-902.5,254.18,-1156.68,False
2023-11-02,STOP,32,-745.0,251.57,-996.57,False
2023-11-03,EOD,0,-259.0,252.77,-511.77,False
2023-11-06,EOD,0,761.5,258.92,502.58,True
2023-11-07,STOP,31,-1008.0,254.94,-1262.94,False
2023-11-08,EOD,0,-204.0,254.22,-458.22,False
2023-11-09,STOP,1,-859.5,250.71,-1110.21,False
2023-11-10,EOD,0,1336.5,250.87,1085.63,True
2023-11-13,EOD,0,-629.5,258.36,-887.86,False
2023-11-15,EOD,0,398.0,253.01,144.99,True
2023-11-16,STOP,1,-792.5,248.24,-1040.74,False
2023-11-17,TARGET,1,454.0,245.54,208.46,True
2023-11-20,EOD,0,-453.0,261.11,-714.11,False
2023-11-21,EOD,0,125.0,255.11,-130.11,False
2023-11-22,STOP,38,-1035.5,254.6,-1290.1,False
2023-11-23,EOD,0,-395.5,251.67,-647.17,False
2023-11-24,STOP,9,-351.0,246.67,-597.67,False
2023-11-28,EOD,0,838.0,256.2,581.8,True
2023-11-29,EOD,0,1774.0,254.03,1519.97,True
2023-11-30,STOP,8,-1401.0,249.06,-1650.06,False
2023-12-01,TARGET,3,636.0,246.46,389.54,True
2023-12-04,EOD,0,748.0,265.11,482.89,True
2023-12-05,EOD,0,483.0,261.07,221.93,True
2023-12-06,STOP,50,-1163.5,258.34,-1421.84,False
2023-12-07,STOP,1,-1100.5,255.59,-1356.09,False
2023-12-08,STOP,54,-1008.5,256.54,-1265.04,False
2023-12-11,EOD,0,349.5,260.67,88.83,True
2023-12-12,STOP,60,-943.0,257.46,-1200.46,False
2023-12-13,STOP,9,-1351.5,258.63,-1610.13,False
2023-12-14,EOD,0,1072.5,253.93,818.57,True
2023-12-15,EOD,0,1727.0,258.92,1468.08,True
2023-12-18,EOD,0,-237.0,265.32,-502.32,False
2023-12-19,STOP,6,-1149.5,263.49,-1412.99,False
2023-12-20,STOP,48,-1003.0,257.05,-1260.05,False
2023-12-21,TARGET,34,1942.0,255.12,1686.88,True
2023-12-22,STOP,3,-827.5,251.25,-1078.75,False
2023-12-26,EOD,0,787.5,263.16,524.34,True
2023-12-27,EOD,0,1575.0,258.55,1316.45,True
2023-12-28,EOD,0,831.5,251.57,579.93,True
2023-12-29,STOP,1,-766.0,247.01,-1013.01,False
2024-01-01,EOD,0,-327.5,270.25,-597.75,False
2024-01-02,STOP,9,-1281.5,261.0,-1542.5,False
2024-01-03,STOP,5,-972.0,257.36,-1229.36,False
2024-01-04,EOD,0,876.0,253.6,622.4,True
2024-01-05,STOP,61,-1021.0,254.56,-1275.56,False
2024-01-08,STOP,7,-1067.5,262.45,-1329.95,False
2024-01-09,STOP,63,-1048.0,260.89,-1308.89,False
2024-01-10,EOD,0,1176.0,258.97,917.03,True
2024-01-11,STOP,59,-941.5,252.97,-1194.47,False
2024-01-12,STOP,1,-949.5,246.45,-1195.95,False
2024-01-15,EOD,0,486.5,266.33,220.17,True
2024-01-16,EOD,0,-526.5,263.82,-790.32,False
2024-01-17,STOP,67,-1107.0,257.89,-1364.89,False
2024-01-18,STOP,7,-975.0,254.8,-1229.8,False
2024-01-19,EOD,0,395.0,249.26,145.74,True
2024-01-23,STOP,17,-1187.0,268.24,-1455.24,False
2024-01-24,TARGET,73,2260.0,265.18,1994.82,True
2024-01-25,STOP,2,-1122.0,255.19,-1377.19,False
2024-01-29,TARGET,1,982.0,247.31,734.69,True
2024-01-30,STOP,64,-1269.0,277.9,-1546.9,False
2024-01-31,EOD,0,1531.0,272.56,1258.44,True
2024-02-01,EOD,0,-814.0,268.53,-1082.53,False
2024-02-02,TARGET,1,906.5,246.58,659.92,True
2024-02-05,STOP,66,-1101.5,269.78,-1371.28,False
2024-02-06,EOD,0,883.5,272.1,611.4,True
2024-02-07,STOP,27,-1095.5,265.01,-1360.51,False
2024-02-08,STOP,11,-1077.0,255.73,-1332.73,False
2024-02-09,STOP,1,-983.0,252.33,-1235.33,False
2024-02-12,STOP,34,-1163.5,271.4,-1434.9,False
2024-02-13,EOD,0,503.0,267.59,235.41,True
2024-02-14,TARGET,70,2294.0,263.9,2030.1,True
2024-02-15,STOP,4,-949.5,254.83,-1204.33,False
2024-02-16,STOP,4,-673.0,249.0,-922.0,False
2024-02-19,EOD,0,103.5,270.54,-167.04,False
2024-02-20,EOD,0,906.5,266.83,639.67,True
2024-02-21,STOP,57,-1054.0,261.95,-1315.95,False
2024-02-22,STOP,3,-1117.5,257.3,-1374.8,False
2024-02-23,STOP,1,-1064.5,247.1,-1311.6,False
2024-02-26,EOD,0,-413.5,268.28,-681.78,False
2024-02-27,EOD,0,875.0,267.72,607.28,True
2024-02-28,STOP,20,-1054.5,260.53,-1315.03,False
2024-02-29,EOD,0,1253.0,258.86,994.14,True
2024-03-01,TARGET,1,808.5,246.36,562.14,True
2024-03-04,EOD,0,-43.5,271.55,-315.05,False
2024-03-05,EOD,0,-116.5,263.47,-379.97,False
2024-03-06,STOP,29,-1103.0,261.88,-1364.88,False
2024-03-07,STOP,18,-980.0,253.85,-1233.85,False
2024-03-11,STOP,1,-449.5,246.54,-696.04,False
2024-03-12,EOD,0,-17.5,265.01,-282.51,False
2024-03-13,STOP,3,-1166.0,260.74,-1426.74,False
2024-03-14,EOD,0,1675.5,262.04,1413.46,True
2024-03-15,STOP,7,-988.5,250.0,-1238.5,False
2024-03-18,EOD,0,490.5,270.17,220.33,True
2024-03-19,STOP,29,-1100.5,265.06,-1365.56,False
2024-03-20,STOP,18,-1231.0,262.32,-1493.32,False
2024-03-21,EOD,0,344.5,256.54,87.96,True
2024-03-22,TARGET,13,1889.5,251.42,1638.08,True
2024-03-26,EOD,0,682.5,263.7,418.8,True
2024-03-27,EOD,0,1017.5,258.47,759.03,True
2024-03-28,TARGET,7,1556.5,251.48,1305.02,True
2024-04-01,TARGET,1,748.0,246.42,501.58,True
2024-04-02,EOD,0,54.0,262.35,-208.35,False
2024-04-03,EOD,0,643.5,262.09,381.41,True
2024-04-04,STOP,4,-1531.5,256.84,-1788.34,False
2024-04-05,EOD,0,703.5,251.52,451.98,True
2024-04-08,EOD,0,775.0,265.41,509.59,True
2024-04-09,STOP,41,-1115.0,257.31,-1372.31,False
2024-04-10,EOD,0,197.5,252.44,-54.94,False
2024-04-12,STOP,6,-1329.0,248.53,-1577.53,False
2024-04-15,EOD,0,-789.0,263.19,-1052.19,False
2024-04-16,EOD,0,568.0,263.19,304.81,True
2024-04-18,STOP,51,-1140.0,254.83,-1394.83,False
2024-04-19,STOP,1,-1256.0,246.92,-1502.92,False
2024-04-22,EOD,0,245.0,274.06,-29.06,False
2024-04-23,EOD,0,-878.0,263.56,-1141.56,False
2024-04-24,EOD,0,-112.5,256.45,-368.95,False
2024-04-25,TARGET,12,1572.0,251.21,1320.79,True
2024-04-26,STOP,1,-418.5,169.9,-588.4,False
2024-04-29,EOD,0,660.25,181.52,478.73,True
2024-04-30,STOP,73,-606.75,177.91,-784.66,False
2024-05-02,EOD,0,519.25,174.53,344.72,True
2024-05-03,STOP,11,-558.25,171.75,-730.0,False
2024-05-06,STOP,51,-579.0,181.36,-760.36,False
2024-05-07,STOP,15,-586.75,180.77,-767.52,False
2024-05-08,EOD,0,368.75,179.65,189.1,True
2024-05-09,STOP,14,-498.25,174.41,-672.66,False
2024-05-10,EOD,0,469.0,174.29,294.71,True
2024-05-13,STOP,6,-673.0,183.48,-856.48,False
2024-05-14,EOD,0,477.75,179.09,298.66,True
2024-05-15,STOP,15,-509.75,176.93,-686.68,False
2024-05-16,STOP,6,-558.0,174.6,-732.6,False
2024-05-17,STOP,1,-227.0,170.46,-397.46,False
2024-05-21,EOD,0,427.75,180.36,247.39,True
2024-05-22,EOD,0,244.5,178.5,66.0,True
2024-05-23,TARGET,37,821.25,173.84,647.41,True
2024-05-24,TARGET,3,601.0,171.14,429.86,True
2024-05-27,EOD,0,-415.5,183.48,-598.98,False
2024-05-28,EOD,0,-479.25,181.9,-661.15,False
2024-05-29,EOD,0,-300.75,177.69,-478.44,False
2024-05-30,STOP,26,-462.75,175.01,-637.76,False
2024-05-31,TARGET,2,205.0,169.94,35.06,True
2024-06-03,EOD,0,-44.25,214.14,-258.39,False
2024-06-04,STOP,2,-892.25,204.53,-1096.78,False
2024-06-05,STOP,2,-640.0,200.11,-840.11,False
2024-06-06,EOD,0,173.25,184.59,-11.34,False
2024-06-07,TARGET,2,611.25,171.51,439.74,True
2024-06-10,EOD,0,-240.0,187.97,-427.97,False
2024-06-11,EOD,0,-75.75,185.62,-261.37,False
2024-06-12,EOD,0,-180.5,179.23,-359.73,False
2024-06-13,STOP,5,-576.25,176.66,-752.91,False
2024-06-14,STOP,1,-739.0,170.03,-909.03,False
2024-06-18,EOD,0,-40.75,178.23,-218.98,False
2024-06-19,STOP,12,-728.0,176.68,-904.68,False
2024-06-20,STOP,1,-616.25,175.41,-791.66,False
2024-06-21,STOP,1,-692.5,170.18,-862.68,False
2024-06-24,EOD,0,688.25,181.16,507.09,True
2024-06-25,EOD,0,662.25,180.14,482.11,True
2024-06-26,EOD,0,574.5,176.13,398.37,True
2024-06-27,TARGET,73,1068.5,175.73,892.77,True
2024-06-28,TARGET,3,513.5,170.86,342.64,True
2024-07-01,EOD,0,489.0,182.6,306.4,True
2024-07-02,STOP,6,-642.5,180.72,-823.22,False
2024-07-03,EOD,0,-5.25,178.08,-183.33,False
2024-07-04,STOP,69,-486.25,174.44,-660.69,False
2024-07-05,STOP,3,-342.0,170.5,-512.5,False
2024-07-08,EOD,0,7.75,180.21,-172.46,False
2024-07-09,EOD,0,252.75,182.37,70.38,True
2024-07-10,STOP,11,-562.75,180.24,-742.99,False
2024-07-11,STOP,12,-620.0,177.89,-797.89,False
2024-07-12,STOP,1,-390.0,172.43,-562.43,False
2024-07-15,EOD,0,3.0,182.5,-179.5,False
2024-07-16,EOD,0,-84.25,176.44,-260.69,False
2024-07-18,EOD,0,885.75,181.03,704.72,True
2024-07-19,STOP,1,-2191.0,170.35,-2361.35,False
2024-07-22,EOD,0,177.0,191.65,-14.65,False
2024-07-23,STOP,37,-776.75,188.79,-965.54,False
2024-07-24,STOP,37,-547.25,180.42,-727.67,False
2024-07-25,TARGET,58,1040.25,175.97,864.28,True
2024-07-26,TARGET,1,183.75,169.91,13.84,True
2024-07-29,STOP,37,-580.5,181.66,-762.16,False
2024-07-30,EOD,0,6.75,181.08,-174.33,False
2024-07-31,EOD,0,449.25,179.22,270.03,True
2024-08-01,EOD,0,-128.25,179.57,-307.82,False
2024-08-02,STOP,70,-570.75,175.02,-745.77,False
2024-08-05,STOP,19,-570.5,183.78,-754.28,False
2024-08-06,STOP,66,-608.25,188.92,-797.17,False
2024-08-07,EOD,0,96.5,183.66,-87.16,False
2024-08-08,STOP,11,-655.75,178.27,-834.02,False
2024-08-09,STOP,1,-762.5,170.84,-933.34,False
2024-08-12,EOD,0,107.25,181.95,-74.7,False
2024-08-13,STOP,46,-600.5,180.81,-781.31,False
2024-08-14,EOD,0,-215.75,178.83,-394.58,False
2024-08-16,TARGET,2,562.75,170.9,391.85,True
2024-08-19,EOD,0,-259.75,181.07,-440.82,False
2024-08-20,EOD,0,116.75,179.0,-62.25,False
2024-08-21,EOD,0,415.0,182.15,232.85,True
2024-08-22,EOD,0,-215.75,181.12,-396.87,False
2024-08-23,STOP,1,-685.25,170.72,-855.97,False
2024-08-26,EOD,0,371.5,183.19,188.31,True
2024-08-27,EOD,0,-147.5,176.81,-324.31,False
2024-08-28,EOD,0,97.75,176.13,-78.38,False
2024-08-29,TARGET,69,933.25,173.93,759.32,True
2024-08-30,STOP,4,-536.25,171.61,-707.86,False
2024-09-02,EOD,0,-291.25,180.18,-471.43,False
2024-09-03,EOD,0,-237.75,177.49,-415.24,False
2024-09-04,EOD,0,673.5,176.29,497.21,True
2024-09-05,EOD,0,-382.5,184.0,-566.5,False
2024-09-06,STOP,7,-770.75,172.92,-943.67,False
2024-09-09,EOD,0,411.5,182.31,229.19,True
2024-09-10,EOD,0,255.0,178.86,76.14,True
2024-09-11,STOP,60,-644.5,176.68,-821.18,False
2024-09-12,STOP,8,-465.75,174.58,-640.33,False
2024-09-13,STOP,2,-606.75,178.28,-785.03,False
2024-09-16,EOD,0,-131.0,180.17,-311.17,False
2024-09-17,EOD,0,-35.75,182.56,-218.31,False
2024-09-18,STOP,53,-523.0,177.78,-700.78,False
2024-09-19,EOD,0,-209.5,179.69,-389.19,False
2024-09-20,EOD,0,1024.5,183.05,841.45,True
2024-09-23,EOD,0,231.0,180.29,50.71,True
2024-09-24,EOD,0,138.0,178.66,-40.66,False
2024-09-25,EOD,0,601.5,176.89,424.61,True
2024-09-26,EOD,0,697.5,180.44,517.06,True
2024-09-27,STOP,1,-339.0,170.55,-509.55,False
2024-09-30,STOP,26,-585.25,181.7,-766.95,False
2024-10-01,EOD,0,88.25,184.1,-95.85,False
2024-10-03,EOD,0,-517.75,189.34,-707.09,False
2024-10-04,STOP,62,-606.0,185.57,-791.57,False
2024-10-07,STOP,22,-684.25,190.18,-874.43,False
2024-10-08,EOD,0,465.75,194.91,270.84,True
2024-10-09,EOD,0,-160.5,183.88,-344.38,False
2024-10-10,EOD,0,-159.25,189.39,-348.64,False
2024-10-11,STOP,25,-511.25,173.14,-684.39,False
2024-10-14,EOD,0,390.75,183.38,207.37,True
2024-10-15,EOD,0,-374.5,187.76,-562.26,False
2024-10-16,EOD,0,-153.5,186.13,-339.63,False
2024-10-17,STOP,7,-665.5,187.06,-852.56,False
2024-10-18,EOD,0,556.0,186.68,369.32,True
2024-10-21,STOP,4,-599.75,180.57,-780.32,False
2024-10-22,STOP,43,-589.25,187.13,-776.38,False
2024-10-23,EOD,0,254.5,181.5,73.0,True
2024-10-24,EOD,0,10.75,176.82,-166.07,False
2024-10-25,STOP,2,-287.5,170.33,-457.83,False
2024-10-28,EOD,0,409.25,183.5,225.75,True
2024-10-29,STOP,19,-607.0,185.47,-792.47,False
2024-10-30,EOD,0,-83.25,181.18,-264.43,False
2024-10-31,STOP,3,-500.75,176.31,-677.06,False
2024-11-04,STOP,2,-623.75,189.26,-813.01,False
2024-11-05,EOD,0,761.25,186.51,574.74,True
2024-11-06,EOD,0,602.75,183.8,418.95,True
2024-11-07,STOP,9,-792.75,183.56,-976.31,False
2024-11-08,EOD,0,-294.0,187.18,-481.18,False
2024-11-11,EOD,0,125.0,184.51,-59.51,False
2024-11-12,STOP,43,-666.5,189.82,-856.32,False
2024-11-13,STOP,7,-540.75,177.04,-717.79,False
2024-11-14,EOD,0,53.0,187.58,-134.58,False
2024-11-18,STOP,2,-553.25,178.23,-731.48,False
2024-11-19,EOD,0,-197.75,187.1,-384.85,False
2024-11-21,STOP,5,-1936.5,372.54,-2309.04,False
2024-11-22,TARGET,2,864.0,321.49,542.51,True
2024-11-25,EOD,0,-21.75,382.54,-404.29,False
2024-11-26,STOP,14,-1761.75,368.51,-2130.26,False
2024-11-27,EOD,0,1073.25,345.36,727.89,True
2024-11-28,STOP,17,-2523.75,338.55,-2862.3,False
2024-11-29,EOD,0,1698.75,376.99,1321.76,True
2024-12-02,EOD,0,1281.75,369.26,912.49,True
2024-12-03,EOD,0,633.75,376.96,256.79,True
2024-12-04,EOD,0,-357.75,355.13,-712.88,False
2024-12-05,STOP,21,-1809.75,377.07,-2186.82,False
2024-12-06,EOD,0,-596.25,371.71,-967.96,False
2024-12-09,EOD,0,-60.75,390.18,-450.93,False
2024-12-10,EOD,0,-373.5,358.88,-732.38,False
2024-12-11,EOD,0,72.75,377.28,-304.53,False
2024-12-12,STOP,68,-1432.5,337.6,-1770.1,False
2024-12-13,STOP,14,-1935.0,381.88,-2316.88,False
2024-12-16,STOP,35,-1737.75,356.25,-2094.0,False
2024-12-17,STOP,14,-1766.25,363.06,-2129.31,False
2024-12-18,EOD,0,-699.0,379.32,-1078.32,False
2024-12-19,EOD,0,708.75,381.72,327.03,True
2024-12-20,STOP,43,-1746.0,371.98,-2117.98,False
2024-12-23,EOD,0,86.25,371.45,-285.2,False
2024-12-24,EOD,0,-665.25,340.21,-1005.46,False
2024-12-26,EOD,0,-253.5,348.51,-602.01,False
2024-12-27,EOD,0,647.25,335.37,311.88,True
2024-12-30,STOP,63,-1737.0,365.8,-2102.8,False
2024-12-31,EOD,0,1287.75,352.93,934.82,True
2025-01-01,EOD,0,993.75,380.52,613.23,True
2025-01-02,EOD,0,2878.5,380.52,2497.98,True
2025-01-03,STOP,5,-1641.0,344.54,-1985.54,False
2025-01-06,STOP,22,-1855.5,384.65,-2240.15,False
2025-01-07,EOD,0,122.25,381.98,-259.73,False
2025-01-08,STOP,36,-1863.0,378.52,-2241.52,False
2025-01-09,STOP,19,-1725.75,346.79,-2072.54,False
2025-01-10,STOP,7,-1694.25,354.9,-2049.15,False
2025-01-13,EOD,0,-1108.5,366.41,-1474.91,False
2025-01-14,EOD,0,477.0,355.4,121.6,True
2025-01-15,EOD,0,-355.5,345.59,-701.09,False
2025-01-16,EOD,0,-453.75,346.7,-800.45,False
2025-01-17,STOP,1,-3292.5,330.84,-3623.34,False
2025-01-20,EOD,0,477.75,366.66,111.09,True
2025-01-21,STOP,13,-1812.75,368.7,-2181.45,False
2025-01-22,EOD,0,760.5,355.71,404.79,True
2025-01-23,EOD,0,896.25,368.53,527.72,True
2025-01-24,STOP,66,-1874.25,343.97,-2218.22,False
2025-01-27,EOD,0,-1287.75,366.85,-1654.6,False
2025-01-28,EOD,0,174.75,359.71,-184.96,False
2025-01-29,EOD,0,1465.5,369.78,1095.72,True
2025-01-30,EOD,0,1179.0,366.49,812.51,True
2025-01-31,EOD,0,2393.25,360.74,2032.51,True
2025-02-03,EOD,0,273.75,391.44,-117.69,False
2025-02-04,EOD,0,1843.5,365.06,1478.44,True
2025-02-05,EOD,0,-1134.75,368.37,-1503.12,False
2025-02-06,STOP,4,-2186.25,336.42,-2522.67,False
2025-02-07,STOP,61,-1786.5,374.77,-2161.27,False
2025-02-10,STOP,12,-1834.5,364.51,-2199.01,False
2025-02-11,STOP,43,-1939.5,363.24,-2302.74,False
2025-02-12,STOP,6,-1730.25,356.25,-2086.5,False
2025-02-13,EOD,0,-354.0,368.22,-722.22,False
2025-02-14,STOP,19,-1939.5,369.23,-2308.73,False
2025-02-17,EOD,0,1241.25,376.85,864.4,True
2025-02-18,STOP,24,-1662.0,360.16,-2022.16,False
2025-02-19,EOD,0,948.0,349.0,599.0,True
2025-02-20,EOD,0,1242.75,342.18,900.57,True
2025-02-21,TARGET,1,965.25,322.09,643.16,True
2025-02-24,EOD,0,-751.5,354.8,-1106.3,False
2025-02-25,EOD,0,107.25,358.92,-251.67,False
2025-02-27,STOP,14,-1111.5,328.27,-1439.77,False
2025-02-28,STOP,1,-2581.5,337.52,-2919.02,False
2025-03-03,STOP,11,-1770.75,368.04,-2138.79,False
2025-03-04,EOD,0,1155.0,355.42,799.58,True
2025-03-05,TARGET,29,2976.75,341.85,2634.9,True
2025-03-06,STOP,7,-2157.75,372.54,-2530.29,False
2025-03-07,EOD,0,458.25,342.48,115.77,True
2025-03-10,EOD,0,-1041.0,351.4,-1392.4,False
2025-03-11,EOD,0,1746.0,364.03,1381.97,True
2025-03-12,STOP,28,-1755.0,363.38,-2118.38,False
2025-03-13,STOP,4,-1569.75,335.63,-1905.38,False
2025-03-17,EOD,0,2313.0,343.01,1969.99,True
2025-03-18,EOD,0,2065.5,353.75,1711.75,True
2025-03-19,EOD,0,406.5,356.72,49.78,True
2025-03-20,EOD,0,1356.0,364.26,991.74,True
2025-03-21,TARGET,19,2591.25,333.88,2257.37,True
2025-03-24,EOD,0,1561.5,361.72,1199.78,True
2025-03-25,EOD,0,-1404.0,370.12,-1774.12,False
2025-03-26,STOP,33,-1659.0,348.78,-2007.78,False
2025-03-27,EOD,0,1846.5,360.68,1485.82,True
2025-03-28,STOP,40,-1875.75,343.56,-2219.31,False
2025-04-01,STOP,30,-1752.0,357.72,-2109.72,False
2025-04-02,EOD,0,1617.0,356.75,1260.25,True
2025-04-03,EOD,0,1509.0,341.01,1167.99,True
2025-04-04,STOP,1,-3190.5,329.76,-3520.26,False
2025-04-07,TARGET,4,3520.5,354.59,3165.91,True
2025-04-08,EOD,0,618.75,403.66,215.09,True
2025-04-09,EOD,0,-428.25,361.87,-790.12,False
2025-04-11,TARGET,2,2454.0,329.7,2124.3,True
2025-04-15,EOD,0,-171.75,388.84,-560.59,False
2025-04-16,EOD,0,1255.5,349.01,906.49,True
2025-04-17,STOP,2,-1627.5,339.6,-1967.1,False
2025-04-21,TARGET,40,3030.0,342.54,2687.46,True
2025-04-22,EOD,0,-681.75,355.51,-1037.26,False
2025-04-23,STOP,11,-1924.5,345.17,-2269.67,False
2025-04-24,EOD,0,-426.0,357.61,-783.61,False
2025-04-25,STOP,5,-1803.75,330.7,-2134.45,False
2025-04-28,EOD,0,2219.25,362.22,1857.03,True
2025-04-29,EOD,0,-588.75,350.75,-939.5,False
2025-04-30,EOD,0,-1017.75,365.6,-1383.35,False
2025-05-02,TARGET,3,2737.5,331.95,2405.55,True
2025-05-05,EOD,0,411.0,361.64,49.36,True
2025-05-06,STOP,13,-1685.25,351.53,-2036.78,False
2025-05-07,EOD,0,1868.25,362.91,1505.34,True
2025-05-08,STOP,50,-1836.0,336.87,-2172.87,False
2025-05-09,TARGET,1,2511.0,325.15,2185.85,True
2025-05-12,EOD,0,3176.25,382.0,2794.25,True
2025-05-13,STOP,44,-1917.0,382.94,-2299.94,False
2025-05-14,EOD,0,605.25,374.96,230.29,True
2025-05-15,STOP,5,-1711.5,354.75,-2066.25,False
2025-05-16,STOP,1,-1518.0,331.29,-1849.29,False
2025-05-19,EOD,0,-573.0,380.07,-953.07,False
2025-05-20,STOP,43,-1726.5,365.43,-2091.93,False
2025-05-21,EOD,0,737.25,353.44,383.81,True
2025-05-22,STOP,4,-2032.5,364.58,-2397.08,False
2025-05-23,TARGET,10,2925.75,336.27,2589.48,True
2025-05-26,EOD,0,655.5,372.96,282.54,True
2025-05-27,STOP,61,-1962.75,377.8,-2340.55,False
2025-05-28,EOD,0,-732.0,372.27,-1104.27,False
2025-05-29,EOD,0,618.75,364.84,253.91,True
2025-05-30,TARGET,2,781.5,321.6,459.9,True
2025-06-02,EOD,0,176.25,373.43,-197.18,False
2025-06-03,STOP,44,-2054.25,384.45,-2438.7,False
2025-06-04,EOD,0,588.75,357.15,231.6,True
2025-06-05,EOD,0,856.5,356.57,499.93,True
2025-06-06,STOP,5,-1621.5,330.03,-1951.53,False
2025-06-09,EOD,0,-484.5,376.34,-860.84,False
2025-06-10,EOD,0,-1034.25,369.09,-1403.34,False
2025-06-11,EOD,0,-99.75,354.47,-454.22,False
2025-06-12,STOP,18,-1725.0,348.05,-2073.05,False
2025-06-13,EOD,0,2826.75,347.81,2478.94,True
2025-06-16,EOD,0,1886.25,372.4,1513.85,True
2025-06-17,STOP,42,-1758.0,357.02,-2115.02,False
2025-06-18,EOD,0,168.75,346.45,-177.7,False
2025-06-19,EOD,0,-969.75,344.18,-1313.93,False
2025-06-20,TARGET,16,3213.0,344.22,2868.78,True
2025-06-23,EOD,0,205.5,364.63,-159.13,False
2025-06-24,STOP,55,-1784.25,362.03,-2146.28,False
2025-06-25,EOD,0,1004.25,356.88,647.37,True
2025-06-26,TARGET,69,3067.5,344.74,2722.76,True
2025-06-27,EOD,0,932.25,346.41,585.84,True
2025-06-30,STOP,46,-1717.5,358.6,-2076.1,False
2025-07-01,EOD,0,-244.5,352.36,-596.86,False
2025-07-02,STOP,17,-1675.5,344.04,-2019.54,False
2025-07-03,STOP,3,-1445.25,337.18,-1782.43,False
2025-07-04,STOP,5,-1561.5,330.23,-1891.73,False
2025-07-07,EOD,0,40.5,372.7,-332.2,False
2025-07-08,EOD,0,899.25,373.14,526.11,True
2025-07-09,EOD,0,-700.5,348.58,-1049.08,False
2025-07-10,STOP,2,-1384.5,332.59,-1717.09,False
2025-07-11,TARGET,2,981.75,322.34,659.41,True
2025-07-14,EOD,0,-603.0,369.72,-972.72,False
2025-07-15,EOD,0,1239.0,369.74,869.26,True
2025-07-16,STOP,18,-1598.25,335.85,-1934.1,False
2025-07-17,STOP,7,-1414.5,332.36,-1746.86,False
2025-07-18,STOP,1,-850.5,322.03,-1172.53,False
2025-07-21,EOD,0,929.25,366.68,562.57,True
2025-07-22,STOP,18,-1427.25,339.48,-1766.73,False
2025-07-23,EOD,0,1264.5,340.75,923.75,True
2025-07-24,STOP,7,-1539.75,336.43,-1876.18,False
2025-07-25,STOP,1,-1874.25,332.31,-2206.56,False
2025-07-28,EOD,0,-1593.0,351.86,-1944.86,False
2025-07-29,EOD,0,2792.25,343.72,2448.53,True
2025-07-30,STOP,8,-1638.75,337.68,-1976.43,False
2025-07-31,TARGET,52,3285.75,350.61,2935.14,True
2025-08-01,STOP,2,-1189.5,323.95,-1513.45,False
2025-08-04,EOD,0,1155.0,373.57,781.43,True
2025-08-05,EOD,0,-846.0,355.04,-1201.04,False
2025-08-06,STOP,21,-1600.5,341.97,-1942.47,False
2025-08-07,EOD,0,1628.25,360.66,1267.59,True
2025-08-08,STOP,3,-1170.75,325.46,-1496.21,False
2025-08-11,EOD,0,2160.0,350.02,1809.98,True
2025-08-12,EOD,0,-887.25,358.35,-1245.6,False
2025-08-13,EOD,0,649.5,349.89,299.61,True
2025-08-14,EOD,0,99.75,359.1,-259.35,False
2025-08-18,EOD,0,-1141.5,339.13,-1480.63,False
2025-08-19,EOD,0,1075.5,361.81,713.69,True
2025-08-20,EOD,0,1263.0,340.76,922.24,True
2025-08-21,EOD,0,-771.0,359.87,-1130.87,False
2025-08-22,STOP,1,-1734.0,321.53,-2055.53,False
2025-08-25,EOD,0,402.75,352.27,50.48,True
2025-08-26,STOP,5,-1699.5,355.31,-2054.81,False
2025-08-28,STOP,1,-2995.5,333.97,-3329.47,False
2025-08-29,EOD,0,-457.5,348.58,-806.08,False
2025-09-01,EOD,0,2892.0,343.3,2548.7,True
2025-09-02,STOP,57,-1470.75,334.52,-1805.27,False
2025-09-03,EOD,0,907.5,366.7,540.8,True
2025-09-04,STOP,1,-1803.0,350.17,-2153.17,False
2025-09-05,STOP,12,-1896.0,349.83,-2245.83,False
2025-09-08,EOD,0,-117.75,365.17,-482.92,False
2025-09-09,EOD,0,318.0,332.6,-14.6,False
2025-09-10,STOP,49,-1427.25,328.09,-1755.34,False
2025-09-11,EOD,0,813.75,353.08,460.67,True
2025-09-12,EOD,0,356.25,358.52,-2.27,False
2025-09-15,EOD,0,-541.5,359.24,-900.74,False
2025-09-16,EOD,0,1883.25,355.46,1527.79,True
2025-09-17,EOD,0,596.25,364.36,231.89,True
2025-09-18,EOD,0,-233.25,361.28,-594.53,False
2025-09-19,EOD,0,-693.75,356.24,-1049.99,False
2025-09-22,EOD,0,-458.25,359.36,-817.61,False
2025-09-23,STOP,6,-1701.75,330.55,-2032.3,False
2025-09-24,STOP,2,-843.0,325.32,-1168.32,False
2025-09-25,STOP,69,-1682.25,350.78,-2033.03,False
2025-09-26,STOP,57,-1698.75,358.74,-2057.49,False
2025-09-29,STOP,31,-1639.5,342.76,-1982.26,False
2025-09-30,STOP,15,-1532.25,336.96,-1869.21,False
2025-10-01,TARGET,3,541.5,321.1,220.4,True
2025-10-03,EOD,0,2026.5,340.83,1685.67,True
2025-10-06,TARGET,52,2520.0,333.81,2186.19,True
2025-10-07,EOD,0,675.75,334.2,341.55,True
2025-10-08,EOD,0,-852.0,350.8,-1202.8,False
2025-10-09,EOD,0,1419.75,340.34,1079.41,True
2025-10-10,EOD,0,1491.75,345.39,1146.36,True
2025-10-13,EOD,0,906.0,349.94,556.06,True
2025-10-14,STOP,9,-1932.75,334.61,-2267.36,False
2025-10-15,EOD,0,2310.75,344.06,1966.69,True
2025-10-16,EOD,0,2467.5,344.01,2123.49,True
2025-10-17,EOD,0,2094.0,348.49,1745.51,True
2025-10-20,EOD,0,408.75,340.95,67.8,True
2025-10-23,STOP,70,-1940.25,353.46,-2293.71,False
2025-10-24,STOP,18,-1722.75,350.79,-2073.54,False
2025-10-27,EOD,0,2078.25,342.2,1736.05,True
2025-10-28,STOP,20,-1567.5,341.64,-1909.14,False
2025-10-29,EOD,0,1565.25,341.54,1223.71,True
2025-10-30,EOD,0,-936.75,369.95,-1306.7,False
2025-10-31,STOP,68,-1629.0,351.06,-1980.06,False
2025-11-03,EOD,0,1161.0,346.19,814.81,True
2025-11-04,EOD,0,-1214.25,386.54,-1600.79,False
2025-11-06,STOP,12,-1637.25,329.4,-1966.65,False
2025-11-07,STOP,4,-1791.0,349.02,-2140.02,False
2025-11-10,EOD,0,788.25,359.21,429.04,True
2025-11-11,STOP,16,-1826.25,354.12,-2180.37,False
2025-11-12,EOD,0,310.5,385.79,-75.29,False
2025-11-13,EOD,0,-289.5,352.19,-641.69,False
2025-11-14,EOD,0,1480.5,360.9,1119.6,True
2025-11-17,EOD,0,578.25,375.06,203.19,True
2025-11-18,STOP,9,-1782.75,347.63,-2130.38,False
2025-11-19,EOD,0,1204.5,368.36,836.14,True
2025-11-20,EOD,0,722.25,363.59,358.66,True
2025-11-21,EOD,0,-450.75,366.73,-817.48,False
2025-11-24,STOP,70,-2097.0,346.93,-2443.93,False
2025-11-25,STOP,21,-1398.0,334.91,-1732.91,False
2025-11-26,EOD,0,3011.25,369.62,2641.63,True
2025-11-27,EOD,0,-500.25,355.67,-855.92,False
2025-11-28,EOD,0,-350.25,365.97,-716.22,False
2025-12-01,STOP,30,-1875.75,348.54,-2224.29,False
2025-12-02,EOD,0,-241.5,385.94,-627.44,False
2025-12-03,EOD,0,-190.5,369.15,-559.65,False
2025-12-04,EOD,0,462.75,355.62,107.13,True
2025-12-05,EOD,0,2325.0,347.24,1977.76,True
2025-12-08,STOP,52,-1947.75,379.81,-2327.56,False
2025-12-09,STOP,8,-1629.0,355.59,-1984.59,False
2025-12-10,EOD,0,-1401.0,358.05,-1759.05,False
2025-12-11,EOD,0,1262.25,360.99,901.26,True
2025-12-12,EOD,0,1078.5,341.51,736.99,True
2025-12-15,EOD,0,754.5,376.16,378.34,True
2025-12-16,EOD,0,-965.25,369.83,-1335.08,False
2025-12-17,EOD,0,-768.0,370.33,-1138.33,False
2025-12-18,EOD,0,618.75,353.15,265.6,True
2025-12-19,EOD,0,789.75,342.1,447.65,True
2025-12-22,EOD,0,975.75,369.98,605.77,True
2025-12-23,EOD,0,-401.25,365.43,-766.68,False
2025-12-24,EOD,0,-281.25,366.05,-647.3,False
2025-12-26,STOP,30,-1327.5,336.5,-1664.0,False
2025-12-29,STOP,61,-1619.25,356.61,-1975.86,False
2025-12-30,EOD,0,302.25,324.09,-21.84,False
2025-12-31,TARGET,1,544.05,290.98,253.07,True
2026-01-01,EOD,0,-239.2,338.1,-577.3,False
2026-01-02,EOD,0,1242.8,340.51,902.29,True
2026-01-05,EOD,0,-656.5,342.54,-999.04,False
2026-01-06,EOD,0,-299.0,303.97,-602.97,False
2026-01-07,EOD,0,-2.6,320.37,-322.97,False
2026-01-08,STOP,43,-1501.5,336.06,-1837.56,False
2026-01-09,EOD,0,-969.8,343.95,-1313.75,False
2026-01-12,STOP,28,-1503.45,334.91,-1838.36,False
2026-01-13,STOP,43,-1643.85,337.47,-1981.32,False
2026-01-14,TARGET,3,1715.35,294.14,1421.21,True
2026-01-16,EOD,0,44.85,338.42,-293.57,False
2026-01-19,STOP,10,-1658.15,316.85,-1975.0,False
2026-01-20,STOP,42,-1616.55,329.3,-1945.85,False
2026-01-21,STOP,20,-1597.7,328.83,-1926.53,False
2026-01-22,EOD,0,-181.35,338.61,-519.96,False
2026-01-23,STOP,29,-1430.0,316.96,-1746.96,False
2026-01-27,STOP,2,-1509.95,313.23,-1823.18,False
2026-01-28,TARGET,1,906.1,291.58,614.52,True
2026-01-29,EOD,0,507.65,347.04,160.61,True
2026-01-30,EOD,0,429.0,350.02,78.98,True
2026-02-02,EOD,0,2046.2,335.7,1710.5,True
2026-02-03,STOP,1,-4579.9,320.38,-4900.28,False
2026-02-04,TARGET,4,2210.0,296.89,1913.11,True
2026-02-05,EOD,0,-991.25,330.58,-1321.83,False
2026-02-06,EOD,0,479.05,340.77,138.28,True
2026-02-09,STOP,5,-1510.6,313.18,-1823.78,False
2026-02-10,EOD,0,-76.05,310.56,-386.61,False
2026-02-11,STOP,4,-1663.35,293.53,-1956.88,False
2026-02-12,EOD,0,-930.8,332.05,-1262.85,False
2026-02-13,EOD,0,-882.7,332.98,-1215.68,False
2026-02-16,EOD,0,2287.35,317.9,1969.45,True
2026-02-17,EOD,0,917.8,317.76,600.04,True
2026-02-18,STOP,2,-2085.85,292.03,-2377.88,False
2026-02-19,STOP,26,-1582.75,330.45,-1913.2,False
2026-02-20,EOD,0,1570.4,319.98,1250.42,True
2026-02-23,EOD,0,287.3,321.96,-34.66,False
2026-02-24,STOP,12,-1567.15,325.68,-1892.83,False
2026-02-25,EOD,0,-319.8,325.31,-645.11,False
2026-02-26,EOD,0,-445.25,341.98,-787.23,False
2026-02-27,STOP,8,-1477.45,316.37,-1793.82,False
2026-03-02,EOD,0,1389.05,335.71,1053.34,True
2026-03-04,EOD,0,683.15,335.47,347.68,True
2026-03-05,EOD,0,593.45,367.03,226.42,True
2026-03-06,STOP,72,-1602.25,338.53,-1940.78,False
2026-03-09,EOD,0,915.85,341.67,574.18,True
2026-03-10,EOD,0,36.4,348.07,-311.67,False
2026-03-11,STOP,8,-1695.2,305.08,-2000.28,False
2026-03-12,EOD,0,-178.75,364.47,-543.22,False
2026-03-13,STOP,48,-1654.25,354.89,-2009.14,False
2026-03-16,EOD,0,1400.1,349.26,1050.84,True
2026-03-17,EOD,0,609.7,327.43,282.27,True
2026-03-18,TARGET,29,2646.15,305.68,2340.47,True
2026-03-19,STOP,69,-1797.25,340.07,-2137.32,False
2026-03-20,EOD,0,142.35,354.33,-211.98,False
2026-03-23,STOP,12,-1559.35,348.44,-1907.79,False
2026-03-24,STOP,17,-1674.4,347.63,-2022.03,False
2026-03-25,TARGET,4,2275.0,301.3,1973.7,True
2026-03-27,STOP,61,-1572.35,355.16,-1927.51,False
2026-03-30,STOP,70,-1773.85,344.24,-2118.09,False
2026-04-01,STOP,20,-1435.2,314.37,-1749.57,False
2026-04-02,EOD,0,1534.65,369.75,1164.9,True
2026-04-06,EOD,0,992.55,360.79,631.76,True
2026-04-07,EOD,0,2076.1,337.77,1738.33,True
2026-04-08,EOD,0,1329.9,328.37,1001.53,True
2026-04-09,EOD,0,-900.9,349.4,-1250.3,False
2026-04-10,EOD,0,1298.7,338.13,960.57,True
2026-04-13,EOD,0,2210.65,321.53,1889.12,True
2026-04-15,TARGET,1,724.75,291.18,433.57,True
2026-04-16,STOP,40,-1714.05,345.39,-2059.44,False
2026-04-17,EOD,0,1526.85,331.59,1195.26,True
2026-04-20,EOD,0,-489.45,336.17,-825.62,False
2026-04-21,EOD,0,1985.75,315.53,1670.22,True
2026-04-22,STOP,3,-892.45,290.85,-1183.3,False
2026-04-23,EOD,0,-302.25,347.7,-649.95,False
2026-04-24,STOP,24,-1522.95,333.66,-1856.61,False
2026-04-27,EOD,0,1324.7,332.72,991.98,True
2026-04-28,EOD,0,-827.45,309.5,-1136.95,False
2026-04-29,STOP,2,-711.1,293.39,-1004.49,False
2026-04-30,STOP,20,-1531.4,334.08,-1865.48,False
2026-05-04,EOD,0,475.8,333.01,142.79,True
2026-05-05,STOP,18,-1397.5,316.51,-1714.01,False
2026-05-06,STOP,42,-1405.95,324.52,-1730.47,False
2026-05-07,EOD,0,-501.15,335.24,-836.39,False
2026-05-08,EOD,0,-428.35,338.0,-766.35,False
2026-05-11,EOD,0,-1258.4,330.42,-1588.82,False
2026-05-12,STOP,22,-1448.2,317.99,-1766.19,False
2026-05-13,STOP,5,-1553.5,303.92,-1857.42,False
2026-05-14,EOD,0,1236.3,346.02,890.28,True
2026-05-15,EOD,0,-632.45,333.2,-965.65,False
2026-05-18,EOD,0,1463.8,329.04,1134.76,True
2026-05-19,EOD,0,-921.05,316.92,-1237.97,False
2026-05-20,TARGET,5,1475.5,294.2,1181.3,True
2026-05-21,EOD,0,-1320.8,343.48,-1664.28,False
2026-05-22,EOD,0,651.3,328.16,323.14,True
2026-05-25,EOD,0,1121.25,322.54,798.71,True
2026-05-26,STOP,58,-1554.8,305.2,-1860.0,False
2026-05-27,EOD,0,1072.5,298.27,774.23,True
2026-05-29,STOP,56,-1503.45,325.99,-1829.44,False
2026-06-01,STOP,33,-1629.55,323.42,-1952.97,False
2026-06-02,TARGET,50,2907.45,313.27,2594.18,True
2026-06-03,STOP,1,-2646.15,299.24,-2945.39,False
2026-06-04,EOD,0,1136.2,340.89,795.31,True
2026-06-05,STOP,51,-1587.3,329.75,-1917.05,False
2026-06-08,EOD,0,254.8,322.22,-67.42,False
2026-06-09,STOP,10,-1407.9,308.17,-1716.07,False
2026-06-10,EOD,0,-183.95,325.34,-509.29,False
2026-06-11,EOD,0,693.55,330.37,363.18,True
2026-06-12,EOD,0,1872.65,324.32,1548.33,True
2026-06-15,EOD,0,-1235.0,328.26,-1563.26,False
2026-06-16,EOD,0,932.75,307.82,624.93,True
2026-06-17,STOP,1,-3309.8,292.46,-3602.26,False
2026-06-18,EOD,0,885.3,327.12,558.18,True
2026-06-19,EOD,0,617.5,317.05,300.45,True
2026-06-22,EOD,0,-261.95,312.49,-574.44,False
2026-06-23,STOP,32,-1120.6,300.43,-1421.03,False
2026-06-24,TARGET,1,1086.8,292.33,794.47,True
2026-06-25,EOD,0,-780.65,324.88,-1105.53,False
2026-06-29,STOP,40,-1493.7,314.18,-1807.88,False
2026-06-30,STOP,1,-1701.7,306.57,-2008.27,False
2026-07-01,TARGET,5,937.95,292.2,645.75,True
2026-07-02,EOD,0,1024.4,321.23,703.17,True
2026-07-03,EOD,0,-1290.9,319.41,-1610.31,False
2026-07-06,EOD,0,1038.05,326.62,711.43,True
2026-07-07,STOP,71,-1246.05,300.24,-1546.29,False
2026-07-08,STOP,38,-1156.35,300.24,-1456.59,False
2026-07-09,EOD,0,430.3,336.77,93.53,True
2026-07-10,EOD,0,716.95,328.31,388.64,True
2026-07-13,EOD,0,2206.1,310.61,1895.49,True
2026-07-14,EOD,0,-587.6,302.68,-890.28,False
2026-07-15,TARGET,2,2130.05,294.94,1835.11,True
2026-07-16,EOD,0,-605.15,325.96,-931.11,False
2026-07-17,EOD,0,1886.3,330.42,1555.88,True
2026-07-20,EOD,0,488.8,325.27,163.53,True
2026-07-21,STOP,45,-1286.35,301.29,-1587.64,False
2026-07-22,STOP,1,-1420.9,298.8,-1719.7,False
2026-07-23,EOD,0,-272.35,333.05,-605.4,False
2026-07-24,EOD,0,1309.1,315.05,994.05,True
2026-07-27,EOD,0,943.8,316.95,626.85,True
2026-07-28,EOD,0,304.2,300.05,4.15,True
2026-07-29,TARGET,11,1461.2,294.09,1167.11,True
2026-07-30,EOD,0,533.0,318.04,214.96,True
2026-07-31,EOD,0,47.45,326.83,-279.38,False
2026-08-03,EOD,0,1680.9,324.6,1356.3,True
2026-08-04,STOP,1,-2345.2,300.63,-2645.83,False
2026-08-05,STOP,40,-1527.5,314.48,-1841.98,False
2026-08-06,EOD,0,-41.6,334.32,-375.92,False
2026-08-07,EOD,0,271.05,332.83,-61.78,False
2026-08-10,EOD,0,34.45,314.72,-280.27,False
2026-08-11,STOP,8,-1478.75,315.59,-1794.34,False
2026-08-12,STOP,21,-1438.45,324.86,-1763.31,False
2026-08-13,EOD,0,-399.75,322.18,-721.93,False
2026-08-14,EOD,0,51.35,313.34,-261.99,False
2026-08-17,STOP,13,-1422.85,306.35,-1729.2,False
2026-08-18,STOP,27,-914.55,297.53,-1212.08,False
2026-08-19,STOP,1,-1117.35,294.23,-1411.58,False
2026-08-20,EOD,0,78.0,320.9,-242.9,False
2026-08-21,EOD,0,-455.65,311.9,-767.55,False
2026-08-24,STOP,26,-1382.55,308.88,-1691.43,False
2026-08-25,STOP,14,-1357.2,302.32,-1659.52,False
2026-08-26,STOP,34,-1373.45,303.17,-1676.62,False
2026-08-27,STOP,26,-1565.2,322.03,-1887.23,False
2026-08-28,EOD,0,673.4,309.89,363.51,True
2026-08-31,STOP,6,-1418.3,307.57,-1725.87,False
2026-09-01,STOP,59,-1494.35,319.2,-1813.55,False
2026-09-02,STOP,1,-1173.9,292.76,-1466.66,False
2026-09-03,STOP,75,-1485.9,317.86,-1803.76,False
2026-09-04,EOD,0,-156.0,315.89,-471.89,False
2026-09-07,EOD,0,-1065.35,325.78,-1391.13,False
2026-09-08,STOP,2,-1368.9,302.51,-1671.41,False
2026-09-09,STOP,11,-1006.2,298.29,-1304.49,False
2026-09-10,EOD,0,304.2,325.27,-21.07,False
2026-09-11,EOD,0,1562.6,308.7,1253.9,True
2026-09-15,STOP,7,-1708.85,324.36,-2033.21,False
2026-09-16,EOD,0,243.1,309.38,-66.28,False
2026-09-17,EOD,0,732.55,324.79,407.76,True
2026-09-18,EOD,0,144.95,317.73,-172.78,False
2026-09-21,EOD,0,928.85,321.42,607.43,True
2026-09-22,STOP,32,-1433.25,311.68,-1744.93,False
2026-09-23,EOD,0,1061.45,316.93,744.52,True
2026-09-24,STOP,54,-1366.3,315.18,-1681.48,False
2026-09-25,EOD,0,1073.8,323.7,750.1,True
