date,year,p_win,trade,net_pnl,win
2022-01-03,2022,0.8494,True,1674.97,1
2022-01-04,2022,0.6271,True,985.75,1
2022-01-05,2022,0.0248,False,905.59,1
2022-01-06,2022,0.3062,False,-1081.12,0
2022-01-07,2022,0.0797,False,887.88,1
2022-01-10,2022,0.1235,False,440.02,1
2022-01-11,2022,0.5474,False,276.79,1
2022-01-12,2022,0.1197,False,186.26,1
2022-01-13,2022,0.1495,False,-1259.13,0
2022-01-14,2022,0.8497,True,-1979.27,0
2022-01-17,2022,0.5318,False,294.07,1
2022-01-18,2022,0.1029,False,-1661.78,0
2022-01-19,2022,0.2569,False,-1444.44,0
2022-01-20,2022,0.0501,False,-1428.4,0
2022-01-21,2022,0.075,False,-1529.85,0
2022-01-24,2022,0.1665,False,-1407.31,0
2022-01-25,2022,0.1939,False,1450.25,1
2022-01-27,2022,0.0285,False,-1280.29,0
2022-01-28,2022,0.0772,False,1017.47,1
2022-01-31,2022,0.7566,True,-125.45,0
2022-02-01,2022,0.8404,True,-1553.95,0
2022-02-02,2022,0.6148,True,495.19,1
2022-02-03,2022,0.247,False,-1360.05,0
2022-02-04,2022,0.0845,False,-3922.3,0
2022-02-07,2022,0.3507,False,-1450.6,0
2022-02-08,2022,0.2397,False,-1695.49,0
2022-02-09,2022,0.2389,False,878.78,1
2022-02-10,2022,0.5149,False,-1287.78,0
2022-02-11,2022,0.2766,False,-1781.72,0
2022-02-14,2022,0.3459,False,-1534.79,0
2022-02-15,2022,0.3208,False,2027.78,1
2022-02-16,2022,0.745,True,-1318.98,0
2022-02-17,2022,0.2604,False,-1643.42,0
2022-02-18,2022,0.0626,False,664.26,1
2022-02-21,2022,0.1422,False,-258.53,0
2022-02-22,2022,0.4023,False,1227.76,1
2022-02-23,2022,0.2062,False,-1501.16,0
2022-02-24,2022,0.4313,False,-1577.24,0
2022-02-25,2022,0.0609,False,65.3,1
2022-02-28,2022,0.5303,False,1065.34,1
2022-03-02,2022,0.0893,False,-84.5,0
2022-03-04,2022,0.1749,False,-3969.68,0
2022-03-07,2022,0.0614,False,-202.59,0
2022-03-08,2022,0.1637,False,978.66,1
2022-03-09,2022,0.369,False,1382.15,1
2022-03-10,2022,0.812,True,-1362.9,0
2022-03-11,2022,0.2797,False,705.01,1
2022-03-14,2022,0.0845,False,894.03,1
2022-03-15,2022,0.2106,False,-1637.08,0
2022-03-16,2022,0.7964,True,364.44,1
2022-03-17,2022,0.9119,True,583.0,1
2022-03-21,2022,0.2388,False,-2397.43,0
2022-03-22,2022,0.4171,False,921.74,1
2022-03-23,2022,0.2046,False,-1444.57,0
2022-03-24,2022,0.1857,False,844.68,1
2022-03-25,2022,0.0558,False,-3510.15,0
2022-03-28,2022,0.122,False,-61.43,0
2022-03-29,2022,0.2199,False,64.79,1
2022-03-30,2022,0.2265,False,-1196.95,0
2022-03-31,2022,0.1024,False,-1126.85,0
2022-04-01,2022,0.3236,False,636.27,1
2022-04-04,2022,0.3704,False,1402.54,1
2022-04-05,2022,0.0926,False,-1433.19,0
2022-04-06,2022,0.2857,False,-813.3,0
2022-04-07,2022,0.1054,False,-1008.7,0
2022-04-08,2022,0.0302,False,-1168.85,0
2022-04-11,2022,0.1999,False,-832.73,0
2022-04-12,2022,0.0747,False,-1324.13,0
2022-04-13,2022,0.0742,False,-1416.0,0
2022-04-18,2022,0.0607,False,712.53,1
2022-04-19,2022,0.3904,False,-1445.99,0
2022-04-20,2022,0.0817,False,863.78,1
2022-04-21,2022,0.4435,False,1663.4,1
2022-04-22,2022,0.3293,False,-1469.81,0
2022-04-25,2022,0.459,False,-480.15,0
2022-04-26,2022,0.1382,False,357.12,1
2022-04-27,2022,0.7726,True,-1299.44,0
2022-04-28,2022,0.2681,False,-1249.02,0
2022-04-29,2022,0.7837,True,-701.82,0
2022-05-02,2022,0.467,False,778.91,1
2022-05-04,2022,0.1473,False,-1379.15,0
2022-05-05,2022,0.2315,False,-1472.26,0
2022-05-06,2022,0.3699,False,-481.61,0
2022-05-09,2022,0.1363,False,258.08,1
2022-05-10,2022,0.1646,False,-598.22,0
2022-05-11,2022,0.409,False,-1333.68,0
2022-05-12,2022,0.0392,False,-1427.66,0
2022-05-13,2022,0.0289,False,-2093.42,0
2022-05-16,2022,0.6456,True,-149.58,0
2022-05-17,2022,0.8912,True,1936.81,1
2022-05-18,2022,0.8438,True,-881.22,0
2022-05-19,2022,0.0802,False,-1089.7,0
2022-05-20,2022,0.06,False,1011.22,1
2022-05-23,2022,0.9101,True,-946.7,0
2022-05-24,2022,0.8249,True,-947.4,0
2022-05-25,2022,0.6046,True,-1368.4,0
2022-05-26,2022,0.3774,False,-1302.92,0
2022-05-27,2022,0.7758,True,-681.99,0
2022-05-30,2022,0.1949,False,689.08,1
2022-05-31,2022,0.5161,False,-270.0,0
2022-06-01,2022,0.7243,True,-1434.4,0
2022-06-02,2022,0.1323,False,1543.66,1
2022-06-03,2022,0.1519,False,-393.87,0
2022-06-06,2022,0.8642,True,-25.66,0
2022-06-07,2022,0.1356,False,-1321.44,0
2022-06-08,2022,0.3063,False,-1211.33,0
2022-06-09,2022,0.0942,False,1364.45,1
2022-06-10,2022,0.1569,False,-940.71,0
2022-06-13,2022,0.2004,False,-1461.41,0
2022-06-14,2022,0.2023,False,242.58,1
2022-06-15,2022,0.0943,False,-707.11,0
2022-06-16,2022,0.7963,True,-1518.65,0
2022-06-17,2022,0.2188,False,-430.33,0
2022-06-20,2022,0.5436,False,-67.73,0
2022-06-21,2022,0.7973,True,1046.0,1
2022-06-22,2022,0.8777,True,-1307.48,0
2022-06-23,2022,0.0379,False,-1368.78,0
2022-06-24,2022,0.4761,False,141.13,1
2022-06-27,2022,0.4803,False,-962.63,0
2022-06-28,2022,0.4317,False,740.46,1
2022-06-29,2022,0.0582,False,604.56,1
2022-06-30,2022,0.0655,False,-766.2,0
2022-07-01,2022,0.1353,False,-743.55,0
2022-07-04,2022,0.0216,False,589.91,1
2022-07-05,2022,0.1121,False,-1401.52,0
2022-07-06,2022,0.3213,False,1444.92,1
2022-07-07,2022,0.2872,False,91.66,1
2022-07-08,2022,0.0615,False,-2152.87,0
2022-07-11,2022,0.538,False,278.09,1
2022-07-12,2022,0.3149,False,-1207.04,0
2022-07-13,2022,0.1425,False,-1383.27,0
2022-07-14,2022,0.0554,False,-1249.14,0
2022-07-15,2022,0.65,True,-875.76,0
2022-07-18,2022,0.751,True,869.57,1
2022-07-19,2022,0.3564,False,1243.85,1
2022-07-20,2022,0.0902,False,-1197.68,0
2022-07-21,2022,0.0488,False,852.28,1
2022-07-22,2022,0.2056,False,24.21,1
2022-07-25,2022,0.5806,True,-750.37,0
2022-07-26,2022,0.5225,False,-1390.05,0
2022-07-27,2022,0.2516,False,1598.91,1
2022-07-28,2022,0.2292,False,1242.33,1
2022-07-29,2022,0.2892,False,639.22,1
2022-08-01,2022,0.1152,False,535.98,1
2022-08-02,2022,0.4175,False,-423.1,0
2022-08-03,2022,0.2776,False,-1388.3,0
2022-08-04,2022,0.283,False,-1320.39,0
2022-08-05,2022,0.1669,False,-868.94,0
2022-08-08,2022,0.1253,False,719.72,1
2022-08-10,2022,0.1693,False,-1369.69,0
2022-08-11,2022,0.2419,False,-1209.11,0
2022-08-12,2022,0.0901,False,-667.35,0
2022-08-16,2022,0.3731,False,61.47,1
2022-08-17,2022,0.19,False,501.75,1
2022-08-18,2022,0.9147,True,738.38,1
2022-08-19,2022,0.5442,False,-963.21,0
2022-08-22,2022,0.8926,True,-1421.9,0
2022-08-23,2022,0.2583,False,1796.22,1
2022-08-24,2022,0.1216,False,789.07,1
2022-08-25,2022,0.3707,False,-1705.76,0
2022-08-26,2022,0.1856,False,27.31,1
2022-08-29,2022,0.5241,False,940.02,1
2022-08-30,2022,0.3825,False,1764.31,1
2022-09-01,2022,0.5297,False,1885.43,1
2022-09-02,2022,0.0274,False,-1054.93,0
2022-09-05,2022,0.477,False,507.44,1
2022-09-06,2022,0.602,True,-675.05,0
2022-09-07,2022,0.5112,False,796.58,1
2022-09-08,2022,0.0864,False,418.2,1
2022-09-09,2022,0.5601,True,-625.48,0
2022-09-12,2022,0.7588,True,79.29,1
2022-09-13,2022,0.5965,True,-48.05,0
2022-09-14,2022,0.851,True,1600.05,1
2022-09-15,2022,0.259,False,-1228.95,0
2022-09-16,2022,0.6109,True,-1267.1,0
2022-09-19,2022,0.0996,False,356.67,1
2022-09-20,2022,0.6807,True,-101.33,0
2022-09-21,2022,0.755,True,-1269.36,0
2022-09-22,2022,0.5485,False,-56.2,0
2022-09-23,2022,0.0612,False,-1100.77,0
2022-09-26,2022,0.1306,False,-1417.09,0
2022-09-27,2022,0.277,False,-1351.41,0
2022-09-28,2022,0.4675,False,-703.5,0
2022-09-29,2022,0.0284,False,-1246.31,0
2022-09-30,2022,0.0462,False,-1070.95,0
2022-10-03,2022,0.6566,True,-1397.72,0
2022-10-04,2022,0.6111,True,793.24,1
2022-10-06,2022,0.4311,False,-1132.7,0
2022-10-07,2022,0.2418,False,-983.7,0
2022-10-10,2022,0.7003,True,970.11,1
2022-10-11,2022,0.1378,False,-1437.71,0
2022-10-12,2022,0.4842,False,764.92,1
2022-10-13,2022,0.5537,True,-1414.86,0
2022-10-14,2022,0.3079,False,-387.97,0
2022-10-17,2022,0.5573,True,1054.16,1
2022-10-18,2022,0.5595,True,217.3,1
2022-10-19,2022,0.0232,False,-1352.26,0
2022-10-20,2022,0.4181,False,1233.63,1
2022-10-21,2022,0.1626,False,-83.97,0
2022-10-25,2022,0.2672,False,-1407.97,0
2022-10-27,2022,0.245,False,-1029.97,0
2022-10-28,2022,0.2114,False,191.92,1
2022-10-31,2022,0.4077,False,647.04,1
2022-11-01,2022,0.4633,False,-129.71,0
2022-11-02,2022,0.1258,False,-1374.23,0
2022-11-03,2022,0.8521,True,643.48,1
2022-11-04,2022,0.2061,False,-749.11,0
2022-11-07,2022,0.7677,True,-1321.24,0
2022-11-09,2022,0.203,False,-1339.43,0
2022-11-10,2022,0.4037,False,-1217.17,0
2022-11-11,2022,0.1427,False,687.03,1
2022-11-14,2022,0.2934,False,-884.61,0
2022-11-15,2022,0.3961,False,-1219.24,0
2022-11-16,2022,0.6889,True,-152.65,0
2022-11-17,2022,0.9542,True,-708.37,0
2022-11-18,2022,0.6485,True,-1729.6,0
2022-11-21,2022,0.2843,False,-1298.74,0
2022-11-22,2022,0.2016,False,665.85,1
2022-11-23,2022,0.7455,True,-1286.66,0
2022-11-24,2022,0.7338,True,1768.55,1
2022-11-25,2022,0.8256,True,-2950.97,0
2022-11-28,2022,0.8315,True,1036.24,1
2022-11-29,2022,0.4218,False,350.77,1
2022-11-30,2022,0.2661,False,1580.3,1
2022-12-01,2022,0.8822,True,-1111.23,0
2022-12-02,2022,0.7448,True,-1248.08,0
2022-12-05,2022,0.1552,False,-1443.51,0
2022-12-06,2022,0.2373,False,278.98,1
2022-12-07,2022,0.0534,False,-1444.76,0
2022-12-08,2022,0.3469,False,363.5,1
2022-12-09,2022,0.7465,True,-1016.2,0
2022-12-12,2022,0.1554,False,700.38,1
2022-12-13,2022,0.3284,False,534.07,1
2022-12-14,2022,0.7232,True,-636.97,0
2022-12-15,2022,0.4024,False,-1081.02,0
2022-12-16,2022,0.0883,False,22.37,1
2022-12-19,2022,0.0254,False,1087.53,1
2022-12-20,2022,0.8247,True,-1408.52,0
2022-12-21,2022,0.4805,False,-1214.28,0
2022-12-22,2022,0.3693,False,-1674.86,0
2022-12-23,2022,0.0376,False,791.5,1
2022-12-26,2022,0.2083,False,1203.9,1
2022-12-27,2022,0.4962,False,-1364.97,0
2022-12-28,2022,0.3101,False,71.9,1
2022-12-29,2022,0.0562,False,-1212.23,0
2022-12-30,2022,0.521,False,-1511.5,0
2023-01-02,2023,0.4895,False,494.36,1
2023-01-03,2023,0.2058,False,488.62,1
2023-01-04,2023,0.1104,False,-1293.19,0
2023-01-05,2023,0.4207,False,-1307.0,0
2023-01-06,2023,0.1566,False,-970.89,0
2023-01-09,2023,0.6216,True,987.08,1
2023-01-10,2023,0.7232,True,-1203.27,0
2023-01-11,2023,0.3367,False,-1315.63,0
2023-01-12,2023,0.0173,False,-1330.15,0
2023-01-13,2023,0.0491,False,-1658.02,0
2023-01-16,2023,0.4358,False,-1396.02,0
2023-01-17,2023,0.0208,False,1052.81,1
2023-01-18,2023,0.03,False,809.58,1
2023-01-19,2023,0.5851,True,-969.03,0
2023-01-20,2023,0.1952,False,-672.73,0
2023-01-23,2023,0.0828,False,-417.6,0
2023-01-24,2023,0.0852,False,-1231.32,0
2023-01-25,2023,0.6622,True,-1290.04,0
2023-01-27,2023,0.6983,True,-2764.03,0
2023-01-30,2023,0.3565,False,519.38,1
2023-01-31,2023,0.0564,False,-1521.43,0
2023-02-01,2023,0.5962,True,-1414.2,0
2023-02-02,2023,0.4822,False,680.17,1
2023-02-03,2023,0.1462,False,-1240.37,0
2023-02-06,2023,0.767,True,-1274.62,0
2023-02-07,2023,0.1165,False,-1362.01,0
2023-02-08,2023,0.0349,False,1013.19,1
2023-02-09,2023,0.1047,False,-1194.3,0
2023-02-10,2023,0.2853,False,-1125.07,0
2023-02-13,2023,0.3208,False,-1316.09,0
2023-02-14,2023,0.4217,False,466.98,1
2023-02-15,2023,0.061,False,1304.71,1
2023-02-16,2023,0.1236,False,-1086.15,0
2023-02-17,2023,0.2181,False,-321.44,0
2023-02-20,2023,0.073,False,-1228.59,0
2023-02-21,2023,0.2713,False,-1261.0,0
2023-02-22,2023,0.1091,False,-1195.56,0
2023-02-23,2023,0.4323,False,-1157.5,0
2023-02-24,2023,0.0781,False,-1272.43,0
2023-02-27,2023,0.1883,False,-1444.85,0
2023-02-28,2023,0.1644,False,-1493.81,0
2023-03-01,2023,0.212,False,911.24,1
2023-03-02,2023,0.1193,False,-1007.5,0
2023-03-03,2023,0.2688,False,1009.76,1
2023-03-06,2023,0.7773,True,283.23,1
2023-03-08,2023,0.1939,False,876.42,1
2023-03-09,2023,0.6438,True,-1083.43,0
2023-03-10,2023,0.1862,False,-1815.51,0
2023-03-13,2023,0.092,False,-1189.29,0
2023-03-14,2023,0.3838,False,-1339.15,0
2023-03-15,2023,0.2139,False,-1337.93,0
2023-03-16,2023,0.1179,False,-1373.94,0
2023-03-17,2023,0.0258,False,-915.98,0
2023-03-20,2023,0.6013,True,-1366.81,0
2023-03-21,2023,0.7118,True,202.19,1
2023-03-22,2023,0.1255,False,-730.17,0
2023-03-23,2023,0.6197,True,-702.28,0
2023-03-24,2023,0.0282,False,-1286.06,0
2023-03-27,2023,0.3562,False,-484.65,0
2023-03-28,2023,0.1183,False,-1404.39,0
2023-03-29,2023,0.0634,False,1704.69,1
2023-03-31,2023,0.2098,False,112.13,1
2023-04-03,2023,0.4118,False,-1456.56,0
2023-04-05,2023,0.0885,False,1247.55,1
2023-04-06,2023,0.7773,True,969.99,1
2023-04-10,2023,0.1511,False,-963.67,0
2023-04-11,2023,0.4127,False,-76.78,0
2023-04-12,2023,0.3919,False,616.09,1
2023-04-13,2023,0.4804,False,-946.89,0
2023-04-17,2023,0.2722,False,-4973.67,0
2023-04-18,2023,0.021,False,-1309.03,0
2023-04-19,2023,0.6777,True,-1396.43,0
2023-04-20,2023,0.5472,False,-1260.89,0
2023-04-21,2023,0.1363,False,-884.61,0
2023-04-24,2023,0.7496,True,-1349.62,0
2023-04-25,2023,0.8277,True,-271.34,0
2023-04-26,2023,0.6401,True,-929.42,0
2023-04-27,2023,0.2436,False,830.82,1
2023-04-28,2023,0.6241,True,-932.91,0
2023-05-02,2023,0.6983,True,-91.59,0
2023-05-03,2023,0.2372,False,-1048.31,0
2023-05-04,2023,0.4555,False,1598.4,1
2023-05-05,2023,0.7994,True,279.38,1
2023-05-08,2023,0.0564,False,1213.61,1
2023-05-09,2023,0.3215,False,-1243.7,0
2023-05-10,2023,0.852,True,-1145.96,0
2023-05-11,2023,0.2981,False,-938.96,0
2023-05-12,2023,0.5504,True,-596.46,0
2023-05-15,2023,0.3657,False,301.35,1
2023-05-16,2023,0.8428,True,-1317.18,0
2023-05-17,2023,0.2311,False,-1125.92,0
2023-05-18,2023,0.609,True,-1236.55,0
2023-05-19,2023,0.5375,False,-1350.67,0
2023-05-22,2023,0.3988,False,951.57,1
2023-05-23,2023,0.2973,False,-703.62,0
2023-05-24,2023,0.2928,False,-395.66,0
2023-05-25,2023,0.6054,True,-1097.74,0
2023-05-26,2023,0.0757,False,-594.66,0
2023-05-29,2023,0.7263,True,-480.2,0
2023-05-30,2023,0.729,True,201.92,1
2023-05-31,2023,0.1328,False,-1156.42,0
2023-06-01,2023,0.5493,False,-1374.26,0
2023-06-02,2023,0.5118,False,-683.73,0
2023-06-05,2023,0.5412,False,-410.46,0
2023-06-06,2023,0.6279,True,-1196.42,0
2023-06-07,2023,0.645,True,683.56,1
2023-06-08,2023,0.8689,True,-1262.46,0
2023-06-09,2023,0.5405,False,-1158.72,0
2023-06-12,2023,0.1021,False,-2.14,0
2023-06-13,2023,0.2143,False,954.48,1
2023-06-14,2023,0.5524,True,-1204.99,0
2023-06-15,2023,0.3353,False,-1108.81,0
2023-06-16,2023,0.777,True,515.66,1
2023-06-19,2023,0.7546,True,-1117.91,0
2023-06-20,2023,0.5333,False,-1253.08,0
2023-06-21,2023,0.2159,False,-1088.17,0
2023-06-22,2023,0.6462,True,-1114.45,0
2023-06-23,2023,0.8095,True,-1247.38,0
2023-06-26,2023,0.8742,True,-82.93,0
2023-06-27,2023,0.3219,False,749.96,1
2023-06-28,2023,0.3482,False,-1142.13,0
2023-06-30,2023,0.7378,True,822.86,1
2023-07-03,2023,0.5664,True,760.81,1
2023-07-04,2023,0.6894,True,-1332.38,0
2023-07-05,2023,0.6277,True,-1118.15,0
2023-07-06,2023,0.4258,False,1500.2,1
2023-07-07,2023,0.5297,False,371.17,1
2023-07-10,2023,0.0935,False,-661.52,0
2023-07-11,2023,0.2669,False,54.96,1
2023-07-12,2023,0.678,True,-1250.25,0
2023-07-13,2023,0.2816,False,-1120.41,0
2023-07-14,2023,0.8358,True,-1190.9,0
2023-07-17,2023,0.6699,True,953.85,1
2023-07-18,2023,0.8251,True,-1441.8,0
2023-07-19,2023,0.1379,False,-1169.85,0
2023-07-20,2023,0.0905,False,-1361.87,0
2023-07-21,2023,0.4085,False,522.28,1
2023-07-24,2023,0.3279,False,-1152.69,0
2023-07-25,2023,0.7779,True,-1489.79,0
2023-07-26,2023,0.8146,True,350.57,1
2023-07-27,2023,0.0487,False,-1153.11,0
2023-07-28,2023,0.4568,False,-1098.58,0
2023-07-31,2023,0.6086,True,513.29,1
2023-08-01,2023,0.7356,True,-1357.99,0
2023-08-02,2023,0.8283,True,-1147.76,0
2023-08-03,2023,0.0919,False,-1077.99,0
2023-08-04,2023,0.0977,False,522.64,1
2023-08-07,2023,0.2814,False,-1.17,0
2023-08-08,2023,0.767,True,-1426.61,0
2023-08-09,2023,0.6346,True,-1297.38,0
2023-08-10,2023,0.4663,False,-1209.11,0
2023-08-11,2023,0.4909,False,-1907.66,0
2023-08-14,2023,0.2603,False,-1348.68,0
2023-08-16,2023,0.1559,False,733.23,1
2023-08-17,2023,0.3115,False,-1053.52,0
2023-08-18,2023,0.0551,False,-760.44,0
2023-08-21,2023,0.2059,False,428.64,1
2023-08-22,2023,0.4705,False,-660.05,0
2023-08-23,2023,0.2368,False,-1517.11,0
2023-08-24,2023,0.1541,False,-1111.34,0
2023-08-25,2023,0.0557,False,-1079.19,0
2023-08-28,2023,0.1143,False,-207.44,0
2023-08-29,2023,0.039,False,-1094.99,0
2023-08-30,2023,0.1003,False,-1414.75,0
2023-08-31,2023,0.2636,False,-1733.35,0
2023-09-01,2023,0.0907,False,185.38,1
2023-09-04,2023,0.8959,True,-1497.49,0
2023-09-05,2023,0.546,False,-57.98,0
2023-09-06,2023,0.3499,False,-1260.17,0
2023-09-07,2023,0.7706,True,-1187.85,0
2023-09-08,2023,0.4192,False,-399.06,0
2023-09-11,2023,0.1414,False,1012.06,1
2023-09-12,2023,0.9067,True,-1427.35,0
2023-09-13,2023,0.5344,False,779.78,1
2023-09-14,2023,0.3001,False,-1272.09,0
2023-09-15,2023,0.7805,True,-676.92,0
2023-09-18,2023,0.782,True,-681.25,0
2023-09-20,2023,0.4072,False,-1274.68,0
2023-09-21,2023,0.0636,False,-1330.33,0
2023-09-22,2023,0.1991,False,-1095.49,0
2023-09-25,2023,0.8361,True,-302.32,0
2023-09-26,2023,0.7302,True,-394.58,0
2023-09-27,2023,0.4091,False,-1220.76,0
2023-09-28,2023,0.5631,True,-871.64,0
2023-09-29,2023,0.1054,False,-855.32,0
2023-10-03,2023,0.2808,False,-1447.14,0
2023-10-04,2023,0.317,False,-1147.34,0
2023-10-05,2023,0.2508,False,153.45,1
2023-10-06,2023,0.0751,False,-541.15,0
2023-10-09,2023,0.5362,False,-822.15,0
2023-10-10,2023,0.1632,False,1067.62,1
2023-10-11,2023,0.6084,True,287.03,1
2023-10-12,2023,0.2966,False,-1043.18,0
2023-10-13,2023,0.4172,False,675.85,1
2023-10-16,2023,0.0862,False,-335.79,0
2023-10-17,2023,0.257,False,-592.54,0
2023-10-18,2023,0.5353,False,-1030.07,0
2023-10-19,2023,0.4057,False,1377.33,1
2023-10-20,2023,0.0952,False,545.76,1
2023-10-23,2023,0.4935,False,-1201.46,0
2023-10-25,2023,0.3749,False,-1359.26,0
2023-10-26,2023,0.3596,False,-1243.16,0
2023-10-27,2023,0.1402,False,887.53,1
2023-10-30,2023,0.6705,True,-1391.14,0
2023-10-31,2023,0.2374,False,-1733.83,0
2023-11-01,2023,0.2233,False,-1156.68,0
2023-11-02,2023,0.2451,False,-996.57,0
2023-11-03,2023,0.6018,True,-511.77,0
2023-11-06,2023,0.676,True,502.58,1
2023-11-07,2023,0.637,True,-1262.94,0
2023-11-08,2023,0.729,True,-458.22,0
2023-11-09,2023,0.5907,True,-1110.21,0
2023-11-10,2023,0.5809,True,1085.63,1
2023-11-13,2023,0.2726,False,-887.86,0
2023-11-15,2023,0.5128,False,144.99,1
2023-11-16,2023,0.5173,False,-1040.74,0
2023-11-17,2023,0.4452,False,208.46,1
2023-11-20,2023,0.7182,True,-714.11,0
2023-11-21,2023,0.6018,True,-130.11,0
2023-11-22,2023,0.6668,True,-1290.1,0
2023-11-23,2023,0.2301,False,-647.17,0
2023-11-24,2023,0.0903,False,-597.67,0
2023-11-28,2023,0.3272,False,581.8,1
2023-11-29,2023,0.7594,True,1519.97,1
2023-11-30,2023,0.8932,True,-1650.06,0
2023-12-01,2023,0.1782,False,389.54,1
2023-12-04,2023,0.172,False,482.89,1
2023-12-05,2023,0.1044,False,221.93,1
2023-12-06,2023,0.5563,True,-1421.84,0
2023-12-07,2023,0.7227,True,-1356.09,0
2023-12-08,2023,0.6181,True,-1265.04,0
2023-12-11,2023,0.1943,False,88.83,1
2023-12-12,2023,0.7569,True,-1200.46,0
2023-12-13,2023,0.4196,False,-1610.13,0
2023-12-14,2023,0.4426,False,818.57,1
2023-12-15,2023,0.8092,True,1468.08,1
2023-12-18,2023,0.9195,True,-502.32,0
2023-12-19,2023,0.318,False,-1412.99,0
2023-12-20,2023,0.3867,False,-1260.05,0
2023-12-21,2023,0.604,True,1686.88,1
2023-12-22,2023,0.0657,False,-1078.75,0
2023-12-26,2023,0.1701,False,524.34,1
2023-12-27,2023,0.1245,False,1316.45,1
2023-12-28,2023,0.3571,False,579.93,1
2023-12-29,2023,0.1305,False,-1013.01,0
2024-01-01,2024,0.9275,True,-597.75,0
2024-01-02,2024,0.1575,False,-1542.5,0
2024-01-03,2024,0.0613,False,-1229.36,0
2024-01-04,2024,0.0365,False,622.4,1
2024-01-05,2024,0.3403,False,-1275.56,0
2024-01-08,2024,0.147,False,-1329.95,0
2024-01-09,2024,0.0393,False,-1308.89,0
2024-01-10,2024,0.3898,False,917.03,1
2024-01-11,2024,0.0718,False,-1194.47,0
2024-01-12,2024,0.1457,False,-1195.95,0
2024-01-15,2024,0.5741,True,220.17,1
2024-01-16,2024,0.3054,False,-790.32,0
2024-01-17,2024,0.4912,False,-1364.89,0
2024-01-18,2024,0.0863,False,-1229.8,0
2024-01-19,2024,0.2424,False,145.74,1
2024-01-23,2024,0.1277,False,-1455.24,0
2024-01-24,2024,0.0734,False,1994.82,1
2024-01-25,2024,0.0546,False,-1377.19,0
2024-01-29,2024,0.3664,False,734.69,1
2024-01-30,2024,0.346,False,-1546.9,0
2024-01-31,2024,0.466,False,1258.44,1
2024-02-01,2024,0.0138,False,-1082.53,0
2024-02-02,2024,0.0299,False,659.92,1
2024-02-05,2024,0.6796,True,-1371.28,0
2024-02-06,2024,0.2535,False,611.4,1
2024-02-07,2024,0.24,False,-1360.51,0
2024-02-08,2024,0.679,True,-1332.73,0
2024-02-09,2024,0.1521,False,-1235.33,0
2024-02-12,2024,0.4645,False,-1434.9,0
2024-02-13,2024,0.2668,False,235.41,1
2024-02-14,2024,0.4666,False,2030.1,1
2024-02-15,2024,0.2102,False,-1204.33,0
2024-02-16,2024,0.1605,False,-922.0,0
2024-02-19,2024,0.1984,False,-167.04,0
2024-02-20,2024,0.7428,True,639.67,1
2024-02-21,2024,0.5245,False,-1315.95,0
2024-02-22,2024,0.0343,False,-1374.8,0
2024-02-23,2024,0.5973,True,-1311.6,0
2024-02-26,2024,0.2215,False,-681.78,0
2024-02-27,2024,0.0576,False,607.28,1
2024-02-28,2024,0.0403,False,-1315.03,0
2024-02-29,2024,0.2577,False,994.14,1
2024-03-01,2024,0.078,False,562.14,1
2024-03-04,2024,0.7526,True,-315.05,0
2024-03-05,2024,0.577,True,-379.97,0
2024-03-06,2024,0.965,True,-1364.88,0
2024-03-07,2024,0.6013,True,-1233.85,0
2024-03-11,2024,0.1116,False,-696.04,0
2024-03-12,2024,0.2374,False,-282.51,0
2024-03-13,2024,0.5302,False,-1426.74,0
2024-03-14,2024,0.3602,False,1413.46,1
2024-03-15,2024,0.0644,False,-1238.5,0
2024-03-18,2024,0.0968,False,220.33,1
2024-03-19,2024,0.2037,False,-1365.56,0
2024-03-20,2024,0.2204,False,-1493.32,0
2024-03-21,2024,0.2257,False,87.96,1
2024-03-22,2024,0.1971,False,1638.08,1
2024-03-26,2024,0.1913,False,418.8,1
2024-03-27,2024,0.1019,False,759.03,1
2024-03-28,2024,0.0562,False,1305.02,1
2024-04-01,2024,0.1655,False,501.58,1
2024-04-02,2024,0.3706,False,-208.35,0
2024-04-03,2024,0.5136,False,381.41,1
2024-04-04,2024,0.1214,False,-1788.34,0
2024-04-05,2024,0.6648,True,451.98,1
2024-04-08,2024,0.2128,False,509.59,1
2024-04-09,2024,0.1773,False,-1372.31,0
2024-04-10,2024,0.3599,False,-54.94,0
2024-04-12,2024,0.2199,False,-1577.53,0
2024-04-15,2024,0.1396,False,-1052.19,0
2024-04-16,2024,0.8956,True,304.81,1
2024-04-18,2024,0.2406,False,-1394.83,0
2024-04-19,2024,0.0826,False,-1502.92,0
2024-04-22,2024,0.2164,False,-29.06,0
2024-04-23,2024,0.1738,False,-1141.56,0
2024-04-24,2024,0.2582,False,-368.95,0
2024-04-25,2024,0.2586,False,1320.79,1
2024-04-26,2024,0.1117,False,-588.4,0
2024-04-29,2024,0.0509,False,478.73,1
2024-04-30,2024,0.0873,False,-784.66,0
2024-05-02,2024,0.4897,False,344.72,1
2024-05-03,2024,0.068,False,-730.0,0
2024-05-06,2024,0.5177,False,-760.36,0
2024-05-07,2024,0.2356,False,-767.52,0
2024-05-08,2024,0.2497,False,189.1,1
2024-05-09,2024,0.0912,False,-672.66,0
2024-05-10,2024,0.0458,False,294.71,1
2024-05-13,2024,0.0879,False,-856.48,0
2024-05-14,2024,0.0206,False,298.66,1
2024-05-15,2024,0.0299,False,-686.68,0
2024-05-16,2024,0.0799,False,-732.6,0
2024-05-17,2024,0.1026,False,-397.46,0
2024-05-21,2024,0.0862,False,247.39,1
2024-05-22,2024,0.6242,True,66.0,1
2024-05-23,2024,0.033,False,647.41,1
2024-05-24,2024,0.4696,False,429.86,1
2024-05-27,2024,0.5974,True,-598.98,0
2024-05-28,2024,0.0701,False,-661.15,0
2024-05-29,2024,0.2011,False,-478.44,0
2024-05-30,2024,0.0018,False,-637.76,0
2024-05-31,2024,0.2754,False,35.06,1
2024-06-03,2024,0.1704,False,-258.39,0
2024-06-04,2024,0.596,True,-1096.78,0
2024-06-05,2024,0.6146,True,-840.11,0
2024-06-06,2024,0.0444,False,-11.34,0
2024-06-07,2024,0.0472,False,439.74,1
2024-06-10,2024,0.2133,False,-427.97,0
2024-06-11,2024,0.1606,False,-261.37,0
2024-06-12,2024,0.2982,False,-359.73,0
2024-06-13,2024,0.4219,False,-752.91,0
2024-06-14,2024,0.3499,False,-909.03,0
2024-06-18,2024,0.2183,False,-218.98,0
2024-06-19,2024,0.2091,False,-904.68,0
2024-06-20,2024,0.0588,False,-791.66,0
2024-06-21,2024,0.5318,False,-862.68,0
2024-06-24,2024,0.2907,False,507.09,1
2024-06-25,2024,0.0664,False,482.11,1
2024-06-26,2024,0.143,False,398.37,1
2024-06-27,2024,0.71,True,892.77,1
2024-06-28,2024,0.3293,False,342.64,1
2024-07-01,2024,0.2067,False,306.4,1
2024-07-02,2024,0.1673,False,-823.22,0
2024-07-03,2024,0.0831,False,-183.33,0
2024-07-04,2024,0.0455,False,-660.69,0
2024-07-05,2024,0.5994,True,-512.5,0
2024-07-08,2024,0.2604,False,-172.46,0
2024-07-09,2024,0.9048,True,70.38,1
2024-07-10,2024,0.5755,True,-742.99,0
2024-07-11,2024,0.0132,False,-797.89,0
2024-07-12,2024,0.3611,False,-562.43,0
2024-07-15,2024,0.5886,True,-179.5,0
2024-07-16,2024,0.4497,False,-260.69,0
2024-07-18,2024,0.3804,False,704.72,1
2024-07-19,2024,0.1055,False,-2361.35,0
2024-07-22,2024,0.1912,False,-14.65,0
2024-07-23,2024,0.5022,False,-965.54,0
2024-07-24,2024,0.328,False,-727.67,0
2024-07-25,2024,0.0047,False,864.28,1
2024-07-26,2024,0.1477,False,13.84,1
2024-07-29,2024,0.1924,False,-762.16,0
2024-07-30,2024,0.5572,True,-174.33,0
2024-07-31,2024,0.3551,False,270.03,1
2024-08-01,2024,0.4834,False,-307.82,0
2024-08-02,2024,0.8219,True,-745.77,0
2024-08-05,2024,0.4383,False,-754.28,0
2024-08-06,2024,0.2214,False,-797.17,0
2024-08-07,2024,0.5481,False,-87.16,0
2024-08-08,2024,0.2881,False,-834.02,0
2024-08-09,2024,0.1229,False,-933.34,0
2024-08-12,2024,0.3312,False,-74.7,0
2024-08-13,2024,0.5024,False,-781.31,0
2024-08-14,2024,0.2409,False,-394.58,0
2024-08-16,2024,0.489,False,391.85,1
2024-08-19,2024,0.2813,False,-440.82,0
2024-08-20,2024,0.1664,False,-62.25,0
2024-08-21,2024,0.0392,False,232.85,1
2024-08-22,2024,0.7292,True,-396.87,0
2024-08-23,2024,0.1316,False,-855.97,0
2024-08-26,2024,0.6996,True,188.31,1
2024-08-27,2024,0.6866,True,-324.31,0
2024-08-28,2024,0.2774,False,-78.38,0
2024-08-29,2024,0.5232,False,759.32,1
2024-08-30,2024,0.4654,False,-707.86,0
2024-09-02,2024,0.1438,False,-471.43,0
2024-09-03,2024,0.0682,False,-415.24,0
2024-09-04,2024,0.3591,False,497.21,1
2024-09-05,2024,0.9872,True,-566.5,0
2024-09-06,2024,0.0187,False,-943.67,0
2024-09-09,2024,0.1048,False,229.19,1
2024-09-10,2024,0.0944,False,76.14,1
2024-09-11,2024,0.0807,False,-821.18,0
2024-09-12,2024,0.0071,False,-640.33,0
2024-09-13,2024,0.7417,True,-785.03,0
2024-09-16,2024,0.1594,False,-311.17,0
2024-09-17,2024,0.958,True,-218.31,0
2024-09-18,2024,0.0859,False,-700.78,0
2024-09-19,2024,0.3619,False,-389.19,0
2024-09-20,2024,0.8097,True,841.45,1
2024-09-23,2024,0.1352,False,50.71,1
2024-09-24,2024,0.1652,False,-40.66,0
2024-09-25,2024,0.1354,False,424.61,1
2024-09-26,2024,0.7931,True,517.06,1
2024-09-27,2024,0.4769,False,-509.55,0
2024-09-30,2024,0.2583,False,-766.95,0
2024-10-01,2024,0.3228,False,-95.85,0
2024-10-03,2024,0.7209,True,-707.09,0
2024-10-04,2024,0.2398,False,-791.57,0
2024-10-07,2024,0.2511,False,-874.43,0
2024-10-08,2024,0.6617,True,270.84,1
2024-10-09,2024,0.2134,False,-344.38,0
2024-10-10,2024,0.3463,False,-348.64,0
2024-10-11,2024,0.2225,False,-684.39,0
2024-10-14,2024,0.1865,False,207.37,1
2024-10-15,2024,0.1724,False,-562.26,0
2024-10-16,2024,0.2464,False,-339.63,0
2024-10-17,2024,0.5881,True,-852.56,0
2024-10-18,2024,0.5996,True,369.32,1
2024-10-21,2024,0.2888,False,-780.32,0
2024-10-22,2024,0.8627,True,-776.38,0
2024-10-23,2024,0.3256,False,73.0,1
2024-10-24,2024,0.0054,False,-166.07,0
2024-10-25,2024,0.2149,False,-457.83,0
2024-10-28,2024,0.4017,False,225.75,1
2024-10-29,2024,0.0498,False,-792.47,0
2024-10-30,2024,0.5096,False,-264.43,0
2024-10-31,2024,0.0909,False,-677.06,0
2024-11-04,2024,0.4284,False,-813.01,0
2024-11-05,2024,0.305,False,574.74,1
2024-11-06,2024,0.3876,False,418.95,1
2024-11-07,2024,0.6451,True,-976.31,0
2024-11-08,2024,0.8782,True,-481.18,0
2024-11-11,2024,0.2348,False,-59.51,0
2024-11-12,2024,0.7009,True,-856.32,0
2024-11-13,2024,0.4994,False,-717.79,0
2024-11-14,2024,0.4339,False,-134.58,0
2024-11-18,2024,0.2336,False,-731.48,0
2024-11-19,2024,0.3986,False,-384.85,0
2024-11-21,2024,0.8994,True,-2309.04,0
2024-11-22,2024,0.6188,True,542.51,1
2024-11-25,2024,0.6409,True,-404.29,0
2024-11-26,2024,0.8242,True,-2130.26,0
2024-11-27,2024,0.1765,False,727.89,1
2024-11-28,2024,0.1072,False,-2862.3,0
2024-11-29,2024,0.3294,False,1321.76,1
2024-12-02,2024,0.1746,False,912.49,1
2024-12-03,2024,0.4097,False,256.79,1
2024-12-04,2024,0.0679,False,-712.88,0
2024-12-05,2024,0.4173,False,-2186.82,0
2024-12-06,2024,0.1938,False,-967.96,0
2024-12-09,2024,0.3404,False,-450.93,0
2024-12-10,2024,0.3171,False,-732.38,0
2024-12-11,2024,0.9457,True,-304.53,0
2024-12-12,2024,0.1674,False,-1770.1,0
2024-12-13,2024,0.7833,True,-2316.88,0
2024-12-16,2024,0.1277,False,-2094.0,0
2024-12-17,2024,0.2772,False,-2129.31,0
2024-12-18,2024,0.7967,True,-1078.32,0
2024-12-19,2024,0.0567,False,327.03,1
2024-12-20,2024,0.0539,False,-2117.98,0
2024-12-23,2024,0.405,False,-285.2,0
2024-12-24,2024,0.0594,False,-1005.46,0
2024-12-26,2024,0.0445,False,-602.01,0
2024-12-27,2024,0.5429,False,311.88,1
2024-12-30,2024,0.1703,False,-2102.8,0
2024-12-31,2024,0.2235,False,934.82,1
2025-01-01,2025,0.018,False,613.23,1
2025-01-02,2025,0.1362,False,2497.98,1
2025-01-03,2025,0.2004,False,-1985.54,0
2025-01-06,2025,0.0669,False,-2240.15,0
2025-01-07,2025,0.0905,False,-259.73,0
2025-01-08,2025,0.0628,False,-2241.52,0
2025-01-09,2025,0.3342,False,-2072.54,0
2025-01-10,2025,0.096,False,-2049.15,0
2025-01-13,2025,0.0726,False,-1474.91,0
2025-01-14,2025,0.3059,False,121.6,1
2025-01-15,2025,0.0291,False,-701.09,0
2025-01-16,2025,0.0215,False,-800.45,0
2025-01-17,2025,0.2817,False,-3623.34,0
2025-01-20,2025,0.7278,True,111.09,1
2025-01-21,2025,0.1304,False,-2181.45,0
2025-01-22,2025,0.8106,True,404.79,1
2025-01-23,2025,0.3659,False,527.72,1
2025-01-24,2025,0.0892,False,-2218.22,0
2025-01-27,2025,0.4219,False,-1654.6,0
2025-01-28,2025,0.555,True,-184.96,0
2025-01-29,2025,0.0825,False,1095.72,1
2025-01-30,2025,0.2385,False,812.51,1
2025-01-31,2025,0.2794,False,2032.51,1
2025-02-03,2025,0.1993,False,-117.69,0
2025-02-04,2025,0.1708,False,1478.44,1
2025-02-05,2025,0.3855,False,-1503.12,0
2025-02-06,2025,0.0117,False,-2522.67,0
2025-02-07,2025,0.1282,False,-2161.27,0
2025-02-10,2025,0.0465,False,-2199.01,0
2025-02-11,2025,0.2529,False,-2302.74,0
2025-02-12,2025,0.4672,False,-2086.5,0
2025-02-13,2025,0.1112,False,-722.22,0
2025-02-14,2025,0.0199,False,-2308.73,0
2025-02-17,2025,0.7929,True,864.4,1
2025-02-18,2025,0.1565,False,-2022.16,0
2025-02-19,2025,0.8917,True,599.0,1
2025-02-20,2025,0.1615,False,900.57,1
2025-02-21,2025,0.0177,False,643.16,1
2025-02-24,2025,0.682,True,-1106.3,0
2025-02-25,2025,0.3434,False,-251.67,0
2025-02-27,2025,0.0788,False,-1439.77,0
2025-02-28,2025,0.1501,False,-2919.02,0
2025-03-03,2025,0.241,False,-2138.79,0
2025-03-04,2025,0.1075,False,799.58,1
2025-03-05,2025,0.1614,False,2634.9,1
2025-03-06,2025,0.1731,False,-2530.29,0
2025-03-07,2025,0.1005,False,115.77,1
2025-03-10,2025,0.1725,False,-1392.4,0
2025-03-11,2025,0.1154,False,1381.97,1
2025-03-12,2025,0.0611,False,-2118.38,0
2025-03-13,2025,0.0208,False,-1905.38,0
2025-03-17,2025,0.3234,False,1969.99,1
2025-03-18,2025,0.4434,False,1711.75,1
2025-03-19,2025,0.5707,True,49.78,1
2025-03-20,2025,0.3358,False,991.74,1
2025-03-21,2025,0.1802,False,2257.37,1
2025-03-24,2025,0.4764,False,1199.78,1
2025-03-25,2025,0.1611,False,-1774.12,0
2025-03-26,2025,0.4644,False,-2007.78,0
2025-03-27,2025,0.9046,True,1485.82,1
2025-03-28,2025,0.1169,False,-2219.31,0
2025-04-01,2025,0.4258,False,-2109.72,0
2025-04-02,2025,0.6774,True,1260.25,1
2025-04-03,2025,0.2009,False,1167.99,1
2025-04-04,2025,0.1585,False,-3520.26,0
2025-04-07,2025,0.6843,True,3165.91,1
2025-04-08,2025,0.3006,False,215.09,1
2025-04-09,2025,0.076,False,-790.12,0
2025-04-11,2025,0.3898,False,2124.3,1
2025-04-15,2025,0.2831,False,-560.59,0
2025-04-16,2025,0.0727,False,906.49,1
2025-04-17,2025,0.1571,False,-1967.1,0
2025-04-21,2025,0.3048,False,2687.46,1
2025-04-22,2025,0.1366,False,-1037.26,0
2025-04-23,2025,0.127,False,-2269.67,0
2025-04-24,2025,0.2461,False,-783.61,0
2025-04-25,2025,0.0409,False,-2134.45,0
2025-04-28,2025,0.2261,False,1857.03,1
2025-04-29,2025,0.5005,False,-939.5,0
2025-04-30,2025,0.0303,False,-1383.35,0
2025-05-02,2025,0.0075,False,2405.55,1
2025-05-05,2025,0.1597,False,49.36,1
2025-05-06,2025,0.0172,False,-2036.78,0
2025-05-07,2025,0.7804,True,1505.34,1
2025-05-08,2025,0.1459,False,-2172.87,0
2025-05-09,2025,0.6552,True,2185.85,1
2025-05-12,2025,0.0255,False,2794.25,1
2025-05-13,2025,0.031,False,-2299.94,0
2025-05-14,2025,0.2256,False,230.29,1
2025-05-15,2025,0.0795,False,-2066.25,0
2025-05-16,2025,0.4585,False,-1849.29,0
2025-05-19,2025,0.3189,False,-953.07,0
2025-05-20,2025,0.087,False,-2091.93,0
2025-05-21,2025,0.809,True,383.81,1
2025-05-22,2025,0.3882,False,-2397.08,0
2025-05-23,2025,0.0047,False,2589.48,1
2025-05-26,2025,0.1516,False,282.54,1
2025-05-27,2025,0.2494,False,-2340.55,0
2025-05-28,2025,0.14,False,-1104.27,0
2025-05-29,2025,0.4287,False,253.91,1
2025-05-30,2025,0.6677,True,459.9,1
2025-06-02,2025,0.1652,False,-197.18,0
2025-06-03,2025,0.0623,False,-2438.7,0
2025-06-04,2025,0.5814,True,231.6,1
2025-06-05,2025,0.0305,False,499.93,1
2025-06-06,2025,0.3063,False,-1951.53,0
2025-06-09,2025,0.1917,False,-860.84,0
2025-06-10,2025,0.1492,False,-1403.34,0
2025-06-11,2025,0.0973,False,-454.22,0
2025-06-12,2025,0.073,False,-2073.05,0
2025-06-13,2025,0.2346,False,2478.94,1
2025-06-16,2025,0.0238,False,1513.85,1
2025-06-17,2025,0.0783,False,-2115.02,0
2025-06-18,2025,0.0187,False,-177.7,0
2025-06-19,2025,0.0345,False,-1313.93,0
2025-06-20,2025,0.1182,False,2868.78,1
2025-06-23,2025,0.4753,False,-159.13,0
2025-06-24,2025,0.4496,False,-2146.28,0
2025-06-25,2025,0.1959,False,647.37,1
2025-06-26,2025,0.055,False,2722.76,1
2025-06-27,2025,0.2336,False,585.84,1
2025-06-30,2025,0.4013,False,-2076.1,0
2025-07-01,2025,0.0656,False,-596.86,0
2025-07-02,2025,0.0526,False,-2019.54,0
2025-07-03,2025,0.1452,False,-1782.43,0
2025-07-04,2025,0.7891,True,-1891.73,0
2025-07-07,2025,0.2559,False,-332.2,0
2025-07-08,2025,0.2082,False,526.11,1
2025-07-09,2025,0.0165,False,-1049.08,0
2025-07-10,2025,0.0796,False,-1717.09,0
2025-07-11,2025,0.6983,True,659.41,1
2025-07-14,2025,0.9313,True,-972.72,0
2025-07-15,2025,0.2325,False,869.26,1
2025-07-16,2025,0.0165,False,-1934.1,0
2025-07-17,2025,0.2017,False,-1746.86,0
2025-07-18,2025,0.5133,False,-1172.53,0
2025-07-21,2025,0.8043,True,562.57,1
2025-07-22,2025,0.2703,False,-1766.73,0
2025-07-23,2025,0.1301,False,923.75,1
2025-07-24,2025,0.0437,False,-1876.18,0
2025-07-25,2025,0.1915,False,-2206.56,0
2025-07-28,2025,0.2784,False,-1944.86,0
2025-07-29,2025,0.4815,False,2448.53,1
2025-07-30,2025,0.3983,False,-1976.43,0
2025-07-31,2025,0.5433,False,2935.14,1
2025-08-01,2025,0.1847,False,-1513.45,0
2025-08-04,2025,0.6137,True,781.43,1
2025-08-05,2025,0.3912,False,-1201.04,0
2025-08-06,2025,0.0755,False,-1942.47,0
2025-08-07,2025,0.2456,False,1267.59,1
2025-08-08,2025,0.0682,False,-1496.21,0
2025-08-11,2025,0.0635,False,1809.98,1
2025-08-12,2025,0.0201,False,-1245.6,0
2025-08-13,2025,0.0141,False,299.61,1
2025-08-14,2025,0.2207,False,-259.35,0
2025-08-18,2025,0.1454,False,-1480.63,0
2025-08-19,2025,0.2211,False,713.69,1
2025-08-20,2025,0.0573,False,922.24,1
2025-08-21,2025,0.8101,True,-1130.87,0
2025-08-22,2025,0.0061,False,-2055.53,0
2025-08-25,2025,0.1807,False,50.48,1
2025-08-26,2025,0.8116,True,-2054.81,0
2025-08-28,2025,0.1144,False,-3329.47,0
2025-08-29,2025,0.7767,True,-806.08,0
2025-09-01,2025,0.1619,False,2548.7,1
2025-09-02,2025,0.1667,False,-1805.27,0
2025-09-03,2025,0.5134,False,540.8,1
2025-09-04,2025,0.0622,False,-2153.17,0
2025-09-05,2025,0.049,False,-2245.83,0
2025-09-08,2025,0.5732,True,-482.92,0
2025-09-09,2025,0.0026,False,-14.6,0
2025-09-10,2025,0.6564,True,-1755.34,0
2025-09-11,2025,0.3558,False,460.67,1
2025-09-12,2025,0.7666,True,-2.27,0
2025-09-15,2025,0.233,False,-900.74,0
2025-09-16,2025,0.0587,False,1527.79,1
2025-09-17,2025,0.5904,True,231.89,1
2025-09-18,2025,0.7113,True,-594.53,0
2025-09-19,2025,0.5144,False,-1049.99,0
2025-09-22,2025,0.1032,False,-817.61,0
2025-09-23,2025,0.0019,False,-2032.3,0
2025-09-24,2025,0.8586,True,-1168.32,0
2025-09-25,2025,0.0449,False,-2033.03,0
2025-09-26,2025,0.1918,False,-2057.49,0
2025-09-29,2025,0.2399,False,-1982.26,0
2025-09-30,2025,0.1291,False,-1869.21,0
2025-10-01,2025,0.943,True,220.4,1
2025-10-03,2025,0.2967,False,1685.67,1
2025-10-06,2025,0.182,False,2186.19,1
2025-10-07,2025,0.0978,False,341.55,1
2025-10-08,2025,0.1398,False,-1202.8,0
2025-10-09,2025,0.0956,False,1079.41,1
2025-10-10,2025,0.0948,False,1146.36,1
2025-10-13,2025,0.8817,True,556.06,1
2025-10-14,2025,0.0461,False,-2267.36,0
2025-10-15,2025,0.0246,False,1966.69,1
2025-10-16,2025,0.862,True,2123.49,1
2025-10-17,2025,0.7395,True,1745.51,1
2025-10-20,2025,0.1887,False,67.8,1
2025-10-23,2025,0.1564,False,-2293.71,0
2025-10-24,2025,0.6951,True,-2073.54,0
2025-10-27,2025,0.1562,False,1736.05,1
2025-10-28,2025,0.0709,False,-1909.14,0
2025-10-29,2025,0.4877,False,1223.71,1
2025-10-30,2025,0.8476,True,-1306.7,0
2025-10-31,2025,0.1584,False,-1980.06,0
2025-11-03,2025,0.4247,False,814.81,1
2025-11-04,2025,0.1289,False,-1600.79,0
2025-11-06,2025,0.2871,False,-1966.65,0
2025-11-07,2025,0.0061,False,-2140.02,0
2025-11-10,2025,0.0499,False,429.04,1
2025-11-11,2025,0.0134,False,-2180.37,0
2025-11-12,2025,0.3533,False,-75.29,0
2025-11-13,2025,0.0263,False,-641.69,0
2025-11-14,2025,0.2794,False,1119.6,1
2025-11-17,2025,0.1172,False,203.19,1
2025-11-18,2025,0.2583,False,-2130.38,0
2025-11-19,2025,0.0255,False,836.14,1
2025-11-20,2025,0.4248,False,358.66,1
2025-11-21,2025,0.8791,True,-817.48,0
2025-11-24,2025,0.0249,False,-2443.93,0
2025-11-25,2025,0.2142,False,-1732.91,0
2025-11-26,2025,0.0785,False,2641.63,1
2025-11-27,2025,0.6195,True,-855.92,0
2025-11-28,2025,0.0591,False,-716.22,0
2025-12-01,2025,0.0057,False,-2224.29,0
2025-12-02,2025,0.1756,False,-627.44,0
2025-12-03,2025,0.0122,False,-559.65,0
2025-12-04,2025,0.1347,False,107.13,1
2025-12-05,2025,0.4414,False,1977.76,1
2025-12-08,2025,0.0841,False,-2327.56,0
2025-12-09,2025,0.5702,True,-1984.59,0
2025-12-10,2025,0.4403,False,-1759.05,0
2025-12-11,2025,0.1346,False,901.26,1
2025-12-12,2025,0.6316,True,736.99,1
2025-12-15,2025,0.2372,False,378.34,1
2025-12-16,2025,0.1365,False,-1335.08,0
2025-12-17,2025,0.0557,False,-1138.33,0
2025-12-18,2025,0.0228,False,265.6,1
2025-12-19,2025,0.3229,False,447.65,1
2025-12-22,2025,0.0987,False,605.77,1
2025-12-23,2025,0.3179,False,-766.68,0
2025-12-24,2025,0.1058,False,-647.3,0
2025-12-26,2025,0.0213,False,-1664.0,0
2025-12-29,2025,0.0628,False,-1975.86,0
2025-12-30,2025,0.1538,False,-21.84,0
2025-12-31,2025,0.0748,False,253.07,1
2026-01-01,2026,0.4084,False,-577.3,0
2026-01-02,2026,0.3176,False,902.29,1
2026-01-05,2026,0.3021,False,-999.04,0
2026-01-06,2026,0.0323,False,-602.97,0
2026-01-07,2026,0.6283,True,-322.97,0
2026-01-08,2026,0.8392,True,-1837.56,0
2026-01-09,2026,0.2103,False,-1313.75,0
2026-01-12,2026,0.6111,True,-1838.36,0
2026-01-13,2026,0.1415,False,-1981.32,0
2026-01-14,2026,0.0162,False,1421.21,1
2026-01-16,2026,0.2629,False,-293.57,0
2026-01-19,2026,0.5517,True,-1975.0,0
2026-01-20,2026,0.4976,False,-1945.85,0
2026-01-21,2026,0.7527,True,-1926.53,0
2026-01-22,2026,0.5032,False,-519.96,0
2026-01-23,2026,0.5583,True,-1746.96,0
2026-01-27,2026,0.216,False,-1823.18,0
2026-01-28,2026,0.8564,True,614.52,1
2026-01-29,2026,0.1456,False,160.61,1
2026-01-30,2026,0.1134,False,78.98,1
2026-02-02,2026,0.0762,False,1710.5,1
2026-02-03,2026,0.4949,False,-4900.28,0
2026-02-04,2026,0.1811,False,1913.11,1
2026-02-05,2026,0.7404,True,-1321.83,0
2026-02-06,2026,0.2478,False,138.28,1
2026-02-09,2026,0.0233,False,-1823.78,0
2026-02-10,2026,0.4517,False,-386.61,0
2026-02-11,2026,0.245,False,-1956.88,0
2026-02-12,2026,0.4533,False,-1262.85,0
2026-02-13,2026,0.1457,False,-1215.68,0
2026-02-16,2026,0.1718,False,1969.45,1
2026-02-17,2026,0.2946,False,600.04,1
2026-02-18,2026,0.1217,False,-2377.88,0
2026-02-19,2026,0.3104,False,-1913.2,0
2026-02-20,2026,0.0076,False,1250.42,1
2026-02-23,2026,0.2244,False,-34.66,0
2026-02-24,2026,0.2807,False,-1892.83,0
2026-02-25,2026,0.8814,True,-645.11,0
2026-02-26,2026,0.6553,True,-787.23,0
2026-02-27,2026,0.1768,False,-1793.82,0
2026-03-02,2026,0.6848,True,1053.34,1
2026-03-04,2026,0.2488,False,347.68,1
2026-03-05,2026,0.5435,False,226.42,1
2026-03-06,2026,0.0585,False,-1940.78,0
2026-03-09,2026,0.6819,True,574.18,1
2026-03-10,2026,0.3594,False,-311.67,0
2026-03-11,2026,0.503,False,-2000.28,0
2026-03-12,2026,0.6209,True,-543.22,0
2026-03-13,2026,0.1347,False,-2009.14,0
2026-03-16,2026,0.4069,False,1050.84,1
2026-03-17,2026,0.0166,False,282.27,1
2026-03-18,2026,0.4979,False,2340.47,1
2026-03-19,2026,0.1087,False,-2137.32,0
2026-03-20,2026,0.1412,False,-211.98,0
2026-03-23,2026,0.12,False,-1907.79,0
2026-03-24,2026,0.3149,False,-2022.03,0
2026-03-25,2026,0.094,False,1973.7,1
2026-03-27,2026,0.8093,True,-1927.51,0
2026-03-30,2026,0.3597,False,-2118.09,0
2026-04-01,2026,0.1178,False,-1749.57,0
2026-04-02,2026,0.123,False,1164.9,1
2026-04-06,2026,0.3701,False,631.76,1
2026-04-07,2026,0.1057,False,1738.33,1
2026-04-08,2026,0.9499,True,1001.53,1
2026-04-09,2026,0.0381,False,-1250.3,0
2026-04-10,2026,0.0362,False,960.57,1
2026-04-13,2026,0.5713,True,1889.12,1
2026-04-15,2026,0.1043,False,433.57,1
2026-04-16,2026,0.6266,True,-2059.44,0
2026-04-17,2026,0.8365,True,1195.26,1
2026-04-20,2026,0.079,False,-825.62,0
2026-04-21,2026,0.0051,False,1670.22,1
2026-04-22,2026,0.7659,True,-1183.3,0
2026-04-23,2026,0.3171,False,-649.95,0
2026-04-24,2026,0.0712,False,-1856.61,0
2026-04-27,2026,0.733,True,991.98,1
2026-04-28,2026,0.489,False,-1136.95,0
2026-04-29,2026,0.2256,False,-1004.49,0
2026-04-30,2026,0.4136,False,-1865.48,0
2026-05-04,2026,0.6213,True,142.79,1
2026-05-05,2026,0.6881,True,-1714.01,0
2026-05-06,2026,0.1332,False,-1730.47,0
2026-05-07,2026,0.9073,True,-836.39,0
2026-05-08,2026,0.2769,False,-766.35,0
2026-05-11,2026,0.4422,False,-1588.82,0
2026-05-12,2026,0.5017,False,-1766.19,0
2026-05-13,2026,0.2911,False,-1857.42,0
2026-05-14,2026,0.1388,False,890.28,1
2026-05-15,2026,0.0311,False,-965.65,0
2026-05-18,2026,0.0853,False,1134.76,1
2026-05-19,2026,0.1304,False,-1237.97,0
2026-05-20,2026,0.091,False,1181.3,1
2026-05-21,2026,0.7202,True,-1664.28,0
2026-05-22,2026,0.2341,False,323.14,1
2026-05-25,2026,0.1259,False,798.71,1
2026-05-26,2026,0.1531,False,-1860.0,0
2026-05-27,2026,0.2079,False,774.23,1
2026-05-29,2026,0.0584,False,-1829.44,0
2026-06-01,2026,0.3876,False,-1952.97,0
2026-06-02,2026,0.9451,True,2594.18,1
2026-06-03,2026,0.0252,False,-2945.39,0
2026-06-04,2026,0.2717,False,795.31,1
2026-06-05,2026,0.2681,False,-1917.05,0
2026-06-08,2026,0.2253,False,-67.42,0
2026-06-09,2026,0.3751,False,-1716.07,0
2026-06-10,2026,0.2064,False,-509.29,0
2026-06-11,2026,0.6322,True,363.18,1
2026-06-12,2026,0.5047,False,1548.33,1
2026-06-15,2026,0.3507,False,-1563.26,0
2026-06-16,2026,0.4659,False,624.93,1
2026-06-17,2026,0.3229,False,-3602.26,0
2026-06-18,2026,0.6296,True,558.18,1
2026-06-19,2026,0.2242,False,300.45,1
2026-06-22,2026,0.145,False,-574.44,0
2026-06-23,2026,0.0405,False,-1421.03,0
2026-06-24,2026,0.1039,False,794.47,1
2026-06-25,2026,0.9578,True,-1105.53,0
2026-06-29,2026,0.2458,False,-1807.88,0
2026-06-30,2026,0.0046,False,-2008.27,0
2026-07-01,2026,0.5789,True,645.75,1
2026-07-02,2026,0.6726,True,703.17,1
2026-07-03,2026,0.1323,False,-1610.31,0
2026-07-06,2026,0.3469,False,711.43,1
2026-07-07,2026,0.0139,False,-1546.29,0
2026-07-08,2026,0.1157,False,-1456.59,0
2026-07-09,2026,0.0278,False,93.53,1
2026-07-10,2026,0.5276,False,388.64,1
2026-07-13,2026,0.3888,False,1895.49,1
2026-07-14,2026,0.6367,True,-890.28,0
2026-07-15,2026,0.0624,False,1835.11,1
2026-07-16,2026,0.7833,True,-931.11,0
2026-07-17,2026,0.2902,False,1555.88,1
2026-07-20,2026,0.447,False,163.53,1
2026-07-21,2026,0.0039,False,-1587.64,0
2026-07-22,2026,0.0294,False,-1719.7,0
2026-07-23,2026,0.8565,True,-605.4,0
2026-07-24,2026,0.1387,False,994.05,1
2026-07-27,2026,0.1512,False,626.85,1
2026-07-28,2026,0.0554,False,4.15,1
2026-07-29,2026,0.0556,False,1167.11,1
2026-07-30,2026,0.4669,False,214.96,1
2026-07-31,2026,0.0993,False,-279.38,0
2026-08-03,2026,0.0924,False,1356.3,1
2026-08-04,2026,0.0106,False,-2645.83,0
2026-08-05,2026,0.8359,True,-1841.98,0
2026-08-06,2026,0.175,False,-375.92,0
2026-08-07,2026,0.4787,False,-61.78,0
2026-08-10,2026,0.0175,False,-280.27,0
2026-08-11,2026,0.4148,False,-1794.34,0
2026-08-12,2026,0.6861,True,-1763.31,0
2026-08-13,2026,0.1535,False,-721.93,0
2026-08-14,2026,0.5743,True,-261.99,0
2026-08-17,2026,0.7582,True,-1729.2,0
2026-08-18,2026,0.1639,False,-1212.08,0
2026-08-19,2026,0.0844,False,-1411.58,0
2026-08-20,2026,0.0741,False,-242.9,0
2026-08-21,2026,0.7719,True,-767.55,0
2026-08-24,2026,0.4036,False,-1691.43,0
2026-08-25,2026,0.2199,False,-1659.52,0
2026-08-26,2026,0.634,True,-1676.62,0
2026-08-27,2026,0.2079,False,-1887.23,0
2026-08-28,2026,0.2081,False,363.51,1
2026-08-31,2026,0.1813,False,-1725.87,0
2026-09-01,2026,0.4079,False,-1813.55,0
2026-09-02,2026,0.3881,False,-1466.66,0
2026-09-03,2026,0.009,False,-1803.76,0
2026-09-04,2026,0.7929,True,-471.89,0
2026-09-07,2026,0.6659,True,-1391.13,0
2026-09-08,2026,0.0067,False,-1671.41,0
2026-09-09,2026,0.6178,True,-1304.49,0
2026-09-10,2026,0.7604,True,-21.07,0
2026-09-11,2026,0.0204,False,1253.9,1
2026-09-15,2026,0.3521,False,-2033.21,0
2026-09-16,2026,0.5631,True,-66.28,0
2026-09-17,2026,0.0324,False,407.76,1
2026-09-18,2026,0.0909,False,-172.78,0
2026-09-21,2026,0.2761,False,607.43,1
2026-09-22,2026,0.3979,False,-1744.93,0
2026-09-23,2026,0.2395,False,744.52,1
2026-09-24,2026,0.1869,False,-1681.48,0
2026-09-25,2026,0.289,False,750.1,1
