date,is_rule_day,side,dte0,spot_open,wall,exit_reason,bars_held,gross_pnl,friction,net_pnl,win,net_delta,credit
2021-01-07T00:00:00,False,call,0.5,14249.3999,14200.0,TARGET,71,1466.0,173.07,1292.93,True,-0.6152,1366.25
2021-02-18T00:00:00,False,call,0.5,15249.3999,15150.0,TARGET,37,2311.63,176.06,2135.57,True,-0.6668,1992.5
2021-03-10T00:00:00,False,call,0.5,15205.3999,15200.0,TARGET,37,1110.74,172.63,938.11,True,-0.3899,1048.75
2021-04-22T00:00:00,False,put,0.5,14220.5,14400.0,EOD,75,2450.0,186.91,2263.09,True,0.232,2527.5
2021-05-06T00:00:00,False,put,0.5,14675.7999,14700.0,EOD,75,1810.0,175.24,1634.76,True,0.357,1875.0
2021-05-11T00:00:00,False,put,1.0,14792.3999,14800.0,EOD,75,286.25,175.17,111.08,True,0.2719,1103.75
2021-05-12T00:00:00,False,call,0.5,14823.8999,14800.0,TARGET,68,1569.31,173.66,1395.65,True,-0.433,1533.75
2021-05-20T00:00:00,False,call,0.5,15037.3999,15000.0,TARGET,68,1830.35,174.24,1656.11,True,-0.4388,1675.0
2021-06-10T00:00:00,False,put,0.5,15688.2999,15700.0,EOD,75,791.25,172.06,619.19,True,0.4231,802.5
2021-06-23T00:00:00,False,call,1.0,15858.7999,15800.0,TARGET,13,1330.42,173.93,1156.49,True,-0.5761,1262.5
2021-07-01T00:00:00,False,call,0.5,15754.6,15700.0,TARGET,68,1328.35,173.0,1155.35,True,-0.7058,1281.25
2021-07-08T00:00:00,False,call,0.5,15853.6,15800.0,TARGET,57,1530.06,173.27,1356.79,True,-0.622,1357.5
2021-07-15T00:00:00,False,put,0.5,15868.7,15900.0,TARGET,55,1165.48,172.82,992.66,True,0.4944,1161.25
2021-07-22T00:00:00,False,put,0.5,15739.8999,15800.0,EOD,75,1458.75,174.96,1283.79,True,0.4559,1500.0
2021-08-05T00:00:00,False,put,0.5,16288.7999,16300.0,TARGET,58,1554.76,173.77,1380.99,True,0.3878,1521.25
2021-08-11T00:00:00,False,call,1.0,16326.6,16300.0,TARGET,25,1009.22,172.78,836.44,True,-0.4549,1003.75
2021-08-12T00:00:00,False,put,0.5,16297.8999,16300.0,TARGET,70,1179.37,172.42,1006.95,True,0.4165,1140.0
2021-08-18T00:00:00,False,call,0.5,16681.2,16600.0,TARGET,63,2131.59,174.63,1956.96,True,-0.6698,1968.75
2021-09-02T00:00:00,False,put,0.5,17095.9,17200.0,TARGET,67,2417.43,177.95,2239.48,True,0.4054,2406.25
2021-09-15T00:00:00,False,put,1.0,17389.7,17400.0,EOD,75,951.25,174.02,777.23,True,0.3242,1125.0
2021-09-23T00:00:00,False,put,0.5,17677.5,17700.0,TARGET,71,1604.85,174.4,1430.45,True,0.3765,1600.0
2021-10-07T00:00:00,False,call,0.5,17802.75,17800.0,EOD,75,507.5,171.44,336.06,True,-0.4011,588.75
2021-10-14T00:00:00,False,put,0.5,18280.9492,18300.0,EOD,75,1561.25,175.68,1385.57,True,0.3021,1575.0
2021-10-21T00:00:00,False,call,0.5,18374.9004,18200.0,TARGET,17,3314.75,181.64,3133.11,True,-0.3732,3242.5
2021-11-25T00:00:00,False,put,0.5,17408.5508,17500.0,TARGET,67,1810.62,177.25,1633.37,True,0.4361,1728.75
2021-12-16T00:00:00,False,call,0.5,17374.5996,17300.0,TARGET,34,2014.34,176.39,1837.95,True,-0.4104,1895.0
2021-12-30T00:00:00,False,put,0.5,17192.1504,17200.0,EOD,75,1065.0,173.31,891.69,True,0.3672,1205.0
2022-01-20T00:00:00,False,call,0.5,17934.3008,17800.0,TARGET,51,2448.64,183.01,2265.63,True,-0.2609,2382.5
2022-02-03T00:00:00,False,call,0.5,17772.0508,17700.0,EOD,75,1715.0,176.68,1538.32,True,-0.3826,1717.5
2022-02-10T00:00:00,False,put,0.5,17538.0996,17600.0,TARGET,60,1740.55,176.86,1563.69,True,0.3428,1733.75
2022-02-24T00:00:00,False,call,0.5,16574.1504,16500.0,TARGET,74,1361.46,183.05,1178.41,True,-0.1982,1358.75
2022-03-24T00:00:00,False,put,0.5,17094.8008,17200.0,TARGET,2,1365.14,177.85,1187.29,True,0.5983,1200.0
2022-03-31T00:00:00,False,call,0.5,17519.2,17500.0,TARGET,65,1570.51,173.41,1397.1,True,-0.4277,1445.0
2022-04-07T00:00:00,False,call,0.5,17723.3,17650.0,TARGET,72,1837.37,177.8,1659.57,True,-0.3296,1777.5
2022-04-13T00:00:00,False,call,0.5,17599.9004,17500.0,TARGET,36,1700.84,176.04,1524.8,True,-0.6492,1515.0
2022-04-21T00:00:00,False,put,0.5,17234.5996,17350.0,EOD,75,2368.75,180.37,2188.38,True,0.3115,2383.75
2022-04-28T00:00:00,False,put,0.5,17189.5,17200.0,TARGET,58,2214.92,175.98,2038.94,True,0.3336,2207.5
2022-05-04T00:00:00,False,call,1.0,17096.5996,17000.0,TARGET,66,2209.55,184.58,2024.97,True,-0.192,2175.0
2022-05-05T00:00:00,False,call,0.5,16854.75,16700.0,EOD,75,1737.5,179.61,1557.89,True,-0.4843,1807.5
2022-06-02T00:00:00,False,put,0.5,16481.6504,16600.0,EOD,75,2238.75,181.32,2057.43,True,0.2844,2357.5
2022-06-09T00:00:00,False,put,0.5,16263.8496,16450.0,TARGET,74,2558.77,182.91,2375.86,True,0.3969,2373.75
2022-06-16T00:00:00,False,call,0.5,15832.25,15400.0,EOD,75,3333.75,209.88,3123.87,True,-0.1173,3396.25
2022-07-14T00:00:00,False,call,0.5,16018.8496,15950.0,TARGET,57,2137.61,175.93,1961.68,True,-0.4256,1986.25
2022-07-28T00:00:00,False,put,0.5,16774.8496,16900.0,TARGET,71,1853.45,181.72,1671.73,True,0.3207,1793.75
2022-08-04T00:00:00,False,call,0.5,17463.0996,17400.0,TARGET,28,2530.42,176.15,2354.27,True,-0.3943,2015.0
2022-08-11T00:00:00,False,call,0.5,17711.6504,17700.0,EOD,75,963.75,172.2,791.55,True,-0.4438,996.25
2022-08-18T00:00:00,False,put,0.5,17898.6504,17900.0,EOD,75,1063.75,172.58,891.17,True,0.3847,1070.0
2022-09-01T00:00:00,False,put,0.5,17485.6992,17500.0,TARGET,13,889.75,174.14,715.61,True,0.3102,875.0
2022-09-14T00:00:00,False,put,1.0,17771.1504,17900.0,EOD,75,1460.0,184.08,1275.92,True,0.2353,2150.0
2022-09-15T00:00:00,False,call,0.5,18046.3496,18000.0,TARGET,73,2055.91,176.64,1879.27,True,-0.333,2013.75
2022-10-20T00:00:00,False,put,0.5,17423.0996,17500.0,TARGET,72,1542.42,175.99,1366.43,True,0.4663,1537.5
2022-10-27T00:00:00,False,call,0.5,17771.4004,17750.0,TARGET,32,943.54,171.89,771.65,True,-0.517,896.25
2022-11-03T00:00:00,False,put,0.5,17968.3496,18000.0,TARGET,70,1130.24,174.18,956.06,True,0.3752,1100.0
2022-11-23T00:00:00,False,call,1.0,18325.1992,18300.0,EOD,75,478.75,173.95,304.8,True,-0.3853,1323.75
2022-12-08T00:00:00,False,put,0.5,18570.8496,18600.0,EOD,75,1155.0,173.13,981.87,True,0.461,1257.5
2022-12-15T00:00:00,False,call,0.5,18614.4004,18600.0,TARGET,74,1675.84,174.54,1501.3,True,-0.3587,1641.25
2023-01-04T00:00:00,False,call,1.0,18230.6504,18200.0,EOD,75,1508.75,176.72,1332.03,True,-0.2938,1792.5
2023-01-05T00:00:00,False,call,0.5,18101.9492,18000.0,TARGET,32,2243.16,176.63,2066.53,True,-0.6386,1852.5
2023-01-12T00:00:00,False,call,0.5,17920.8496,17900.0,TARGET,32,1517.28,173.98,1343.3,True,-0.384,1438.75
2023-01-24T00:00:00,False,call,1.0,18183.9492,18100.0,EOD,75,831.25,177.49,653.76,True,-0.3729,2138.75
2023-01-25T00:00:00,False,call,0.5,18093.3496,17900.0,TARGET,66,3420.93,184.68,3236.25,True,-0.2161,3385.0
2023-02-02T00:00:00,False,put,0.5,17517.0996,17600.0,TARGET,74,1540.71,177.3,1363.41,True,0.4,1498.75
2023-02-08T00:00:00,False,put,1.0,17750.3008,17800.0,EOD,75,1091.25,177.32,913.93,True,0.2969,1687.5
2023-03-01T00:00:00,False,put,1.0,17360.0996,17400.0,EOD,75,1096.25,176.81,919.44,True,0.2949,1587.5
2023-03-02T00:00:00,False,call,0.5,17421.5,17350.0,EOD,75,2156.25,175.97,1980.28,True,-0.4411,2176.25
2023-03-09T00:00:00,False,call,0.5,17772.0508,17600.0,EOD,75,2507.5,180.19,2327.31,True,-0.3918,2650.0
2023-03-16T00:00:00,False,put,0.5,16994.6504,17000.0,EOD,75,956.25,174.9,781.35,True,0.3102,1525.0
2023-03-28T00:00:00,False,call,1.0,17031.75,17000.0,EOD,75,723.75,176.92,546.83,True,-0.28,1617.5
2023-03-29T00:00:00,False,put,0.5,16977.3008,17000.0,EOD,75,1317.5,173.4,1144.1,True,0.4226,1348.75
2023-04-05T00:00:00,False,put,1.0,17422.3008,17500.0,EOD,75,1615.0,179.13,1435.87,True,0.2888,2100.0
2023-05-04T00:00:00,False,put,0.5,18081.0,18200.0,TARGET,70,2767.22,178.96,2588.26,True,0.377,2700.0
2023-05-11T00:00:00,False,call,0.5,18357.80078125,18300.0,TARGET,68,1482.18,173.75,1308.43,True,-0.5835,1428.75
2023-05-25T00:00:00,False,put,0.5,18268.9,18300.0,EOD,75,971.25,172.68,798.57,True,0.4964,1027.5
2023-06-01T00:00:00,False,call,0.5,18579.4,18500.0,TARGET,73,1966.05,173.81,1792.24,True,-0.8053,1631.25
2023-06-08T00:00:00,False,call,0.5,18725.35,18650.0,TARGET,71,1787.09,175.07,1612.02,True,-0.5449,1698.75
2023-06-15T00:00:00,False,call,0.5,18774.45,18700.0,TARGET,67,1714.58,173.96,1540.62,True,-0.7951,1658.75
2023-07-06T00:00:00,False,put,0.5,19385.7,19400.0,TARGET,67,1102.67,172.93,929.74,True,0.3992,1091.25
2023-07-20T00:00:00,False,put,0.5,19831.7,19900.0,TARGET,65,1923.22,175.35,1747.87,True,0.4676,1876.25
2023-07-27T00:00:00,False,call,0.5,19850.9,19700.0,TARGET,46,2512.79,178.02,2334.77,True,-0.495,2122.5
2023-08-03T00:00:00,False,call,0.5,19463.75,19400.0,TARGET,49,1764.27,176.61,1587.66,True,-0.3605,1758.75
2023-08-10T00:00:00,False,call,0.5,19605.55,19550.0,TARGET,69,2232.5,176.21,2056.29,True,-0.3846,2187.5
2023-08-17T00:00:00,False,call,0.5,19450.55,19400.0,EOD,75,1608.75,174.12,1434.63,True,-0.4944,1626.25
2023-08-24T00:00:00,False,call,0.5,19535.15,19400.0,TARGET,73,2274.5,176.91,2097.59,True,-0.5716,2125.0
2023-08-31T00:00:00,False,call,0.5,19375.55,19300.0,TARGET,48,1757.12,173.64,1583.48,True,-0.8015,1557.5
2023-09-07T00:00:00,False,put,0.5,19598.65,19700.0,TARGET,69,2467.46,176.52,2290.94,True,0.5267,2400.0
2023-09-14T00:00:00,False,call,0.5,20127.95,20100.0,TARGET,57,1246.02,172.53,1073.49,True,-0.5096,1141.25
2023-09-21T00:00:00,False,call,0.5,19840.55,19750.0,TARGET,66,2194.02,177.88,2016.14,True,-0.3707,2113.75
2023-09-28T00:00:00,False,call,0.5,19761.8,19550.0,TARGET,58,2990.94,183.08,2807.86,True,-0.1798,2750.0
2023-10-12T00:00:00,False,call,0.5,19822.7,19800.0,EOD,75,1486.25,173.24,1313.01,True,-0.4754,1525.0
2023-10-18T00:00:00,False,call,1.0,19820.45,19800.0,EOD,75,1058.75,174.25,884.5,True,-0.354,1323.75
2023-10-19T00:00:00,False,put,0.5,19545.2,19600.0,TARGET,27,1679.49,172.5,1506.99,True,0.7805,1093.75
2023-10-26T00:00:00,False,call,0.5,19027.25,18900.0,EOD,75,2578.75,179.9,2398.85,True,-0.3547,2592.5
2023-11-09T00:00:00,False,call,0.5,19457.4,19400.0,TARGET,62,1359.71,173.11,1186.6,True,-0.7259,1332.5
2023-11-16T00:00:00,False,put,0.5,19674.7,19700.0,TARGET,24,1166.81,172.24,994.57,True,0.5358,1125.0
2023-11-22T00:00:00,False,put,1.0,19784.0,19800.0,EOD,75,745.0,173.42,571.58,True,0.3868,1243.75
2023-11-23T00:00:00,False,call,0.5,19828.45,19800.0,TARGET,70,1653.6,173.66,1479.94,True,-0.4647,1637.5
2023-11-29T00:00:00,False,put,1.0,19976.55,20000.0,EOD,75,792.5,173.75,618.75,True,0.3655,993.75
2023-12-07T00:00:00,False,call,0.5,20932.4,20900.0,TARGET,68,1557.39,174.79,1382.6,True,-0.37,1537.5
2023-12-14T00:00:00,False,put,0.5,21110.4,21150.0,TARGET,74,2003.18,175.39,1827.79,True,0.3832,1941.25
2023-12-20T00:00:00,False,call,1.0,21543.5,21500.0,TARGET,50,1048.0,174.55,873.45,True,-0.4004,1015.0
2023-12-21T00:00:00,False,put,0.5,21033.95,21250.0,TARGET,42,1952.73,184.59,1768.14,True,0.3359,1828.75
2023-12-27T00:00:00,False,put,1.0,21497.65,21500.0,EOD,75,540.0,175.04,364.96,True,0.2481,778.75
2023-12-28T00:00:00,False,put,0.5,21715.0,21750.0,TARGET,74,1383.21,175.1,1208.11,True,0.3457,1332.5
2024-01-04T00:00:00,False,put,0.5,21605.8,21650.0,EOD,75,2118.75,177.91,1940.84,True,0.2865,2175.0
2024-01-11T00:00:00,False,call,0.5,21688.0,21650.0,TARGET,60,2066.26,173.95,1892.31,True,-0.4737,1702.5
2024-01-18T00:00:00,False,put,0.5,21414.2,21450.0,TARGET,38,1011.76,174.9,836.86,True,0.3462,973.75
2024-01-25T00:00:00,False,call,0.5,21454.6,21300.0,TARGET,45,2075.13,184.21,1890.92,True,-0.3043,1950.0
2024-01-31T00:00:00,False,put,1.0,21487.25,21500.0,EOD,75,807.5,180.3,627.2,True,0.1823,1346.25
2024-02-01T00:00:00,False,call,0.5,21780.65,21700.0,EOD,75,1000.0,180.74,819.26,True,-0.2587,1101.25
2024-02-08T00:00:00,False,call,0.5,22009.65,21750.0,TARGET,58,3337.47,191.31,3146.16,True,-0.1868,3297.5
2024-02-22T00:00:00,False,put,0.5,22081.55,22200.0,EOD,75,3120.0,186.62,2933.38,True,0.1677,3241.25
2024-02-28T00:00:00,False,call,1.0,22214.1,22200.0,EOD,75,1261.25,177.34,1083.91,True,-0.2423,1518.75
2024-02-29T00:00:00,False,put,0.5,21935.2,22000.0,EOD,75,895.0,179.51,715.49,True,0.2561,1707.5
2024-03-07T00:00:00,False,call,0.5,22505.3,22500.0,EOD,75,1298.75,174.13,1124.62,True,-0.3346,1375.0
2024-03-14T00:00:00,False,put,0.5,21982.55,22100.0,EOD,75,2642.5,183.4,2459.1,True,0.2221,2662.5
2024-03-21T00:00:00,False,put,0.5,21989.9,22000.0,TARGET,74,1388.21,175.47,1212.74,True,0.2835,1377.5
2024-03-28T00:00:00,False,put,0.5,22163.6,22300.0,TARGET,7,2439.43,178.08,2261.35,True,0.5503,2096.25
2024-04-18T00:00:00,False,call,0.5,22212.35,22000.0,TARGET,69,3007.25,186.9,2820.35,True,-0.2996,2875.0
2024-04-25T00:00:00,False,put,0.5,22316.9,22600.0,EOD,75,3385.0,189.82,3195.18,True,0.0012,3825.0
2024-05-02T00:00:00,False,put,0.5,22567.85,22650.0,TARGET,1,1428.33,175.21,1253.12,True,0.6615,1292.5
2024-05-09T00:00:00,False,call,0.5,22224.80078125,22000.0,TARGET,72,3355.84,192.64,3163.2,True,-0.1332,3302.5
2024-05-16T00:00:00,False,put,0.5,22319.19921875,22400.0,TARGET,74,2533.65,180.52,2353.13,True,0.2551,2500.0
2024-05-23T00:00:00,False,put,0.5,22614.099609375,22950.0,TARGET,71,3674.96,198.78,3476.18,True,0.1431,3291.25
2024-05-30T00:00:00,False,call,0.5,22617.44921875,22500.0,TARGET,64,2062.39,183.91,1878.48,True,-0.2272,1975.0
2024-06-06T00:00:00,False,put,0.5,22798.599609375,22800.0,EOD,75,2648.75,189.37,2459.38,True,0.1226,2770.0
2024-06-13T00:00:00,False,call,0.5,23480.94921875,23400.0,TARGET,24,1500.33,175.96,1324.37,True,-0.5147,1450.0
2024-06-27T00:00:00,False,put,0.5,23881.55078125,24000.0,TARGET,73,2709.99,183.67,2526.32,True,0.2195,2566.25
2024-07-04T00:00:00,False,call,0.5,24369.94921875,24350.0,TARGET,71,1179.73,173.53,1006.2,True,-0.3756,1095.0
2024-07-11T00:00:00,False,call,0.5,24396.55078125,24350.0,TARGET,13,1371.45,174.27,1197.18,True,-0.4412,1305.0
2024-07-18T00:00:00,False,put,0.5,24543.80078125,24800.0,TARGET,73,2609.37,185.74,2423.63,True,0.013,2601.25
2024-07-25T00:00:00,False,put,0.5,24230.94921875,24400.0,TARGET,45,1681.77,181.1,1500.67,True,0.4529,1637.5
2024-08-08T00:00:00,False,call,0.5,24248.55078125,24150.0,TARGET,74,1450.97,181.52,1269.45,True,-0.2676,1448.75
2024-08-14T00:00:00,False,call,0.5,24184.400390625,24150.0,EOD,75,1721.25,176.51,1544.74,True,-0.3045,1748.75
2024-08-22T00:00:00,False,call,0.5,24863.400390625,24800.0,EOD,75,1063.75,173.74,890.01,True,-0.6916,1300.0
2024-08-29T00:00:00,False,put,0.5,25035.30078125,25100.0,TARGET,41,1247.25,175.48,1071.77,True,0.4478,1235.0
2024-09-05T00:00:00,False,call,0.5,25250.5,25200.0,TARGET,16,953.85,173.5,780.35,True,-0.5815,945.0
2024-09-11T00:00:00,False,call,1.0,25034.0,25000.0,EOD,75,1177.5,176.19,1001.31,True,-0.3139,1700.0
2024-09-12T00:00:00,False,put,0.5,25059.650390625,25400.0,TARGET,72,3728.35,208.76,3519.59,True,0.0598,3698.75
2024-09-19T00:00:00,False,call,0.5,25487.05078125,25400.0,TARGET,55,1504.3,178.02,1326.28,True,-0.3817,1375.0
2024-09-26T00:00:00,False,put,0.5,26005.400390625,26200.0,TARGET,69,3562.64,185.81,3376.83,True,0.1869,3430.0
2024-10-03T00:00:00,False,call,0.5,25452.849609375,25250.0,EOD,75,4862.5,197.2,4665.3,True,-0.0681,5000.0
2024-10-10T00:00:00,False,call,0.5,25067.05078125,25000.0,TARGET,69,1218.63,175.74,1042.89,True,-0.4477,1150.0
2024-10-17T00:00:00,False,call,0.5,25027.400390625,24750.0,EOD,75,3127.5,190.08,2937.42,True,-0.0042,3182.5
2024-10-24T00:00:00,False,call,0.5,24412.69921875,24400.0,EOD,75,1553.75,176.5,1377.25,True,-0.268,1606.25
2024-10-31T00:00:00,False,call,0.5,24349.849609375,24200.0,TARGET,59,2525.89,182.74,2343.15,True,-0.2979,2500.0
2024-11-07T00:00:00,False,call,0.5,24489.599609375,24200.0,TARGET,15,2458.08,190.53,2267.55,True,-0.1044,2250.0
2024-11-21T00:00:00,False,call,0.5,23488.44921875,23350.0,TARGET,65,4986.93,363.4,4623.53,True,-0.2803,4968.75
2024-11-28T00:00:00,False,call,0.5,24274.150390625,23900.0,EOD,76,21333.75,459.38,20874.37,True,0.0792,21896.25
2024-12-05T00:00:00,False,put,0.5,24539.150390625,24700.0,TARGET,63,8500.5,385.61,8114.89,True,0.1466,7732.5
2024-12-12T00:00:00,False,call,0.5,24604.44921875,24550.0,EOD,75,4327.5,340.62,3986.88,True,-0.3373,4447.5
2024-12-19T00:00:00,False,put,0.5,23877.150390625,23950.0,TARGET,6,3484.32,339.25,3145.07,True,0.5014,2925.0
2024-12-26T00:00:00,False,call,0.5,23775.80078125,23750.0,TARGET,52,4376.41,336.96,4039.45,True,-0.3194,4106.25
2025-01-02T00:00:00,False,put,0.5,23783.0,24150.0,TARGET,64,9717.55,416.06,9301.49,True,0.1051,9633.75
2025-01-09T00:00:00,False,call,0.5,23674.75,23550.0,TARGET,44,5778.67,350.68,5427.99,True,-0.4325,5632.5
2025-01-16T00:00:00,False,call,0.5,23377.25,23300.0,TARGET,8,3948.33,334.56,3613.77,True,-0.6792,3765.0
2025-01-23T00:00:00,False,put,0.5,23128.30078125,23200.0,TARGET,40,6075.11,339.2,5735.91,True,0.4294,5917.5
2025-02-06T00:00:00,False,call,0.5,23761.94921875,23600.0,TARGET,9,5944.28,348.59,5595.69,True,-0.4559,5625.0
2025-02-13T00:00:00,False,call,0.5,23055.75,23050.0,EOD,75,4365.0,339.42,4025.58,True,-0.2666,4500.0
2025-02-20T00:00:00,False,put,0.5,22821.099609375,22900.0,TARGET,67,4199.42,340.25,3859.17,True,0.462,4125.0
2025-02-27T00:00:00,False,call,0.5,22568.94921875,22550.0,EOD,75,4458.75,332.46,4126.29,True,-0.4112,4612.5
2025-03-06T00:00:00,False,put,0.5,22476.349609375,22500.0,TARGET,69,4895.61,339.21,4556.4,True,0.2995,4856.25
2025-03-13T00:00:00,False,call,0.5,22541.5,22400.0,EOD,76,7215.0,348.96,6866.04,True,-0.5287,7260.0
2025-03-20T00:00:00,False,put,0.5,23036.599609375,23200.0,TARGET,64,8697.48,365.28,8332.2,True,0.2338,8628.75
2025-03-27T00:00:00,False,put,0.5,23433.94921875,23600.0,TARGET,9,7615.37,352.79,7262.58,True,0.4467,6738.75
2025-04-03T00:00:00,False,put,0.5,23150.30078125,23250.0,TARGET,2,4644.73,341.07,4303.66,True,0.6119,3592.5
2025-04-09T00:00:00,False,call,0.5,22460.30078125,22400.0,TARGET,73,9374.14,365.11,9009.03,True,-0.1811,9288.75
2025-04-17T00:00:00,False,put,0.5,23401.849609375,23850.0,EOD,75,11448.75,459.81,10988.94,True,0.0282,11613.75
2025-04-24T00:00:00,False,call,0.5,24277.900390625,24250.0,TARGET,68,3130.65,337.06,2793.59,True,-0.3046,2958.75
2025-04-30T00:00:00,False,put,0.5,24342.05,24350.0,TARGET,44,3775.57,334.25,3441.32,True,0.3126,3675.0
2025-05-07T00:00:00,False,put,1.0,24233.30078125,24300.0,TARGET,1,2430.23,345.21,2085.02,True,0.3325,1897.5
2025-05-08T00:00:00,False,call,0.5,24431.5,24400.0,TARGET,7,1913.21,329.0,1584.21,True,-0.5041,1886.25
2025-05-15T00:00:00,False,put,0.5,24694.44921875,25050.0,TARGET,63,10018.55,427.24,9591.31,True,0.0902,10012.5
2025-05-22T00:00:00,False,call,0.5,24733.94921875,24600.0,TARGET,43,4603.37,367.44,4235.93,True,-0.2415,4350.0
2025-06-05T00:00:00,False,put,0.5,24691.19921875,24700.0,TARGET,74,5056.07,343.24,4712.83,True,0.2432,5017.5
2025-06-12T00:00:00,False,call,0.5,25164.44921875,24900.0,TARGET,59,11429.97,382.66,11047.31,True,-0.0926,10743.75
2025-06-19T00:00:00,False,call,0.5,24803.25,24800.0,EOD,75,1717.5,333.43,1384.07,True,-0.2698,1942.5
2025-06-25T00:00:00,False,put,1.0,25150.349609375,25200.0,EOD,75,2096.25,345.26,1750.99,True,0.2693,4125.0
2025-06-26T00:00:00,False,put,0.5,25268.94921875,25500.0,TARGET,69,10478.67,375.28,10103.39,True,0.2813,9375.0
2025-07-03T00:00:00,False,call,0.5,25505.099609375,25500.0,EOD,75,2625.0,331.54,2293.46,True,-0.3172,2643.75
2025-07-10T00:00:00,False,call,0.5,25511.650390625,25400.0,EOD,75,5651.25,345.57,5305.68,True,-0.4916,5692.5
2025-07-17T00:00:00,False,call,0.5,25230.75,25200.0,TARGET,70,2942.49,331.56,2610.93,True,-0.4156,2932.5
2025-07-24T00:00:00,False,call,0.5,25243.30078125,25100.0,TARGET,34,9469.53,350.85,9118.68,True,-0.4205,8171.25
2025-07-31T00:00:00,False,put,0.5,24642.25,24750.0,TARGET,2,3685.21,340.49,3344.72,True,0.5926,2733.75
2025-08-07T00:00:00,False,put,0.5,24464.19921875,24550.0,STOP,48,-5799.95,339.25,-6139.2,False,0.6307,3975.0
2025-08-13T00:00:00,False,put,1.0,24586.19921875,24600.0,EOD,76,1788.75,340.49,1448.26,True,0.2548,3900.0
2025-08-20T00:00:00,False,put,1.0,24965.80078125,25000.0,EOD,75,2118.75,337.39,1781.36,True,0.3284,3911.25
2025-08-21T00:00:00,False,call,0.5,25142.0,25100.0,TARGET,5,3243.98,328.6,2915.38,True,-0.6388,3206.25
2025-08-28T00:00:00,False,call,0.5,24695.80078125,24500.0,TARGET,67,7883.92,370.79,7513.13,True,-0.3175,7203.75
2025-09-01T00:00:00,False,put,1.0,24432.69921875,24500.0,EOD,75,3221.25,342.19,2879.06,True,0.354,4068.75
2025-09-02T00:00:00,False,call,0.5,24653.0,24600.0,TARGET,62,4639.02,334.25,4304.77,True,-0.4729,4398.75
2025-09-15T00:00:00,False,call,1.0,25118.900390625,25100.0,EOD,75,1590.0,338.92,1251.08,True,-0.288,4425.0
2025-09-16T00:00:00,False,put,0.5,25073.599609375,25200.0,TARGET,74,6591.61,343.25,6248.36,True,0.5913,6528.75
2025-09-23T00:00:00,False,call,0.5,25209.0,25200.0,TARGET,25,3641.44,330.91,3310.53,True,-0.3725,3525.0
2025-09-30T00:00:00,False,call,0.5,24691.94921875,24650.0,TARGET,61,4711.8,334.92,4376.88,True,-0.407,4421.25
2025-10-06T00:00:00,False,put,1.0,24916.55,25000.0,EOD,75,4496.25,344.76,4151.49,True,0.3563,5400.0
2025-10-07T00:00:00,False,put,0.5,25085.3,25100.0,TARGET,10,2531.74,327.79,2203.95,True,0.4304,2512.5
2025-10-13T00:00:00,False,put,1.0,25177.3,25200.0,EOD,75,45.0,330.58,-285.58,False,0.3855,2025.0
2025-10-14T00:00:00,False,call,0.5,25277.55,25150.0,TARGET,35,7892.46,346.49,7545.97,True,-0.5129,7320.0
2025-10-27T00:00:00,False,put,1.0,25843.2,25900.0,EOD,75,2951.25,345.8,2605.45,True,0.2783,4488.75
2025-11-03T00:00:00,False,put,1.0,25696.85,25700.0,EOD,75,1057.5,333.08,724.42,True,0.3048,3150.0
2025-11-04T00:00:00,False,call,0.5,25744.75,25600.0,EOD,75,8118.75,364.77,7753.98,True,-0.2206,8400.0
2025-11-11T00:00:00,False,put,0.5,25617.0,25650.0,STOP,4,-5169.34,329.59,-5498.93,False,0.5034,3382.5
2025-11-18T00:00:00,False,call,0.5,26021.8,25950.0,EOD,75,5407.5,341.57,5065.93,True,-0.3755,5467.5
2025-11-24T00:00:00,False,call,1.0,26122.8,26100.0,EOD,75,2966.25,343.29,2622.96,True,-0.2556,4860.0
2025-11-25T00:00:00,False,call,0.5,25998.5,25900.0,EOD,75,5958.75,350.18,5608.57,True,-0.3113,6112.5
2025-12-01T00:00:00,False,call,1.0,26325.8,26300.0,EOD,75,2486.25,339.58,2146.67,True,-0.2814,3825.0
2025-12-02T00:00:00,False,call,0.5,26087.95,26050.0,TARGET,65,6607.43,344.75,6262.68,True,-0.2819,6446.25
2025-12-09T00:00:00,False,call,0.5,25867.1,25850.0,TARGET,68,4824.99,338.42,4486.57,True,-0.2998,4800.0
2025-12-16T00:00:00,False,call,0.5,25951.5,25900.0,TARGET,73,6295.51,344.59,5950.92,True,-0.2961,6225.0
2025-12-22T00:00:00,False,put,1.0,26055.85,26100.0,EOD,75,3378.75,340.92,3037.83,True,0.3167,5175.0
2025-12-23T00:00:00,False,call,0.5,26205.2,26200.0,EOD,75,2700.0,327.45,2372.55,True,-0.42,2831.25
2026-01-05T00:00:00,False,call,1.0,26333.7,26300.0,EOD,76,3766.75,306.9,3459.85,True,-0.3297,4962.75
2026-01-13T00:00:00,False,call,0.5,25897.35,25750.0,TARGET,9,7729.74,317.59,7412.15,True,-0.443,6825.0
2026-01-20T00:00:00,False,call,0.5,25580.3,25250.0,TARGET,73,9326.55,363.63,8962.92,True,-0.1093,8940.75
2026-01-27T00:00:00,False,put,0.5,25063.35,25150.0,EOD,75,4446.0,316.09,4129.91,True,0.2888,4849.0
2026-02-03T00:00:00,False,call,0.5,26308.05,25750.0,EOD,75,10634.0,400.17,10233.83,True,0.0,10803.0
2026-02-16T00:00:00,False,put,1.0,25423.6,25500.0,TARGET,4,1328.02,318.83,1009.19,True,0.2711,1183.0
2026-02-17T00:00:00,False,put,0.5,25637.95,25700.0,TARGET,44,3120.26,307.74,2812.52,True,0.3671,3045.25
2026-02-24T00:00:00,False,call,0.5,25641.8,25450.0,TARGET,20,5097.12,334.28,4762.84,True,-0.3842,5008.25
2026-03-02T00:00:00,False,put,0.5,24659.25,24850.0,TARGET,1,10559.25,318.52,10240.73,True,0.3905,2661.75
2026-03-17T00:00:00,False,put,0.5,23493.2,23550.0,TARGET,69,12721.92,333.44,12388.48,True,0.1842,11973.0
2026-03-24T00:00:00,False,put,0.5,22878.45,22900.0,EOD,75,4819.75,335.81,4483.94,True,0.131,5135.0
2026-03-30T00:00:00,False,call,0.5,22549.65,22350.0,TARGET,70,5768.63,360.44,5408.19,True,-0.1376,5284.5
2026-04-07T00:00:00,False,put,0.5,22838.7,23100.0,EOD,75,6532.5,357.19,6175.31,True,0.186,6701.5
2026-04-13T00:00:00,False,put,0.5,23589.6,23800.0,TARGET,20,4015.17,328.46,3686.71,True,0.3685,3909.75
2026-04-21T00:00:00,False,put,0.5,24374.55,24550.0,EOD,76,6188.0,344.92,5843.08,True,0.1679,6240.0
2026-04-27T00:00:00,False,put,1.0,23945.45,24000.0,EOD,75,1384.5,334.07,1050.43,True,0.1448,3185.0
2026-04-28T00:00:00,False,call,0.5,24049.9,24000.0,TARGET,73,3004.19,308.63,2695.56,True,-0.3081,2925.0
2026-05-05T00:00:00,False,call,0.5,24052.6,24050.0,TARGET,32,3930.91,308.97,3621.94,True,-0.2396,3900.0
2026-05-12T00:00:00,False,call,0.5,23722.6,23400.0,TARGET,70,8372.79,367.55,8005.24,True,-0.165,7897.5
2026-05-19T00:00:00,False,call,0.5,23675.3,23650.0,EOD,76,4884.75,311.9,4572.85,True,-0.2533,5005.0
2026-05-25T00:00:00,False,put,1.0,23940.25,24000.0,EOD,75,2886.0,323.83,2562.17,True,0.1935,5320.25
2026-05-26T00:00:00,False,call,0.5,24004.1,23950.0,TARGET,68,7622.74,325.41,7297.33,True,-0.1958,7601.75
2026-06-02T00:00:00,False,put,0.5,23229.15,23450.0,TARGET,52,10544.82,332.48,10212.34,True,0.2015,8970.0
2026-06-09T00:00:00,False,call,0.5,23259.05,23250.0,TARGET,26,3403.36,301.35,3102.01,True,-0.3273,3045.25
2026-06-16T00:00:00,False,put,0.5,23923.9,23950.0,EOD,76,4166.5,306.11,3860.39,True,0.3102,4195.75
2026-06-23T00:00:00,False,call,0.5,24071.3,23850.0,EOD,75,10192.0,337.79,9854.21,True,-0.0613,10452.0
2026-06-30T00:00:00,False,call,0.5,24032.05,23900.0,TARGET,2,6029.1,313.36,5715.74,True,-0.5452,4306.25
2026-07-07T00:00:00,False,call,0.5,24464.45,24400.0,EOD,76,3448.25,302.91,3145.34,True,-0.5221,3935.75
2026-07-20T00:00:00,False,put,1.0,24190.05,24200.0,EOD,75,1251.25,312.24,939.01,True,0.213,3510.0
2026-07-21T00:00:00,False,call,0.5,24216.05,24200.0,TARGET,65,3547.67,304.42,3243.25,True,-0.3029,3516.5
2026-08-04T00:00:00,False,call,0.5,24703.9,24650.0,TARGET,1,4264.52,298.36,3966.16,True,-0.7336,3380.0
2026-08-11T00:00:00,False,call,0.5,24575.1,24500.0,TARGET,65,4643.67,313.83,4329.84,True,-0.2951,4615.0
2026-08-18T00:00:00,False,call,0.5,24223.85,24200.0,EOD,75,4745.0,309.39,4435.61,True,-0.2909,5443.75
2026-08-25T00:00:00,False,put,0.5,24175.75,24300.0,EOD,75,4771.0,314.5,4456.5,True,0.472,5437.25
2026-09-08T00:00:00,False,call,0.5,23743.1,23650.0,EOD,75,4410.25,309.34,4100.91,True,-0.4432,5076.5
2026-09-15T00:00:00,False,call,0.5,23576.15,23300.0,TARGET,66,10997.34,349.97,10647.37,True,0.1347,10985.0
2026-09-21T00:00:00,False,put,1.0,23330.2,23400.0,EOD,75,2151.5,312.2,1839.3,True,0.3072,4088.5
2026-09-22T00:00:00,False,call,0.5,23454.05,23350.0,EOD,75,5297.5,313.12,4984.38,True,-0.3724,5973.5
