date,trade_type,expansion_ratio,spot_0920,spot_entry,spot_exit,atm_entry,lot_size,gross_pnl,friction,net_pnl,win
2021-01-06,PIN_IRON_FLY,0.604,14232.1,14208.0,14148.7,14200.0,75,3437.04,648.34,2788.7,True
2021-01-14,BREAKOUT,1.292,14537.5,14588.1,14587.6,14600.0,75,-1742.7,319.4,-2062.1,False
2021-01-21,PIN_IRON_FLY,0.609,14728.3999,14745.5,14586.0,14750.0,75,-6389.73,643.55,-7033.28,False
2021-02-03,BREAKOUT,1.299,14601.7999,14832.7,14792.8999,14850.0,75,-3785.6,319.4,-4105.0,False
2021-03-03,PIN_IRON_FLY,0.598,15037.8999,15098.2999,15248.1,15100.0,75,-1977.86,651.48,-2629.34,False
2021-03-04,BREAKOUT,1.548,15058.8999,15167.0,15083.8999,15150.0,75,-3495.53,319.4,-3814.93,False
2021-03-09,PIN_IRON_FLY,0.453,15087.2999,15006.1,15114.0,15000.0,75,754.34,655.71,98.63,True
2021-03-17,PIN_IRON_FLY,0.513,14894.1,14855.6,14698.7999,14850.0,75,-1723.32,652.89,-2376.21,False
2021-03-25,BREAKOUT,1.866,14481.6,14317.2,14298.2999,14300.0,75,-1765.29,319.4,-2084.69,False
2021-04-15,BREAKOUT,1.44,14548.5,14434.0,14587.6,14450.0,75,-4077.37,319.4,-4396.77,False
2021-04-29,BREAKOUT,1.581,15032.6,14907.7,14893.2,14900.0,75,-1736.41,319.4,-2055.81,False
2021-05-05,PIN_IRON_FLY,0.462,14575.2,14570.3999,14621.3999,14550.0,75,3116.62,653.06,2463.56,True
2021-05-06,PIN_IRON_FLY,0.588,14647.0,14694.7,14721.2,14700.0,75,4150.94,646.76,3504.18,True
2021-05-19,PIN_IRON_FLY,0.525,15083.7999,15090.5,15033.2999,15100.0,75,2570.33,649.13,1921.2,True
2021-06-02,PIN_IRON_FLY,0.608,15552.3999,15498.7999,15573.3999,15500.0,75,1702.53,648.05,1054.47,True
2021-06-03,PIN_IRON_FLY,0.608,15659.2999,15651.2,15695.6,15650.0,75,1391.16,643.83,747.34,True
2021-06-09,PIN_IRON_FLY,0.598,15748.8999,15783.6,15639.3999,15800.0,75,-4020.68,647.28,-4667.96,False
2021-06-30,PIN_IRON_FLY,0.576,15804.2999,15819.3999,15714.1,15800.0,75,465.32,647.31,-181.99,False
2021-07-08,BREAKOUT,1.375,15870.5,15782.5,15738.0,15800.0,50,1309.53,244.4,1065.13,True
2021-07-28,BREAKOUT,2.103,15670.2999,15638.3999,15713.2,15650.0,50,-2432.39,244.4,-2676.79,False
2021-08-11,BREAKOUT,1.514,16323.7999,16233.2,16282.5,16250.0,50,-2456.68,244.4,-2701.08,False
2021-09-02,BREAKOUT,1.41,17106.9,17175.0,17231.7999,17200.0,50,622.77,244.4,378.37,True
2021-09-08,PIN_IRON_FLY,0.577,17380.2999,17310.2999,17350.5999,17300.0,50,2149.41,494.68,1654.73,True
2021-09-22,PIN_IRON_FLY,0.551,17590.2999,17574.7,17535.5999,17550.0,50,3827.09,495.64,3331.45,True
2021-09-29,PIN_IRON_FLY,0.481,17641.9,17644.5,17701.7,17650.0,50,2554.02,496.11,2057.92,True
2021-09-30,PIN_IRON_FLY,0.645,17688.2,17672.0,17628.9,17650.0,50,2594.13,493.45,2100.68,True
2021-10-14,PIN_IRON_FLY,0.585,18284.5996,18293.4492,18340.0508,18300.0,50,1646.94,492.85,1154.09,True
2021-10-21,BREAKOUT,1.998,18339.5,18131.0,18168.8496,18150.0,50,-2190.41,244.4,-2434.81,False
2021-10-27,PIN_IRON_FLY,0.464,18293.6504,18313.9004,18227.4492,18300.0,50,1610.58,496.35,1114.24,True
2021-10-28,BREAKOUT,1.494,18141.6992,18001.3496,17854.4004,18000.0,50,4715.86,244.4,4471.46,True
2021-11-10,PIN_IRON_FLY,0.441,17930.3008,17966.5508,18011.8496,17950.0,50,2066.87,496.1,1570.77,True
2021-11-18,BREAKOUT,2.21,17936.5996,17706.4004,17752.25,17700.0,50,-1714.89,244.4,-1959.29,False
2021-11-24,PIN_IRON_FLY,0.612,17494.75,17588.4004,17415.0508,17600.0,50,-2175.46,496.34,-2671.8,False
2021-11-25,BREAKOUT,1.587,17441.4004,17515.8008,17530.3496,17500.0,50,-638.55,244.4,-882.95,False
2021-12-01,PIN_IRON_FLY,0.572,17173.3496,17141.8008,17166.9004,17150.0,50,4047.32,498.41,3548.91,True
2021-12-02,BREAKOUT,1.241,17229.9004,17306.3496,17404.0996,17300.0,50,2933.2,244.4,2688.8,True
2021-12-08,PIN_IRON_FLY,0.637,17353.4492,17429.9004,17473.0,17450.0,50,3848.91,497.28,3351.63,True
2021-12-09,BREAKOUT,1.356,17505.0996,17492.6992,17516.6992,17500.0,50,-1825.6,244.4,-2070.0,False
2021-12-22,PIN_IRON_FLY,0.481,16899.1992,16882.9004,16946.75,16900.0,50,3105.75,497.88,2607.87,True
2021-12-29,PIN_IRON_FLY,0.644,17252.0,17212.9492,17218.5996,17200.0,50,3751.94,495.79,3256.15,True
2022-01-06,BREAKOUT,1.304,17745.4492,17672.5508,17739.25,17650.0,50,-1314.14,244.4,-1558.54,False
2022-01-12,PIN_IRON_FLY,0.496,18162.1992,18195.1504,18215.0996,18200.0,50,3965.68,496.76,3468.93,True
2022-01-20,BREAKOUT,1.426,17915.1992,17822.25,17764.8008,17800.0,50,392.74,244.4,148.34,True
2022-02-02,PIN_IRON_FLY,0.333,17710.1992,17749.5996,17778.1504,17750.0,50,3841.69,500.79,3340.9,True
2022-02-09,PIN_IRON_FLY,0.494,17390.0996,17418.0,17463.3496,17400.0,50,2263.98,497.25,1766.73,True
2022-02-10,BREAKOUT,1.656,17500.0,17584.75,17599.5996,17600.0,50,-1047.45,244.4,-1291.85,False
2022-02-17,BREAKOUT,1.23,17422.8008,17409.6504,17284.0508,17400.0,50,3392.79,244.4,3148.39,True
2022-02-23,PIN_IRON_FLY,0.358,17186.0,17157.4004,17047.75,17150.0,50,1107.43,500.95,606.49,True
2022-02-24,BREAKOUT,1.544,16672.0996,16537.4004,16273.0996,16550.0,50,4976.08,244.4,4731.68,True
2022-03-02,PIN_IRON_FLY,0.41,16613.3496,16508.1992,16607.75,16500.0,50,1548.97,508.45,1040.52,True
2022-03-10,PIN_IRON_FLY,0.622,16677.6992,16673.1992,16615.6504,16650.0,50,2817.75,497.3,2320.45,True
2022-03-16,PIN_IRON_FLY,0.279,16892.8008,16914.0508,16978.4492,16900.0,50,2347.63,504.59,1843.04,True
2022-03-17,PIN_IRON_FLY,0.547,17219.3008,17311.3008,17272.9004,17300.0,50,2941.83,497.81,2444.01,True
2022-04-13,BREAKOUT,1.628,17622.9492,17493.5,17470.0,17500.0,50,-494.86,244.4,-739.26,False
2022-04-27,PIN_IRON_FLY,0.495,17093.6992,17030.3008,17036.0508,17050.0,50,4010.04,496.92,3513.12,True
2022-05-12,BREAKOUT,1.347,15961.3496,15830.0996,15817.3496,15850.0,50,-853.3,244.4,-1097.7,False
2022-05-26,BREAKOUT,1.204,16087.0996,15936.25,16172.25,15950.0,50,-2704.04,244.4,-2948.44,False
2022-06-01,PIN_IRON_FLY,0.486,16639.6992,16571.6992,16528.5996,16550.0,50,3971.81,498.61,3473.2,True
2022-06-15,PIN_IRON_FLY,0.37,15721.0498,15767.7002,15693.6504,15750.0,50,2897.7,499.6,2398.1,True
2022-06-16,BREAKOUT,1.438,15843.75,15573.25,15359.5498,15550.0,50,4831.1,244.4,4586.7,True
2022-06-23,BREAKOUT,1.362,15469.5498,15470.9502,15561.0,15450.0,50,2740.42,244.4,2496.02,True
2022-07-07,PIN_IRON_FLY,0.503,16114.2002,16104.1504,16127.4004,16100.0,50,2575.36,493.98,2081.38,True
2022-07-13,PIN_IRON_FLY,0.433,16113.0996,16071.75,15959.4004,16050.0,50,920.86,497.12,423.74,True
2022-07-20,PIN_IRON_FLY,0.467,16521.6504,16577.5996,16516.1992,16600.0,50,905.03,495.81,409.22,True
2022-08-04,BREAKOUT,2.406,17464.5996,17283.75,17377.4004,17300.0,50,-2414.1,244.4,-2658.5,False
2022-08-10,PIN_IRON_FLY,0.574,17512.0996,17510.0508,17537.6504,17500.0,50,3692.63,498.54,3194.09,True
2022-08-11,PIN_IRON_FLY,0.452,17690.0,17673.25,17652.9492,17650.0,50,3087.62,494.46,2593.16,True
2022-08-25,PIN_IRON_FLY,0.625,17672.0996,17695.9492,17498.9004,17700.0,50,-3583.8,493.09,-4076.9,False
2022-09-01,BREAKOUT,1.341,17553.8496,17596.5,17555.0,17600.0,50,-2423.28,244.4,-2667.68,False
2022-09-07,PIN_IRON_FLY,0.562,17557.8496,17625.1992,17617.0996,17650.0,50,3626.02,497.94,3128.08,True
2022-09-08,PIN_IRON_FLY,0.424,17733.75,17747.9492,17796.3496,17750.0,50,2071.66,494.45,1577.21,True
2022-09-14,BREAKOUT,1.458,17863.25,18030.6504,17980.4492,18050.0,50,-2422.61,244.4,-2667.01,False
2022-09-15,BREAKOUT,1.391,18083.75,17906.0996,17877.5996,17900.0,50,-760.46,244.4,-1004.86,False
2022-10-06,PIN_IRON_FLY,0.516,17374.5,17374.25,17331.0996,17350.0,50,3804.79,496.11,3308.68,True
2022-10-19,PIN_IRON_FLY,0.424,17561.25,17532.3496,17509.3496,17550.0,50,3163.68,496.66,2667.03,True
2022-11-02,PIN_IRON_FLY,0.561,18130.6992,18080.9492,18082.6504,18100.0,50,3889.02,496.44,3392.58,True
2022-11-16,PIN_IRON_FLY,0.627,18379.9004,18423.6504,18412.0508,18400.0,50,3696.02,494.82,3201.2,True
2022-11-17,PIN_IRON_FLY,0.605,18381.25,18391.1992,18323.1504,18400.0,50,-222.7,492.68,-715.38,False
2022-11-23,PIN_IRON_FLY,0.605,18301.1992,18270.6504,18271.5,18250.0,50,3215.21,494.12,2721.09,True
2022-11-30,PIN_IRON_FLY,0.402,18675.3496,18649.8008,18765.1992,18650.0,50,-721.08,495.47,-1216.55,False
2022-12-01,PIN_IRON_FLY,0.594,18866.9492,18845.0996,18808.1504,18850.0,50,1598.15,492.9,1105.25,True
2022-12-07,PIN_IRON_FLY,0.619,18636.6504,18593.9004,18553.5996,18600.0,50,2763.65,495.98,2267.67,True
2022-12-14,PIN_IRON_FLY,0.273,18654.6504,18672.5,18667.0996,18650.0,50,3786.34,495.76,3290.59,True
2022-12-21,BREAKOUT,1.379,18450.8496,18292.8496,18206.9492,18300.0,50,2215.08,244.4,1970.68,True
2022-12-22,BREAKOUT,1.714,18259.0508,18107.6992,18142.9004,18100.0,50,-1906.22,244.4,-2150.62,False
2022-12-28,PIN_IRON_FLY,0.555,18096.3496,18134.8008,18125.6992,18150.0,50,3450.94,495.17,2955.77,True
2022-12-29,PIN_IRON_FLY,0.623,18028.75,18019.0508,18195.6504,18000.0,50,-3877.45,492.65,-4370.11,False
2023-01-04,BREAKOUT,1.372,18209.6992,18049.75,18052.8496,18050.0,50,-2021.19,244.4,-2265.59,False
2023-01-05,BREAKOUT,1.323,18062.75,17964.0,17989.4492,17950.0,50,-1609.19,244.4,-1853.59,False
2023-01-12,BREAKOUT,1.285,17913.8008,17821.9492,17858.3496,17800.0,50,-1565.34,244.4,-1809.74,False
2023-01-25,BREAKOUT,2.804,18059.5,17907.1504,17896.5,17900.0,50,-854.98,244.4,-1099.38,False
2023-02-23,BREAKOUT,1.483,17551.8496,17540.75,17503.3008,17550.0,50,332.89,244.4,88.49,True
2023-03-01,PIN_IRON_FLY,0.619,17387.9492,17415.5996,17447.0996,17400.0,50,2598.86,495.5,2103.36,True
2023-03-09,BREAKOUT,1.258,17768.0508,17652.9004,17586.4004,17650.0,50,1644.68,244.4,1400.28,True
2023-03-16,BREAKOUT,1.419,16926.0996,16916.1992,16976.9004,16900.0,50,-1792.55,244.4,-2036.95,False
2023-03-22,PIN_IRON_FLY,0.576,17201.4492,17154.3008,17159.9492,17150.0,50,3978.9,496.18,3482.72,True
2023-04-06,BREAKOUT,1.233,17522.4492,17606.9004,17591.3496,17600.0,50,-1502.61,244.4,-1747.01,False
2023-04-12,PIN_IRON_FLY,0.526,17725.4492,17771.3496,17812.25,17750.0,50,1218.0,493.88,724.12,True
2023-04-19,PIN_IRON_FLY,0.453,17638.0508,17662.3008,17628.5996,17650.0,50,3011.88,493.63,2518.25,True
2023-05-03,PIN_IRON_FLY,0.549,18074.80078125,18079.80078125,18098.0,18100.0,50,3575.48,493.96,3081.51,True
2023-05-17,BREAKOUT,1.374,18277.75,18158.7,18184.0,18150.0,50,-2057.48,244.4,-2301.88,False
2023-06-01,PIN_IRON_FLY,0.539,18560.0,18554.5,18491.35,18550.0,50,929.38,493.08,436.3,True
2023-06-07,PIN_IRON_FLY,0.361,18648.8,18662.65,18726.95,18650.0,50,277.86,493.49,-215.63,False
2023-06-14,PIN_IRON_FLY,0.518,18725.1,18740.05,18758.25,18750.0,50,3525.89,494.02,3031.87,True
2023-06-28,BREAKOUT,1.491,18868.8,18971.25,18972.95,18950.0,50,-1011.03,244.4,-1255.43,False
2023-07-05,PIN_IRON_FLY,0.559,19377.95,19383.6,19410.65,19400.0,50,3589.24,494.34,3094.9,True
2023-07-20,BREAKOUT,1.257,19799.35,19880.1,19987.05,19900.0,50,3112.93,244.4,2868.53,True
2023-07-27,BREAKOUT,1.35,19857.35,19724.3,19664.7,19700.0,50,505.1,244.4,260.7,True
2023-08-02,BREAKOUT,1.202,19653.0,19540.45,19542.6,19550.0,50,-1838.22,244.4,-2082.62,False
2023-08-10,BREAKOUT,1.202,19576.25,19546.65,19545.95,19550.0,50,-1200.15,244.4,-1444.55,False
2023-08-16,PIN_IRON_FLY,0.642,19357.55,19401.1,19461.75,19400.0,50,1766.25,495.1,1271.15,True
2023-08-17,BREAKOUT,1.206,19446.1,19356.6,19362.2,19350.0,50,-1274.85,244.4,-1519.25,False
2023-08-24,BREAKOUT,1.662,19534.9,19462.9,19397.05,19450.0,50,1437.54,244.4,1193.14,True
2023-08-30,PIN_IRON_FLY,0.356,19424.65,19443.8,19344.5,19450.0,50,-1126.68,493.52,-1620.2,False
2023-09-06,PIN_IRON_FLY,0.619,19588.3,19540.85,19615.25,19550.0,50,957.12,493.66,463.46,True
2023-09-28,BREAKOUT,1.764,19750.85,19621.45,19499.25,19600.0,50,3982.1,244.4,3737.7,True
2023-10-11,PIN_IRON_FLY,0.52,19790.3,19805.9,19809.85,19800.0,50,3840.52,495.33,3345.19,True
2023-10-12,PIN_IRON_FLY,0.637,19826.15,19817.35,19799.2,19800.0,50,2544.97,492.58,2052.39,True
2023-10-18,BREAKOUT,1.256,19786.3,19677.3,19672.05,19700.0,50,-1275.13,244.4,-1519.53,False
2023-10-19,BREAKOUT,1.5,19539.0,19650.4,19622.1,19650.0,50,-1631.84,244.4,-1876.24,False
2023-10-26,BREAKOUT,1.622,19008.0,18862.7,18859.55,18850.0,50,-1286.16,244.4,-1530.56,False
2023-11-01,PIN_IRON_FLY,0.498,19077.25,19046.0,18990.6,19050.0,50,1951.26,495.31,1455.94,True
2023-11-08,PIN_IRON_FLY,0.376,19414.7,19431.45,19449.3,19450.0,50,3817.12,494.82,3322.3,True
2023-11-09,PIN_IRON_FLY,0.569,19413.3,19444.25,19393.1,19450.0,50,668.26,492.54,175.71,True
2023-11-15,PIN_IRON_FLY,0.571,19613.35,19630.85,19677.4,19650.0,50,3275.54,494.67,2780.87,True
2023-11-16,BREAKOUT,2.132,19636.6,19789.15,19730.65,19800.0,50,-1230.94,244.4,-1475.34,False
2023-11-30,BREAKOUT,1.367,20113.0,20050.3,20135.2,20050.0,50,-1450.86,244.4,-1695.26,False
2023-12-06,PIN_IRON_FLY,0.383,20933.45,20895.6,20939.35,20900.0,50,3217.41,496.69,2720.72,True
2023-12-07,PIN_IRON_FLY,0.647,20866.15,20904.1,20902.75,20900.0,50,2912.21,493.7,2418.51,True
2023-12-20,PIN_IRON_FLY,0.617,21562.3,21516.2,21142.35,21500.0,50,-2397.9,495.85,-2893.76,False
2023-12-21,BREAKOUT,1.789,21046.3,21213.05,21257.5,21200.0,50,544.35,244.4,299.95,True
2023-12-27,PIN_IRON_FLY,0.589,21522.1,21540.45,21668.5,21550.0,50,-468.12,496.68,-964.8,False
2024-01-17,BREAKOUT,1.241,21846.4,21667.25,21589.75,21650.0,50,633.06,244.4,388.66,True
2024-01-18,BREAKOUT,1.605,21445.1,21468.3,21458.3,21450.0,50,-1634.81,244.4,-1879.21,False
2024-01-25,BREAKOUT,1.369,21411.5,21287.2,21343.3,21300.0,50,-2375.32,244.4,-2619.72,False
2024-02-08,BREAKOUT,1.835,21992.0,21798.45,21714.75,21800.0,50,1888.06,244.4,1643.66,True
2024-02-21,PIN_IRON_FLY,0.405,22218.4,22223.15,22095.05,22200.0,50,498.98,498.2,0.78,True
2024-02-22,BREAKOUT,1.369,22047.1,21959.4,22206.7,21950.0,50,-2089.61,244.4,-2334.01,False
2024-03-07,PIN_IRON_FLY,0.645,22502.6,22480.75,22500.75,22500.0,50,2958.52,493.8,2464.72,True
2024-03-13,BREAKOUT,2.0,22393.05,22099.1,21969.85,22100.0,50,3441.71,244.4,3197.31,True
2024-03-14,BREAKOUT,1.397,21930.65,22188.1,22144.25,22200.0,50,-2243.03,244.4,-2487.43,False
2024-03-28,BREAKOUT,1.749,22190.65,22366.1,22268.9,22350.0,50,-2283.66,244.4,-2528.06,False
2024-04-04,BREAKOUT,1.841,22580.3,22395.35,22507.25,22400.0,50,-2377.77,244.4,-2622.17,False
2024-04-09,PIN_IRON_FLY,0.517,22707.3,22687.95,22641.55,22700.0,50,2354.19,496.58,1857.61,True
2024-04-10,PIN_IRON_FLY,0.386,22697.5,22701.4,22752.65,22700.0,50,1491.64,493.62,998.02,True
2024-04-24,PIN_IRON_FLY,0.427,22403.5,22455.5,22401.75,22450.0,50,2823.65,496.6,2327.05,True
2024-04-25,BREAKOUT,1.427,22340.1,22400.6,22570.25,22400.0,50,5361.47,244.4,5117.07,True
2024-05-16,BREAKOUT,1.394,22292.7,22163.45,22403.25,22150.0,25,-1034.38,169.4,-1203.78,False
2024-05-22,PIN_IRON_FLY,0.508,22540.95,22572.45,22597.9,22550.0,25,1512.08,343.22,1168.86,True
2024-05-23,BREAKOUT,1.627,22596.95,22798.95,22978.65,22800.0,25,2590.78,169.4,2421.38,True
2024-05-29,PIN_IRON_FLY,0.546,22776.6,22739.6,22711.3,22750.0,25,1727.34,343.54,1383.8,True
2024-06-12,PIN_IRON_FLY,0.624,23325.75,23410.95,23325.25,23400.0,25,1010.28,343.86,666.41,True
2024-06-19,BREAKOUT,1.281,23587.25,23558.6,23511.0,23550.0,25,-235.12,169.4,-404.52,False
2024-06-27,BREAKOUT,1.375,23842.25,23991.75,24045.6,24000.0,25,138.74,169.4,-30.66,False
2024-07-03,PIN_IRON_FLY,0.48,24230.5,24286.25,24296.1,24300.0,25,2086.77,343.33,1743.45,True
2024-07-04,PIN_IRON_FLY,0.636,24346.05,24347.25,24302.65,24350.0,25,1008.21,341.6,666.61,True
2024-07-10,BREAKOUT,1.206,24395.3,24277.55,24330.85,24300.0,25,-1450.68,169.4,-1620.08,False
2024-07-31,PIN_IRON_FLY,0.433,24896.05,24923.4,24945.8,24900.0,25,1614.31,343.72,1270.58,True
2024-08-01,PIN_IRON_FLY,0.471,25052.9,24982.25,25018.7,25000.0,25,1543.36,342.83,1200.53,True
2024-08-07,PIN_IRON_FLY,0.49,24281.45,24255.5,24309.4,24250.0,25,1462.95,345.54,1117.41,True
2024-08-13,PIN_IRON_FLY,0.416,24328.0,24258.9,24122.9,24250.0,25,4.72,344.44,-339.72,False
2024-08-14,PIN_IRON_FLY,0.448,24149.2,24154.75,24135.55,24150.0,25,1565.06,342.62,1222.44,True
2024-08-21,PIN_IRON_FLY,0.36,24699.7,24736.95,24767.05,24750.0,25,2023.78,344.79,1678.99,True
2024-08-22,PIN_IRON_FLY,0.29,24826.4,24829.35,24810.6,24850.0,25,1347.01,343.86,1003.15,True
2024-08-29,BREAKOUT,1.253,25029.6,25151.45,25130.05,25150.0,25,-873.72,169.4,-1043.12,False
2024-09-04,PIN_IRON_FLY,0.434,25099.8,25136.5,25210.1,25150.0,25,1099.51,342.54,756.97,True
2024-09-05,PIN_IRON_FLY,0.377,25241.15,25174.0,25152.7,25150.0,25,1473.29,344.61,1128.68,True
2024-09-18,PIN_IRON_FLY,0.478,25393.0,25477.35,25382.35,25500.0,25,-39.37,343.41,-382.78,False
2024-09-25,PIN_IRON_FLY,0.429,25926.5,25889.65,26017.55,25900.0,25,-152.04,342.96,-495.0,False
2024-09-26,PIN_IRON_FLY,0.425,26033.15,26081.35,26207.55,26100.0,25,326.55,343.52,-16.97,False
2024-10-03,PIN_IRON_FLY,0.628,25530.0,25386.9,25258.45,25400.0,25,317.09,348.07,-30.99,False
2024-10-09,PIN_IRON_FLY,0.597,25056.1,25149.55,24971.15,25150.0,25,-317.96,346.17,-664.13,False
2024-10-10,PIN_IRON_FLY,0.324,25051.2,25040.0,24998.55,25050.0,25,1106.97,346.63,760.34,True
2024-10-16,PIN_IRON_FLY,0.493,25017.7,24938.2,24968.2,24950.0,25,1900.92,346.9,1554.01,True
2024-10-30,PIN_IRON_FLY,0.441,24363.65,24433.25,24334.2,24450.0,25,339.03,345.19,-6.16,False
2024-11-14,PIN_IRON_FLY,0.489,23604.9,23522.5,23540.15,23500.0,25,1239.36,345.65,893.71,True
2024-11-28,BREAKOUT,1.621,24278.6,24050.2,23915.6,24050.0,75,5513.23,319.4,5193.83,True
2024-12-11,PIN_IRON_FLY,0.249,24614.1,24651.6,24650.6,24650.0,75,5517.86,667.0,4850.85,True
2024-12-18,PIN_IRON_FLY,0.471,24330.55,24199.95,24189.3,24200.0,75,5533.77,666.34,4867.43,True
2024-12-19,PIN_IRON_FLY,0.319,23919.5,23971.75,23945.55,23950.0,75,3884.43,661.24,3223.19,True
2025-01-01,PIN_IRON_FLY,0.509,23673.1,23761.95,23739.95,23750.0,75,5530.69,666.45,4864.23,True
2025-01-08,PIN_IRON_FLY,0.585,23679.5,23511.0,23705.2,23500.0,75,-824.06,665.78,-1489.84,False
2025-01-09,PIN_IRON_FLY,0.623,23616.55,23565.65,23520.85,23550.0,75,4373.42,651.75,3721.68,True
2025-01-15,PIN_IRON_FLY,0.589,23225.15,23237.0,23214.55,23250.0,75,5341.88,652.92,4688.97,True
2025-01-16,PIN_IRON_FLY,0.587,23335.5,23313.85,23309.65,23300.0,75,4755.66,649.61,4106.05,True
2025-01-22,PIN_IRON_FLY,0.552,23108.25,23036.65,23164.25,23050.0,75,958.18,656.97,301.21,True
2025-01-23,PIN_IRON_FLY,0.529,23108.1,23263.95,23201.25,23250.0,75,3664.29,656.99,3007.3,True
2025-01-29,PIN_IRON_FLY,0.552,23032.85,23131.9,23159.35,23150.0,75,5933.42,661.51,5271.91,True
2025-01-30,PIN_IRON_FLY,0.471,23158.2,23278.05,23249.55,23300.0,75,3566.56,658.32,2908.24,True
2025-02-05,PIN_IRON_FLY,0.26,23766.05,23741.25,23695.85,23750.0,75,4663.18,662.24,4000.94,True
2025-02-20,PIN_IRON_FLY,0.477,22857.2,22893.4,22917.15,22900.0,75,4644.07,650.09,3993.98,True
2025-03-05,BREAKOUT,1.542,22136.1,22385.55,22335.0,22400.0,75,-3909.93,319.4,-4229.33,False
2025-03-19,PIN_IRON_FLY,0.344,22877.4,22907.0,22911.55,22900.0,75,6072.31,658.92,5413.39,True
2025-03-20,PIN_IRON_FLY,0.344,23022.3,23079.65,23183.85,23100.0,75,2484.77,655.97,1828.8,True
2025-04-02,PIN_IRON_FLY,0.546,23205.1,23286.55,23337.75,23300.0,75,5399.67,657.15,4742.52,True
2025-04-09,PIN_IRON_FLY,0.352,22412.35,22441.7,22402.7,22450.0,75,3732.51,656.22,3076.29,True
2025-04-16,PIN_IRON_FLY,0.427,23285.3,23351.5,23424.55,23350.0,75,3043.34,653.98,2389.36,True
2025-04-17,BREAKOUT,2.345,23357.65,23708.45,23847.0,23700.0,75,5971.75,319.4,5652.35,True
2025-04-24,PIN_IRON_FLY,0.396,24272.4,24257.2,24250.15,24250.0,75,4679.28,653.28,4026.0,True
2025-04-29,PIN_IRON_FLY,0.622,24438.5,24328.75,24326.45,24350.0,75,5923.46,656.2,5267.26,True
2025-04-30,PIN_IRON_FLY,0.377,24317.6,24359.65,24349.4,24350.0,75,4369.06,656.62,3712.44,True
2025-05-08,PIN_IRON_FLY,0.518,24398.45,24400.9,24309.15,24400.0,75,-313.42,646.35,-959.77,False
2025-05-14,PIN_IRON_FLY,0.449,24664.1,24656.1,24669.55,24650.0,75,5486.48,665.69,4820.79,True
2025-05-22,PIN_IRON_FLY,0.611,24644.7,24555.85,24606.25,24550.0,75,3476.14,655.75,2820.39,True
2025-05-28,PIN_IRON_FLY,0.346,24817.75,24792.1,24748.5,24800.0,75,4765.78,662.68,4103.11,True
2025-05-29,PIN_IRON_FLY,0.573,24845.2,24741.65,24850.75,24750.0,75,1739.86,655.48,1084.38,True
2025-06-04,PIN_IRON_FLY,0.275,24571.25,24592.95,24616.9,24600.0,75,6020.11,658.23,5361.88,True
2025-06-11,PIN_IRON_FLY,0.535,25127.6,25194.95,25144.95,25200.0,75,4475.63,655.68,3819.95,True
2025-06-19,PIN_IRON_FLY,0.596,24755.3,24803.9,24791.75,24800.0,75,4771.62,649.95,4121.67,True
2025-06-25,PIN_IRON_FLY,0.33,25161.9,25206.65,25248.8,25200.0,75,4894.97,657.61,4237.37,True
2025-07-09,PIN_IRON_FLY,0.309,25488.8,25536.85,25478.4,25550.0,75,3369.64,654.93,2714.72,True
2025-07-10,BREAKOUT,1.205,25470.6,25399.55,25362.75,25400.0,75,-227.12,319.4,-546.52,False
2025-07-23,PIN_IRON_FLY,0.517,25132.55,25167.55,25229.35,25150.0,75,1956.08,650.27,1305.8,True
2025-07-24,BREAKOUT,1.519,25204.1,25082.45,25069.0,25100.0,75,-1222.41,319.4,-1541.81,False
2025-08-07,PIN_IRON_FLY,0.477,24519.2,24431.95,24592.0,24450.0,75,208.39,656.03,-447.64,False
2025-08-13,PIN_IRON_FLY,0.368,24566.2,24614.05,24614.75,24600.0,75,6141.49,653.91,5487.58,True
2025-08-14,PIN_IRON_FLY,0.226,24640.15,24647.95,24630.3,24650.0,75,4374.5,655.21,3719.29,True
2025-08-20,PIN_IRON_FLY,0.615,24942.9,25040.75,25048.75,25050.0,75,6233.78,651.66,5582.12,True
2025-08-21,PIN_IRON_FLY,0.303,25074.7,25113.65,25081.5,25100.0,75,4435.69,654.72,3780.97,True
2025-08-28,BREAKOUT,1.449,24575.55,24594.8,24502.25,24600.0,75,-3347.36,319.4,-3666.76,False
2025-09-08,PIN_IRON_FLY,0.255,24788.95,24831.45,24768.75,24850.0,75,3507.31,662.88,2844.43,True
2025-09-09,PIN_IRON_FLY,0.466,24851.85,24853.3,24870.35,24850.0,75,4030.32,646.21,3384.11,True
2025-09-15,PIN_IRON_FLY,0.231,25091.05,25110.2,25067.1,25100.0,75,6391.46,661.23,5730.23,True
2025-09-16,PIN_IRON_FLY,0.434,25107.25,25196.25,25240.65,25200.0,75,3967.3,654.79,3312.5,True
2025-09-22,PIN_IRON_FLY,0.409,25257.5,25291.9,25195.55,25300.0,75,1612.75,659.44,953.31,True
2025-09-23,BREAKOUT,1.378,25227.1,25186.25,25171.9,25200.0,75,-1045.76,319.4,-1365.16,False
2025-10-13,PIN_IRON_FLY,0.399,25213.85,25182.8,25220.45,25200.0,75,6711.92,654.58,6057.34,True
2025-10-14,BREAKOUT,1.825,25290.75,25105.9,25144.8,25100.0,75,-2699.49,319.4,-3018.89,False
2025-11-03,PIN_IRON_FLY,0.587,25687.45,25713.0,25765.95,25700.0,75,3736.67,654.11,3082.56,True
2025-11-04,PIN_IRON_FLY,0.296,25754.6,25672.35,25600.0,25650.0,75,3271.7,663.52,2608.18,True
2025-11-10,PIN_IRON_FLY,0.485,25551.65,25633.5,25565.45,25650.0,75,3090.83,660.39,2430.44,True
2025-11-17,PIN_IRON_FLY,0.184,25952.45,25977.45,26012.4,26000.0,75,6867.39,666.92,6200.47,True
2025-11-18,PIN_IRON_FLY,0.617,25946.1,25949.0,25897.75,25950.0,75,3545.74,651.92,2893.82,True
2025-11-24,PIN_IRON_FLY,0.394,26096.95,26078.4,25954.4,26100.0,75,-1250.68,655.95,-1906.63,False
2025-12-02,PIN_IRON_FLY,0.249,26141.55,26073.75,26036.75,26050.0,75,3676.62,663.05,3013.57,True
2025-12-08,PIN_IRON_FLY,0.377,26157.35,26015.45,25971.15,26000.0,75,6366.78,669.45,5697.33,True
2025-12-15,PIN_IRON_FLY,0.317,25952.3,26025.85,26030.05,26050.0,75,6747.84,666.28,6081.55,True
2025-12-16,PIN_IRON_FLY,0.298,25938.35,25905.9,25856.05,25900.0,75,3700.13,658.42,3041.71,True
2025-12-22,PIN_IRON_FLY,0.284,26094.55,26137.3,26174.8,26150.0,75,6646.86,665.21,5981.65,True
2025-12-23,PIN_IRON_FLY,0.253,26166.65,26167.1,26184.0,26150.0,75,3987.58,657.17,3330.41,True
2025-12-29,PIN_IRON_FLY,0.501,26050.85,25959.75,25944.05,25950.0,75,7189.12,659.64,6529.47,True
2025-12-30,PIN_IRON_FLY,0.331,25908.65,25893.6,25942.0,25900.0,65,3414.92,592.39,2822.53,True
2026-01-05,PIN_IRON_FLY,0.26,26340.95,26333.1,26249.25,26350.0,65,2255.51,604.41,1651.11,True
2026-01-12,PIN_IRON_FLY,0.576,25610.65,25696.95,25778.5,25700.0,65,3373.94,603.08,2770.86,True
2026-01-13,PIN_IRON_FLY,0.501,25845.75,25708.8,25737.4,25700.0,65,3232.63,596.95,2635.68,True
2026-01-19,PIN_IRON_FLY,0.626,25597.65,25525.75,25591.15,25550.0,65,4999.95,594.26,4405.69,True
2026-01-20,PIN_IRON_FLY,0.509,25559.3,25427.15,25217.05,25450.0,65,-1643.84,593.64,-2237.48,False
2026-02-03,BREAKOUT,2.505,25811.1,25796.5,25717.85,25800.0,65,1422.76,289.4,1133.36,True
2026-02-10,PIN_IRON_FLY,0.484,25918.1,25956.05,25933.95,25950.0,65,4047.49,589.09,3458.4,True
2026-02-23,PIN_IRON_FLY,0.537,25698.15,25654.8,25712.1,25650.0,65,3857.94,595.18,3262.77,True
2026-03-09,PIN_IRON_FLY,0.588,23779.0,23844.15,24047.7,23850.0,65,-747.9,605.92,-1353.82,False
2026-03-10,PIN_IRON_FLY,0.492,24150.7,24160.0,24258.0,24150.0,65,1794.59,599.72,1194.88,True
2026-03-30,PIN_IRON_FLY,0.584,22521.2,22516.65,22335.6,22500.0,65,24.55,605.34,-580.79,False
2026-04-06,PIN_IRON_FLY,0.47,22671.3,22649.4,22989.35,22650.0,65,-898.73,612.29,-1511.02,False
2026-04-20,PIN_IRON_FLY,0.606,24340.25,24465.75,24381.8,24450.0,65,3896.61,602.18,3294.43,True
2026-04-27,PIN_IRON_FLY,0.472,24020.4,24075.15,24094.3,24100.0,65,6120.85,600.96,5519.9,True
2026-05-04,PIN_IRON_FLY,0.596,24178.9,24108.65,24123.25,24100.0,65,6022.76,602.32,5420.44,True
2026-05-11,PIN_IRON_FLY,0.386,23919.05,23924.7,23805.75,23900.0,65,2383.7,601.12,1782.58,True
2026-05-19,PIN_IRON_FLY,0.584,23736.45,23737.1,23624.55,23750.0,65,-389.58,589.43,-979.01,False
2026-05-25,PIN_IRON_FLY,0.256,23968.75,23961.35,24035.25,23950.0,65,2506.25,596.12,1910.13,True
2026-06-08,PIN_IRON_FLY,0.573,23133.35,23221.9,23134.45,23200.0,65,3681.87,595.57,3086.3,True
2026-06-15,PIN_IRON_FLY,0.372,23948.15,23906.7,23843.6,23900.0,65,4398.27,598.22,3800.05,True
2026-06-16,PIN_IRON_FLY,0.438,23933.05,23923.55,23987.0,23900.0,65,1112.92,588.24,524.68,True
2026-06-22,PIN_IRON_FLY,0.42,24121.35,24123.2,24105.65,24100.0,65,6175.36,592.55,5582.82,True
2026-06-23,BREAKOUT,1.532,24077.1,23937.35,23827.7,23950.0,65,4592.59,289.4,4303.19,True
2026-07-06,PIN_IRON_FLY,0.5,24355.85,24450.8,24437.2,24450.0,65,6104.58,598.91,5505.67,True
2026-07-20,PIN_IRON_FLY,0.37,24205.85,24175.85,24238.15,24200.0,65,5301.9,597.32,4704.58,True
2026-07-27,PIN_IRON_FLY,0.349,23913.75,23961.8,23987.15,23950.0,65,5097.41,592.98,4504.43,True
2026-07-28,PIN_IRON_FLY,0.566,24030.15,24017.25,23969.4,24000.0,65,3144.9,585.25,2559.65,True
2026-08-03,PIN_IRON_FLY,0.288,24530.15,24593.7,24573.55,24600.0,65,5771.39,598.77,5172.62,True
2026-08-04,BREAKOUT,1.6,24604.9,24509.1,24462.95,24500.0,65,117.77,289.4,-171.63,False
2026-08-10,PIN_IRON_FLY,0.5,24602.85,24609.4,24560.05,24600.0,65,4856.09,592.18,4263.91,True
2026-09-01,PIN_IRON_FLY,0.538,24042.55,24109.85,23984.45,24100.0,65,286.82,590.25,-303.43,False
2026-09-07,PIN_IRON_FLY,0.455,23859.35,23762.1,23759.4,23750.0,65,6190.1,597.04,5593.06,True
2026-09-21,PIN_IRON_FLY,0.445,23384.65,23414.9,23428.9,23400.0,65,5630.77,595.1,5035.67,True
