date,signal,side,wall,wing,credit_pts,exit_reason,net_pnl,net_pnl_stressed,agree_frozen,n_opening_oi,n_opening_strikes,frozen_net,dte0
2021-01-07T00:00:00,STANDDOWN,,,,,,0.0,,False,35,44,4067.61,
2021-02-18T00:00:00,STANDDOWN,,,,,,0.0,,False,36,48,6595.52,
2021-03-10T00:00:00,STANDDOWN,,,,,,0.0,,False,35,44,3003.15,
2021-04-22T00:00:00,STANDDOWN,,,,,,0.0,,False,35,51,6978.07,
2021-05-06T00:00:00,STANDDOWN,,,,,,0.0,,False,36,48,5093.08,
2021-05-11T00:00:00,STANDDOWN,,,,,,0.0,,False,35,44,522.03,
2021-05-12T00:00:00,STANDDOWN,,,,,,0.0,,False,36,48,4375.76,
2021-05-20T00:00:00,STANDDOWN,,,,,,0.0,,False,35,48,5157.13,
2021-06-10T00:00:00,STANDDOWN,,,,,,0.0,,False,36,40,2046.36,
2021-06-23T00:00:00,STANDDOWN,,,,,,0.0,,False,36,44,3658.25,
2021-07-01T00:00:00,STANDDOWN,,,,,,0.0,,False,36,44,2405.11,
2021-07-08T00:00:00,STANDDOWN,,,,,,0.0,,False,36,50,2807.98,
2021-07-15T00:00:00,STANDDOWN,,,,,,0.0,,False,33,40,2079.72,
2021-07-22T00:00:00,STANDDOWN,,,,,,0.0,,False,36,44,2661.98,
2021-08-05T00:00:00,STANDDOWN,,,,,,0.0,,False,34,48,2856.38,
2021-08-11T00:00:00,STANDDOWN,,,,,,0.0,,False,35,48,1767.28,
2021-08-12T00:00:00,STANDDOWN,,,,,,0.0,,False,36,40,2108.29,
2021-08-18T00:00:00,STANDDOWN,,,,,,0.0,,False,35,48,4008.32,
2021-09-02T00:00:00,STANDDOWN,,,,,,0.0,,False,36,48,4573.36,
2021-09-15T00:00:00,STANDDOWN,,,,,,0.0,,False,35,48,1648.87,
2021-09-23T00:00:00,STANDDOWN,,,,,,0.0,,False,35,50,2955.3,
2021-10-07T00:00:00,STANDDOWN,,,,,,0.0,,False,35,40,766.51,
2021-10-14T00:00:00,STANDDOWN,,,,,,0.0,,False,36,44,2865.53,
2021-10-21T00:00:00,STANDDOWN,,,,,,0.0,,False,36,54,6360.62,
2021-11-25T00:00:00,STANDDOWN,,,,,,0.0,,False,36,50,3361.13,
2021-12-16T00:00:00,STANDDOWN,,,,,,0.0,,False,36,48,3770.3,
2021-12-30T00:00:00,STANDDOWN,,,,,,0.0,,False,36,40,1877.77,
2022-01-20T00:00:00,STANDDOWN,,,,,,0.0,,False,35,52,4625.66,
2022-02-03T00:00:00,STANDDOWN,,,,,,0.0,,False,36,52,3171.03,
2022-02-10T00:00:00,STANDDOWN,,,,,,0.0,,False,36,50,3221.79,
2022-02-24T00:00:00,STANDDOWN,,,,,,0.0,,False,36,60,2451.22,
2022-03-24T00:00:00,STANDDOWN,,,,,,0.0,,False,36,48,2468.99,
2022-03-31T00:00:00,STANDDOWN,,,,,,0.0,,False,35,44,2888.59,
2022-04-07T00:00:00,STANDDOWN,,,,,,0.0,,False,36,48,3413.56,
2022-04-13T00:00:00,STANDDOWN,,,,,,0.0,,False,36,50,3144.0,
2022-04-21T00:00:00,STANDDOWN,,,,,,0.0,,False,36,48,4471.15,
2022-04-28T00:00:00,STANDDOWN,,,,,,0.0,,False,36,50,4172.27,
2022-05-04T00:00:00,STANDDOWN,,,,,,0.0,,False,36,60,4144.33,
2022-05-05T00:00:00,STANDDOWN,,,,,,0.0,,False,36,54,3210.17,
2022-06-02T00:00:00,STANDDOWN,,,,,,0.0,,False,36,50,4209.27,
2022-06-09T00:00:00,STANDDOWN,,,,,,0.0,,False,36,50,4846.12,
2022-06-16T00:00:00,STANDDOWN,,,,,,0.0,,False,36,62,6342.14,
2022-07-14T00:00:00,STANDDOWN,,,,,,0.0,,False,36,50,4017.76,
2022-07-28T00:00:00,STANDDOWN,,,,,,0.0,,False,36,50,3437.85,
2022-08-04T00:00:00,STANDDOWN,,,,,,0.0,,False,36,54,4802.94,
2022-08-11T00:00:00,STANDDOWN,,,,,,0.0,,False,36,40,1677.5,
2022-08-18T00:00:00,STANDDOWN,,,,,,0.0,,False,36,44,1876.74,
2022-09-01T00:00:00,STANDDOWN,,,,,,0.0,,False,36,52,1525.62,
2022-09-14T00:00:00,TRADE,put,18000.0,17850.0,91.0,TARGET,4493.11,,True,36,52,2646.24,1.0
2022-09-15T00:00:00,STANDDOWN,,,,,,0.0,,False,36,52,3852.95,
2022-10-20T00:00:00,STANDDOWN,,,,,,0.0,,False,36,48,2827.26,
2022-10-27T00:00:00,STANDDOWN,,,,,,0.0,,False,36,48,1637.68,
2022-11-03T00:00:00,STANDDOWN,,,,,,0.0,,False,36,44,2006.53,
2022-11-23T00:00:00,STANDDOWN,,,,,,0.0,,False,36,40,704.0,
2022-12-08T00:00:00,STANDDOWN,,,,,,0.0,,False,35,40,2058.15,
2022-12-15T00:00:00,STANDDOWN,,,,,,0.0,,False,36,52,3097.01,
2023-01-04T00:00:00,STANDDOWN,,,,,,0.0,,False,36,50,2758.45,
2023-01-05T00:00:00,STANDDOWN,,,,,,0.0,,False,36,50,4227.44,
2023-01-12T00:00:00,STANDDOWN,,,,,,0.0,,False,36,50,2781.0,
2023-01-24T00:00:00,STANDDOWN,,,,,,0.0,,False,36,44,1401.91,
2023-01-25T00:00:00,STANDDOWN,,,,,,0.0,,False,36,50,6566.91,
2023-02-02T00:00:00,STANDDOWN,,,,,,0.0,,False,36,50,2821.21,
2023-02-08T00:00:00,STANDDOWN,,,,,,0.0,,False,36,44,1922.25,
2023-03-01T00:00:00,STANDDOWN,,,,,,0.0,,False,36,44,1933.29,
2023-03-02T00:00:00,STANDDOWN,,,,,,0.0,,False,35,47,4054.96,
2023-03-09T00:00:00,STANDDOWN,,,,,,0.0,,False,36,48,4749.03,
2023-03-16T00:00:00,STANDDOWN,,,,,,0.0,,False,36,50,1657.09,
2023-03-28T00:00:00,STANDDOWN,,,,,,0.0,,False,36,48,1188.05,
2023-03-29T00:00:00,STANDDOWN,,,,,,0.0,,False,36,48,2382.6,
2023-04-05T00:00:00,STANDDOWN,,,,,,0.0,,False,36,44,2966.15,
2023-05-04T00:00:00,STANDDOWN,,,,,,0.0,,False,36,48,5270.91,
2023-05-11T00:00:00,STANDDOWN,,,,,,0.0,,False,35,40,2711.28,
2023-05-25T00:00:00,STANDDOWN,,,,,,0.0,,False,36,48,1691.55,
2023-06-01T00:00:00,STANDDOWN,,,,,,0.0,,False,35,48,3678.89,
2023-06-08T00:00:00,STANDDOWN,,,,,,0.0,,False,35,50,3318.43,
2023-06-15T00:00:00,STANDDOWN,,,,,,0.0,,False,35,44,3175.66,
2023-07-06T00:00:00,STANDDOWN,,,,,,0.0,,False,36,44,1953.89,
2023-07-20T00:00:00,STANDDOWN,,,,,,0.0,,False,36,52,3590.15,
2023-07-27T00:00:00,STANDDOWN,,,,,,0.0,,False,36,52,4763.92,
2023-08-03T00:00:00,STANDDOWN,,,,,,0.0,,False,36,50,3269.72,
2023-08-10T00:00:00,STANDDOWN,,,,,,0.0,,False,36,44,4206.97,
2023-08-17T00:00:00,STANDDOWN,,,,,,0.0,,False,36,44,2963.65,
2023-08-24T00:00:00,STANDDOWN,,,,,,0.0,,False,36,52,4289.59,
2023-08-31T00:00:00,STANDDOWN,,,,,,0.0,,False,36,48,3261.35,
2023-09-07T00:00:00,STANDDOWN,,,,,,0.0,,False,36,50,4676.29,
2023-09-14T00:00:00,STANDDOWN,,,,,,0.0,,False,35,44,2241.38,
2023-09-21T00:00:00,STANDDOWN,,,,,,0.0,,False,36,44,4126.68,
2023-09-28T00:00:00,STANDDOWN,,,,,,0.0,,False,36,52,5710.13,
2023-10-12T00:00:00,STANDDOWN,,,,,,0.0,,False,35,40,2720.43,
2023-10-18T00:00:00,STANDDOWN,,,,,,0.0,,False,33,50,1863.4,
2023-10-19T00:00:00,STANDDOWN,,,,,,0.0,,False,36,48,3108.39,
2023-10-26T00:00:00,STANDDOWN,,,,,,0.0,,False,36,48,4892.09,
2023-11-09T00:00:00,STANDDOWN,,,,,,0.0,,False,36,40,2467.6,
2023-11-16T00:00:00,STANDDOWN,,,,,,0.0,,False,36,50,2083.55,
2023-11-22T00:00:00,STANDDOWN,,,,,,0.0,,False,36,44,1237.57,
2023-11-23T00:00:00,STANDDOWN,,,,,,0.0,,False,34,40,3054.26,
2023-11-29T00:00:00,STANDDOWN,,,,,,0.0,,False,36,44,1331.9,
2023-12-07T00:00:00,STANDDOWN,,,,,,0.0,,False,36,44,2859.6,
2023-12-14T00:00:00,TRADE,call,21000.0,21150.0,106.2,EOD,-2455.39,,False,36,44,3749.98,0.5
2023-12-20T00:00:00,STANDDOWN,,,,,,0.0,,False,36,62,1841.31,
2023-12-21T00:00:00,STANDDOWN,,,,,,0.0,,False,36,54,3630.69,
2023-12-27T00:00:00,STANDDOWN,,,,,,0.0,,False,36,48,824.32,
2023-12-28T00:00:00,STANDDOWN,,,,,,0.0,,False,36,44,2510.6,
2024-01-04T00:00:00,STANDDOWN,,,,,,0.0,,False,36,40,3976.09,
2024-01-11T00:00:00,STANDDOWN,,,,,,0.0,,False,36,44,3879.01,
2024-01-18T00:00:00,STANDDOWN,,,,,,0.0,,False,36,52,1768.13,
2024-01-25T00:00:00,STANDDOWN,,,,,,0.0,,False,36,50,3876.24,
2024-01-31T00:00:00,STANDDOWN,,,,,,0.0,,False,36,52,1348.81,
2024-02-01T00:00:00,STANDDOWN,,,,,,0.0,,False,36,44,1732.92,
2024-02-08T00:00:00,STANDDOWN,,,,,,0.0,,False,36,56,6386.71,
2024-02-22T00:00:00,STANDDOWN,,,,,,0.0,,False,36,56,5961.16,
2024-02-28T00:00:00,STANDDOWN,,,,,,0.0,,False,36,52,2262.23,
2024-02-29T00:00:00,STANDDOWN,,,,,,0.0,,False,36,50,1525.37,
2024-03-07T00:00:00,STANDDOWN,,,,,,0.0,,False,36,40,2343.65,
2024-03-14T00:00:00,STANDDOWN,,,,,,0.0,,False,36,52,5012.61,
2024-03-21T00:00:00,STANDDOWN,,,,,,0.0,,False,36,44,2519.89,
2024-03-28T00:00:00,STANDDOWN,,,,,,0.0,,False,35,54,4617.09,
2024-04-18T00:00:00,STANDDOWN,,,,,,0.0,,False,36,56,5735.11,
2024-04-25T00:00:00,STANDDOWN,,,,,,0.0,,False,35,52,6484.76,
2024-05-02T00:00:00,STANDDOWN,,,,,,0.0,,False,36,40,1253.12,
2024-05-09T00:00:00,STANDDOWN,,,,,,0.0,,False,36,56,3163.2,
2024-05-16T00:00:00,STANDDOWN,,,,,,0.0,,False,36,56,2353.13,
2024-05-23T00:00:00,STANDDOWN,,,,,,0.0,,False,36,58,3476.18,
2024-05-30T00:00:00,STANDDOWN,,,,,,0.0,,False,36,54,1878.48,
2024-06-06T00:00:00,STANDDOWN,,,,,,0.0,,False,36,52,2459.38,
2024-06-13T00:00:00,STANDDOWN,,,,,,0.0,,False,35,43,1324.37,
2024-06-27T00:00:00,STANDDOWN,,,,,,0.0,,False,36,52,2526.32,
2024-07-04T00:00:00,STANDDOWN,,,,,,0.0,,False,36,44,1006.2,
2024-07-11T00:00:00,STANDDOWN,,,,,,0.0,,False,36,48,1197.18,
2024-07-18T00:00:00,STANDDOWN,,,,,,0.0,,False,36,54,2423.63,
2024-07-25T00:00:00,STANDDOWN,,,,,,0.0,,False,36,48,1500.67,
2024-08-08T00:00:00,STANDDOWN,,,,,,0.0,,False,36,50,1269.45,
2024-08-14T00:00:00,STANDDOWN,,,,,,0.0,,False,36,44,1544.74,
2024-08-22T00:00:00,STANDDOWN,,,,,,0.0,,False,35,40,890.01,
2024-08-29T00:00:00,STANDDOWN,,,,,,0.0,,False,36,50,1071.77,
2024-09-05T00:00:00,STANDDOWN,,,,,,0.0,,False,36,44,780.35,
2024-09-11T00:00:00,STANDDOWN,,,,,,0.0,,False,36,50,1001.31,
2024-09-12T00:00:00,STANDDOWN,,,,,,0.0,,False,36,60,3519.59,
2024-09-19T00:00:00,STANDDOWN,,,,,,0.0,,False,36,50,1326.28,
2024-09-26T00:00:00,STANDDOWN,,,,,,0.0,,False,36,50,3376.83,
2024-10-03T00:00:00,STANDDOWN,,,,,,0.0,,False,36,56,4665.3,
2024-10-10T00:00:00,STANDDOWN,,,,,,0.0,,False,36,44,1042.89,
2024-10-17T00:00:00,STANDDOWN,,,,,,0.0,,False,36,50,2937.42,
2024-10-24T00:00:00,STANDDOWN,,,,,,0.0,,False,36,44,1377.25,
2024-10-31T00:00:00,STANDDOWN,,,,,,0.0,,False,36,44,2343.15,
2024-11-07T00:00:00,STANDDOWN,,,,,,0.0,,False,36,52,2267.55,
2024-11-21T00:00:00,STANDDOWN,,,,,,0.0,,False,36,44,4623.53,
2024-11-28T00:00:00,STANDDOWN,,,,,,0.0,,False,36,60,20874.37,
2024-12-05T00:00:00,STANDDOWN,,,,,,0.0,,False,36,62,8114.89,
2024-12-12T00:00:00,STANDDOWN,,,,,,0.0,,False,36,44,3986.88,
2024-12-19T00:00:00,STANDDOWN,,,,,,0.0,,False,36,44,3145.07,
2024-12-26T00:00:00,STANDDOWN,,,,,,0.0,,False,36,48,4039.45,
2025-01-02T00:00:00,STANDDOWN,,,,,,0.0,,False,36,60,9301.49,
2025-01-09T00:00:00,STANDDOWN,,,,,,0.0,,False,36,48,5427.99,
2025-01-16T00:00:00,STANDDOWN,,,,,,0.0,,False,36,40,3613.77,
2025-01-23T00:00:00,STANDDOWN,,,,,,0.0,,False,36,48,5735.91,
2025-02-06T00:00:00,STANDDOWN,,,,,,0.0,,False,36,50,5595.69,
2025-02-13T00:00:00,STANDDOWN,,,,,,0.0,,False,36,50,4025.58,
2025-02-20T00:00:00,STANDDOWN,,,,,,0.0,,False,36,40,3859.17,
2025-02-27T00:00:00,STANDDOWN,,,,,,0.0,,False,36,44,4126.29,
2025-03-06T00:00:00,STANDDOWN,,,,,,0.0,,False,36,54,4556.4,
2025-03-13T00:00:00,STANDDOWN,,,,,,0.0,,False,35,48,6866.04,
2025-03-20T00:00:00,STANDDOWN,,,,,,0.0,,False,35,50,8332.2,
2025-03-27T00:00:00,STANDDOWN,,,,,,0.0,,False,36,44,7262.58,
2025-04-03T00:00:00,STANDDOWN,,,,,,0.0,,False,36,44,4303.66,
2025-04-09T00:00:00,STANDDOWN,,,,,,0.0,,False,36,44,9009.03,
2025-04-17T00:00:00,STANDDOWN,,,,,,0.0,,False,36,64,10988.94,
2025-04-24T00:00:00,STANDDOWN,,,,,,0.0,,False,36,44,2793.59,
2025-04-30T00:00:00,STANDDOWN,,,,,,0.0,,False,36,48,3441.32,
2025-05-07T00:00:00,STANDDOWN,,,,,,0.0,,False,36,48,2085.02,
2025-05-08T00:00:00,STANDDOWN,,,,,,0.0,,False,36,52,1584.21,
2025-05-15T00:00:00,STANDDOWN,,,,,,0.0,,False,36,64,9591.31,
2025-05-22T00:00:00,STANDDOWN,,,,,,0.0,,False,36,48,4235.93,
2025-06-05T00:00:00,STANDDOWN,,,,,,0.0,,False,36,50,4712.83,
2025-06-12T00:00:00,STANDDOWN,,,,,,0.0,,False,36,56,11047.31,
2025-06-19T00:00:00,STANDDOWN,,,,,,0.0,,False,36,44,1384.07,
2025-06-25T00:00:00,STANDDOWN,,,,,,0.0,,False,36,44,1750.99,
2025-06-26T00:00:00,STANDDOWN,,,,,,0.0,,False,36,52,10103.39,
2025-07-03T00:00:00,STANDDOWN,,,,,,0.0,,False,36,48,2293.46,
2025-07-10T00:00:00,STANDDOWN,,,,,,0.0,,False,36,44,5305.68,
2025-07-17T00:00:00,STANDDOWN,,,,,,0.0,,False,36,44,2610.93,
2025-07-24T00:00:00,STANDDOWN,,,,,,0.0,,False,36,48,9118.68,
2025-07-31T00:00:00,STANDDOWN,,,,,,0.0,,False,36,54,3344.72,
2025-08-07T00:00:00,STANDDOWN,,,,,,0.0,,False,36,54,-6139.2,
2025-08-13T00:00:00,STANDDOWN,,,,,,0.0,,False,36,44,1448.26,
2025-08-20T00:00:00,STANDDOWN,,,,,,0.0,,False,36,48,1781.36,
2025-08-21T00:00:00,STANDDOWN,,,,,,0.0,,False,36,44,2915.38,
2025-08-28T00:00:00,STANDDOWN,,,,,,0.0,,False,36,48,7513.13,
2025-09-01T00:00:00,STANDDOWN,,,,,,0.0,,False,36,48,2879.06,
2025-09-02T00:00:00,STANDDOWN,,,,,,0.0,,False,36,50,4304.77,
2025-09-15T00:00:00,STANDDOWN,,,,,,0.0,,False,36,40,1251.08,
2025-09-16T00:00:00,STANDDOWN,,,,,,0.0,,False,36,48,6248.36,
2025-09-23T00:00:00,STANDDOWN,,,,,,0.0,,False,36,48,3310.53,
2025-09-30T00:00:00,STANDDOWN,,,,,,0.0,,False,36,44,4376.88,
2025-10-06T00:00:00,STANDDOWN,,,,,,0.0,,False,36,50,4151.49,
2025-10-07T00:00:00,STANDDOWN,,,,,,0.0,,False,36,44,2203.95,
2025-10-13T00:00:00,STANDDOWN,,,,,,0.0,,False,36,44,-285.58,
2025-10-14T00:00:00,STANDDOWN,,,,,,0.0,,False,36,52,7545.97,
2025-10-27T00:00:00,STANDDOWN,,,,,,0.0,,False,36,48,2605.45,
2025-11-03T00:00:00,STANDDOWN,,,,,,0.0,,False,36,48,724.42,
2025-11-04T00:00:00,STANDDOWN,,,,,,0.0,,False,36,48,7753.98,
2025-11-11T00:00:00,STANDDOWN,,,,,,0.0,,False,36,52,-5498.93,
2025-11-18T00:00:00,STANDDOWN,,,,,,0.0,,False,36,44,5065.93,
2025-11-24T00:00:00,STANDDOWN,,,,,,0.0,,False,36,50,2622.96,
2025-11-25T00:00:00,STANDDOWN,,,,,,0.0,,False,36,48,5608.57,
2025-12-01T00:00:00,STANDDOWN,,,,,,0.0,,False,36,48,2146.67,
2025-12-02T00:00:00,STANDDOWN,,,,,,0.0,,False,36,48,6262.68,
2025-12-09T00:00:00,STANDDOWN,,,,,,0.0,,False,36,48,4486.57,
2025-12-16T00:00:00,STANDDOWN,,,,,,0.0,,False,36,44,5950.92,
2025-12-22T00:00:00,TRADE,call,26000.0,26150.0,54.5,EOD,-4571.58,,False,36,44,3037.83,1.0
2025-12-23T00:00:00,STANDDOWN,,,,,,0.0,,False,36,44,2372.55,
2026-01-05T00:00:00,STANDDOWN,,,,,,0.0,,False,36,48,3459.85,
2026-01-13T00:00:00,STANDDOWN,,,,,,0.0,,False,36,52,7412.15,
2026-01-20T00:00:00,STANDDOWN,,,,,,0.0,,False,36,56,8962.92,
2026-01-27T00:00:00,STANDDOWN,,,,,,0.0,,False,36,54,4129.91,
2026-02-03T00:00:00,SKIP_CREDIT,call,26000.0,26150.0,-55.5,,0.0,,True,36,50,10233.83,
2026-02-16T00:00:00,STANDDOWN,,,,,,0.0,,False,36,52,1009.19,
2026-02-17T00:00:00,STANDDOWN,,,,,,0.0,,False,36,48,2812.52,
2026-02-24T00:00:00,STANDDOWN,,,,,,0.0,,False,36,50,4762.84,
2026-03-02T00:00:00,STANDDOWN,,,,,,0.0,,False,36,56,10240.73,
2026-03-17T00:00:00,STANDDOWN,,,,,,0.0,,False,36,54,12388.48,
2026-03-24T00:00:00,STANDDOWN,,,,,,0.0,,False,36,58,4483.94,
2026-03-30T00:00:00,STANDDOWN,,,,,,0.0,,False,36,58,5408.19,
2026-04-07T00:00:00,STANDDOWN,,,,,,0.0,,False,36,58,6175.31,
2026-04-13T00:00:00,STANDDOWN,,,,,,0.0,,False,36,54,3686.71,
2026-04-21T00:00:00,STANDDOWN,,,,,,0.0,,False,36,48,5843.08,
2026-04-27T00:00:00,STANDDOWN,,,,,,0.0,,False,36,48,1050.43,
2026-04-28T00:00:00,STANDDOWN,,,,,,0.0,,False,36,50,2695.56,
2026-05-05T00:00:00,STANDDOWN,,,,,,0.0,,False,36,48,3621.94,
2026-05-12T00:00:00,STANDDOWN,,,,,,0.0,,False,36,58,8005.24,
2026-05-19T00:00:00,STANDDOWN,,,,,,0.0,,False,36,48,4572.85,
2026-05-25T00:00:00,STANDDOWN,,,,,,0.0,,False,36,44,2562.17,
2026-05-26T00:00:00,STANDDOWN,,,,,,0.0,,False,36,50,7297.33,
2026-06-02T00:00:00,STANDDOWN,,,,,,0.0,,False,36,54,10212.34,
2026-06-09T00:00:00,STANDDOWN,,,,,,0.0,,False,36,48,3102.01,
2026-06-16T00:00:00,STANDDOWN,,,,,,0.0,,False,36,44,3860.39,
2026-06-23T00:00:00,STANDDOWN,,,,,,0.0,,False,36,56,9854.21,
2026-06-30T00:00:00,STANDDOWN,,,,,,0.0,,False,36,48,5715.74,
2026-07-07T00:00:00,STANDDOWN,,,,,,0.0,,False,36,50,3145.34,
2026-07-20T00:00:00,STANDDOWN,,,,,,0.0,,False,36,44,939.01,
2026-07-21T00:00:00,STANDDOWN,,,,,,0.0,,False,36,44,3243.25,
2026-08-04T00:00:00,TRADE,call,24700.0,24850.0,37.65,TARGET,2225.0,,True,36,50,3966.16,0.5
2026-08-11T00:00:00,STANDDOWN,,,,,,0.0,,False,36,40,4329.84,
2026-08-18T00:00:00,STANDDOWN,,,,,,0.0,,False,36,44,4435.61,
2026-08-25T00:00:00,STANDDOWN,,,,,,0.0,,False,36,52,4456.5,
2026-09-08T00:00:00,STANDDOWN,,,,,,0.0,,False,36,40,4100.91,
2026-09-15T00:00:00,STANDDOWN,,,,,,0.0,,False,36,58,10647.37,
2026-09-21T00:00:00,STANDDOWN,,,,,,0.0,,False,36,44,1839.3,
2026-09-22T00:00:00,STANDDOWN,,,,,,0.0,,False,36,48,4984.38,
