date,lot,atm,wing_ce,wing_pe,dte,iv,expansion,spot_entry,spot_1230,credit_pts,entry_turnover_inr,debit_bs,debit_bs_1530,debit_real,front_expiry,expiry_is_trade_date,friction,net_A,net_bs_1530,net_real,credit_corrected,net_D,mark_valid,_d,net_control,net_tight,cs_wide,net_wide
2021-01-06,75,14200.0,14350.0,14050.0,2.0,0.1748099338030442,0.6038210700645599,14208.0,14148.7,97.4747953795072,9537.24769078476,51.647578079000525,66.85062493981853,87.45,2021-01-07,False,648.3372476907847,2788.704049847217,1648.4755352858665,103.52240577225608,92.98586963608228,2452.034619090346,True,2021-01-06,103.52240577225609,523.5224057722561,91.31582396024264,-54235.97197037333
2021-03-03,75,15100.0,15250.0,14950.0,2.0,0.2189637023443355,0.5980724178768057,15098.2999,15248.1,109.33640568940746,12683.39605201727,135.7078624766596,132.0029970397557,120.65,2021-03-04,False,651.4833960520173,-2629.3426550959266,-2351.4777473281365,-1500.0029693464571,116.55107577540184,-2088.242398646348,True,2021-03-03,-1500.0029693464571,-1080.0029693464571,15.846821402462343,-10558.095810823863
2021-03-09,75,15000.0,15150.0,14850.0,2.0,0.293719331244938,0.4533818729610054,15006.1,15114.0,118.947524951358,16908.59120372279,108.88961731047355,95.93555496255269,110.6,2021-03-10,False,655.7085912037228,98.63448186260996,1070.189157956675,-29.64421985187414,114.99396108446535,-197.8828081543377,True,2021-03-09,-29.64421985187414,390.35578014812586,62.75447206443025,-37232.32745851002
2021-03-17,75,14850.0,15000.0,14700.0,2.0,0.2472826556069776,0.5128217671940649,14855.6,14698.7999,113.11370711973768,14093.562147988225,136.09125135840898,131.32121184111548,102.70000000000002,2021-03-18,False,652.8935621479882,-2376.209380048336,-2018.4564162513236,128.13447183233677,112.76890321933432,-2402.0696725785865,True,2021-03-17,128.13447183233677,548.1344718323368,102.92650616570748,-61177.76922759215
2021-05-05,75,14550.0,14700.0,14400.0,2.0,0.2543864540336653,0.4616879596557647,14570.3999,14621.3999,113.48844043733288,14261.19440729185,71.93355454011217,84.47709365650236,109.0,2021-05-06,False,653.0611944072919,2463.555247884262,1522.7898141549974,-316.4281616073245,112.90796384433634,2420.0195034095204,True,2021-05-05,-316.4281616073245,103.57183839267549,93.144667856817,-55753.228875697525
2021-05-19,75,15100.0,15250.0,14950.0,2.0,0.1781705662375315,0.5252962820382959,15090.5,15033.2999,101.07731543701084,10333.156544319514,66.80623803565528,80.08481635263507,93.75,2021-05-20,False,649.1331565443195,1921.197648557347,925.3042747838628,-99.5844987685066,101.40096452244596,1945.4713299649825,True,2021-05-19,-99.58449876850659,320.4155012314934,41.354709463494316,-24462.410176865094
2021-06-02,75,15500.0,15650.0,15350.0,2.0,0.1556241460563615,0.6079021754446045,15498.7999,15573.3999,96.11119520079728,9253.4496701232,73.41082519211217,90.44382991772544,98.35,2021-06-03,False,648.0534496701232,1054.4743009812605,-223.00105343973587,-815.9638096103265,96.48497651658772,1082.5078996655432,True,2021-06-02,-815.9638096103265,-395.9638096103265,68.04261936402573,-41191.53542802577
2021-06-09,75,15800.0,15950.0,15650.0,2.0,0.1390241912612692,0.5977319215920927,15783.6,15639.3999,92.00345093100329,8479.227635489087,145.6125251162144,144.63417293634157,120.3,2021-06-10,False,647.2792276354891,-4667.959791526323,-4594.583378035862,-2769.520407810244,94.73165641769356,-4463.344380024551,True,2021-06-09,-2769.520407810244,-2349.520407810244,140.27848744565284,-86486.61287520194
2021-06-30,75,15800.0,15950.0,15650.0,2.0,0.1389879740448669,0.5764348165116032,15819.3999,15714.1,92.09444633280282,8509.277789600743,85.89019257279996,70.20743446508394,88.1,2021-07-01,False,647.3092777896006,-181.9902457893864,994.2166122893155,-347.72580282938884,95.2092798725298,51.62226969013773,True,2021-06-30,-347.72580282938884,72.27419717061116,81.76549391406002,-48957.022151265395
2021-09-08,50,17300.0,17450.0,17150.0,2.0,0.1324606464384123,0.5768253728834202,17310.2999,17350.5999,93.80929423856242,5876.723813337958,50.82107980834555,66.02637868127741,87.75000000000001,2021-09-09,False,494.676723813338,1654.7339976975054,894.4690540509125,-191.71201188521783,97.1568327750665,1822.1109245227096,True,2021-09-08,-191.71201188521783,88.28798811478217,75.55796980675463,-30114.89993458707
2021-09-22,50,17550.0,17700.0,17400.0,2.0,0.1506293140677735,0.5512828609253728,17574.7,17535.5999,100.68091384508443,6837.129566845624,24.1391785652895,21.130092986346003,94.70000000000002,2021-09-23,False,495.63712956684566,3331.449634422901,3481.903913370076,-196.5914373126249,108.27595576180738,3711.201730259049,True,2021-09-22,-196.5914373126249,83.40856268737511,74.63123993606914,-29749.08741174028
2021-09-29,50,17650.0,17800.0,17500.0,2.0,0.1618765447242185,0.4809528788453056,17644.5,17701.7,103.58112331529036,7309.1030315662465,52.50062338732948,60.17436342255123,96.85,2021-09-30,False,496.10910303156624,2057.915893366478,1674.2288916053906,-159.5529372670482,101.7504588240272,1966.382668803319,True,2021-09-29,-159.5529372670482,120.44706273295179,105.4504679213846,-42039.74010582089
2021-10-27,50,18300.0,18450.0,18150.0,2.0,0.1607249369332567,0.4638559364798295,18313.9004,18227.4492,104.85434625955486,7545.425445766341,72.64271789103508,116.41179538905624,98.5,2021-10-28,False,496.3454254457664,1114.2359929802228,-1074.2178819208352,-178.6281124680234,109.745490573619,1358.7932086834303,True,2021-10-27,-178.6281124680234,101.3718875319766,106.54483352142617,-42496.56152103849
2021-11-10,50,17950.0,18100.0,17800.0,2.0,0.1582649508723989,0.4405466700395659,17966.5508,18011.8496,103.478834466041,7298.669038751177,62.14144768374784,62.23800122285926,105.15,2021-11-11,False,496.0986690387512,1570.7706700759072,1565.9429931203365,-579.6569457367011,101.40758935525857,1467.2084145367846,True,2021-11-10,-579.6569457367011,-299.6569457367011,72.52528332798333,-29289.770276930034
2021-11-24,50,17600.0,17750.0,17450.0,2.0,0.1671684408700093,0.6116613111660292,17588.4004,17415.0508,104.8534874174893,7536.189605758591,148.3626859794097,149.9939571125724,113.7,2021-11-25,False,496.3361896057586,-2671.796117701778,-2753.359674359913,-938.6618187312936,108.55108338328182,-2486.916319412152,True,2021-11-24,-938.6618187312936,-658.6618187312936,200.54659306727618,-80857.29904564178
2021-12-01,50,17150.0,17300.0,17000.0,2.0,0.2190850130328908,0.5719300976708178,17141.8008,17166.9004,113.9192706227177,9612.366011023369,32.97286500810977,42.74892224662735,100.15,2021-12-02,False,498.4123660110234,3548.907914719373,3060.105052793493,190.05116512486228,113.79630475432624,3542.759621299799,True,2021-12-01,190.05116512486228,470.0511651248623,106.01328574717115,-41915.2631337436
2021-12-08,50,17450.0,17600.0,17300.0,2.0,0.1893767594406381,0.6373072124444473,17429.9004,17473.0,109.49889082750131,8484.565722559046,32.52060178087957,30.133938901881404,95.0,2021-12-09,False,497.2845657225591,3351.629886608529,3470.963030558437,227.65997565250728,113.2334653656917,3538.358613518048,True,2021-12-08,227.65997565250723,507.6599756525072,5.710064244717206,-1756.3657222343752
2021-12-22,50,16900.0,17050.0,16750.0,2.0,0.2095201369607821,0.4805710179490385,16882.9004,16946.75,111.94948282869608,9076.739374888257,49.83458001111291,68.71422128363464,100.1,2021-12-23,False,497.87673937488825,2607.868401504271,1663.886337878184,94.59740205991652,113.89659822351403,2705.224171245169,True,2021-12-22,94.59740205991653,374.59740205991653,52.74810398818107,-20704.644193212513
2021-12-29,50,17200.0,17350.0,17050.0,2.0,0.1584629370225593,0.6444305173671306,17212.9492,17218.5996,101.67083722582856,6992.244510446653,26.632050302410608,23.319570004901525,93.9,2021-12-30,False,495.79224451044666,3256.147101660451,3421.771116535905,-107.25038321901876,107.49965265610037,3547.5878731740404,True,2021-12-29,-107.25038321901877,172.74961678098123,70.34886860085354,-27946.797823560435
2022-01-12,50,18200.0,18350.0,18050.0,2.0,0.170915644611232,0.4960915094087241,18195.1504,18215.0996,107.0102500318194,7956.661218059253,27.69658812474224,24.89172976491858,94.0,2022-01-13,False,496.75666121805926,3468.926434135798,3609.169352126981,153.75584037291054,106.49537846542717,3443.1828558161865,True,2022-01-12,153.75584037291054,433.75584037291054,9.3326861730996,-3279.3186288669294
2022-02-02,50,17750.0,17900.0,17600.0,2.0,0.2640228873724118,0.3327263080106339,17749.5996,17778.1504,120.72818051448304,11985.040341812146,43.89441658000747,51.084668884313416,97.8,2022-02-03,False,500.7850403418121,3340.903156381966,2981.3905411666688,645.6239853823388,129.22155165137883,3765.571713226756,True,2022-02-02,645.6239853823388,925.6239853823388,125.00170122086669,-49055.05650296434
2022-02-09,50,17400.0,17550.0,17250.0,2.0,0.1890915328497067,0.4942650656886299,17418.0,17463.3496,109.27159010987909,8449.451122187475,63.9920677925467,71.84954010378856,96.9,2022-02-10,False,497.2494511221875,1766.7266647444312,1373.8530491823385,121.3300543717658,114.18501280187684,2012.3977993443195,True,2022-02-09,121.33005437176581,401.3300543717658,54.79741072883823,-21497.634237163526
2022-02-23,50,17150.0,17300.0,17000.0,2.0,0.2767868552869187,0.357647589894898,17157.4004,17047.75,121.08909638162186,12146.053315794596,98.94043560321576,93.21169888888193,102.35,2022-02-24,False,500.9460533157946,606.4869856045102,892.9238213212027,436.0087657652985,117.13931555652198,408.99794434951633,True,2022-02-23,436.00876576529845,716.0087657652984,110.68994390507439,-43539.96879626445
2022-03-02,50,16500.0,16650.0,16350.0,3.0,0.3606028365576639,0.4100040994338048,16508.1992,16607.75,131.91075896319308,19651.633670048068,100.9314004869667,112.83379226676792,124.45000000000005,2022-03-03,False,508.45163367004807,1040.516290141271,445.3967011512092,-135.4136855103966,126.94146151418136,792.051417690685,True,2022-03-02,-135.4136855103966,144.5863144896034,62.75447206443025,-24937.2025112825
2022-03-16,50,16900.0,17050.0,16750.0,2.0,0.3649504675017669,0.278802875497568,16914.0508,16978.4492,127.57234672418052,15789.717633028296,80.61973212024823,72.72686975480417,123.89999999999998,2022-03-17,False,504.58971763302833,1843.041012563587,2237.68413083579,-320.9723814240005,125.36329422638936,1732.5883876740288,True,2022-03-16,-320.9723814240005,-40.9723814240005,155.49116301952517,-62217.43758923407
2022-04-27,50,17050.0,17200.0,16900.0,2.0,0.1855089801596477,0.4949613764799349,17030.3008,17036.0508,107.8431786603178,8122.51641382004,27.642326210185548,27.127582008200203,101.25,2022-04-28,False,496.92251641382006,3513.120106092792,3538.857316192059,-167.26358339793126,115.27191148503516,3884.556747328661,True,2022-04-27,-167.26358339793126,112.73641660206874,59.84287364472194,-23804.41304128671
2022-06-01,50,16550.0,16700.0,16400.0,2.0,0.2306118230009451,0.4864303998058282,16571.6992,16528.5996,114.53361896871728,9805.522840249889,35.09747584395121,31.323254322201592,103.05,2022-06-02,False,498.6055228402499,3473.201633398055,3661.9127094855353,75.57542559561483,112.56447922919595,3374.744646421989,True,2022-06-01,75.57542559561483,355.57542559561483,83.96077866496451,-33208.73604039019
2022-06-15,50,15750.0,15900.0,15600.0,2.0,0.2673555757990107,0.3702095520715575,15767.7002,15693.6504,117.62927237915574,10798.139644112052,59.675228666800535,68.69496526997975,117.9,2022-06-16,False,499.59813964411205,2398.104045973648,1947.1172158146876,-513.1345206863255,116.88123068193543,2360.7019611126334,True,2022-06-15,-513.1345206863255,-233.13452068632546,119.3095450161286,-47936.952527137764
2022-07-13,50,16050.0,16200.0,15900.0,2.0,0.2013625138858333,0.4329193414543312,16071.75,15959.4004,108.66253481633704,8316.396888905274,90.2453723803094,74.3858986892136,108.5,2022-07-14,False,497.1163968889053,423.7417249124766,1216.715409467266,-488.9896560720538,106.42079702360796,311.6548352760239,True,2022-07-13,-488.9896560720538,-208.98965607205378,74.58601205975265,-30023.394479973114
2022-07-20,50,16600.0,16750.0,16450.0,2.0,0.1638736571604386,0.4672251125841057,16577.5996,16516.1992,101.85348630140334,7009.700173126248,83.75293910167277,103.70226087512091,95.95,2022-07-21,False,495.8097001731263,409.21765981340224,-588.2484288590058,-200.63538510295888,101.19844402667196,376.46554607683294,True,2022-07-20,-200.63538510295888,79.36461489704112,4.913407283653026,-1865.9982985641693
2022-08-10,50,17500.0,17650.0,17350.0,3.0,0.168346681096591,0.5742768179427555,17510.0508,17537.6504,114.32429340560611,9737.915470098596,40.47164242881951,30.767665643673027,107.95000000000002,2022-08-11,False,498.5379154700986,3194.094633369232,3679.293472626556,-179.8232451897938,111.9184979243455,3073.8048593062013,True,2022-08-10,-179.8232451897938,100.1767548102062,62.75447206443025,-24981.612070961895
2022-09-07,50,17650.0,17800.0,17500.0,2.0,0.2015156058361752,0.5616774391164674,17625.1992,17617.0996,112.22175207521514,9143.594763811823,39.70136020626914,32.95114804932282,107.29999999999998,2022-09-08,False,497.9435947638119,3128.075998683488,3465.586606530804,-251.8559910030542,111.58373006169086,3096.174898007274,True,2022-09-07,-251.8559910030542,28.144008996945786,112.25391979561594,-44853.42390924943
2022-10-19,50,17550.0,17700.0,17400.0,2.0,0.1744256069278344,0.4235801115015369,17532.3496,17509.3496,106.53694833927692,7856.508938554498,43.26331540321827,36.0693495285764,95.2,2022-10-20,False,496.6565089385545,2667.0251378643784,3026.7234315964724,70.190908025292,110.43001490121742,2861.6784659614027,True,2022-10-19,70.190908025292,350.190908025292,52.79905657638218,-20749.43172252758
2022-11-02,50,18100.0,18250.0,17950.0,2.0,0.1643557365471496,0.5611967965277396,18080.9492,18082.6504,105.43258072694788,7641.948960445916,27.6522068237509,33.46023506349756,110.5,2022-11-03,False,496.4419489604459,3392.5767461994037,3102.175334212071,-749.8129126130507,103.99456467082928,3320.6759433934726,True,2022-11-02,-749.8129126130507,-469.8129126130507,61.202824750957646,-24930.94281299611
2022-11-16,50,18400.0,18550.0,18250.0,2.0,0.1261542282579467,0.6269972450789543,18423.6504,18412.0508,94.88771077669207,6015.050367158028,20.967386026185984,18.92592643541555,87.65,2022-11-17,False,494.8150503671581,3201.2011871581467,3303.274166696668,-132.9295115325546,98.28335883803676,3370.9835902253803,True,2022-11-16,-132.9295115325546,147.0704884674454,53.250519109352396,-21133.137155273515
2022-11-23,50,18250.0,18400.0,18100.0,2.0,0.1125234725838527,0.6051265354214124,18270.6504,18271.5,88.9363258966655,5319.291424535049,24.63218836015159,16.712211265226607,82.25,2022-11-24,False,494.1192914245351,2721.08758540116,3117.086440147409,-159.80299659126035,94.64487383312051,3006.514982223912,True,2022-11-23,-159.80299659126035,120.19700340873965,45.731536794006836,-18152.417714193994
2022-11-30,50,18650.0,18800.0,18500.0,2.0,0.139844480860047,0.4019803605146236,18649.8008,18765.1992,99.64367897334388,6670.063444849075,114.06537087904876,124.19883215756882,95.7,2022-12-01,False,495.4700634448491,-1216.5546587300942,-1723.2277226560966,-298.28611477765514,97.2543654233982,-1336.020336227377,True,2022-11-30,-298.28611477765514,-18.286114777655143,45.70176058185752,-18278.990347520667
2022-12-07,50,18600.0,18750.0,18450.0,2.0,0.1507911359099671,0.6193746340530123,18593.9004,18553.5996,102.81115615201134,7175.877327022317,47.53816339565808,49.40097583527543,88.69999999999999,2022-12-08,False,495.9758773270223,2267.6737604906407,2174.533138509773,209.58193027354503,99.7464296205044,2114.437433915293,True,2022-12-07,209.58193027354503,489.581930273545,54.024516210934216,-21100.224554100143
2022-12-14,50,18650.0,18800.0,18500.0,2.0,0.1445092477509751,0.2728529602620803,18672.5,18667.0996,101.42735357937228,6955.073681848626,25.70047174576814,22.22113580590988,92.35,2022-12-15,False,495.7550736818486,3290.589017998358,3464.555814991271,-41.88739471323504,96.25735106990804,3032.0888925251475,True,2022-12-14,-41.88739471323504,238.11260528676496,37.71667478525975,-14828.557308817133
2022-12-28,50,18150.0,18300.0,18000.0,2.0,0.1366505294898524,0.5551105901753262,18134.8008,18125.6992,97.60572998794032,6369.332529123221,28.586920503190708,43.92134646468258,80.9,2022-12-29,False,495.1693325291232,2955.7711417083574,2189.0498436337643,340.11716686789265,102.14205223410818,3182.58725401675,True,2022-12-28,340.1171668678926,620.1171668678926,57.87866937336892,-22511.350582479674
2023-03-01,50,17400.0,17550.0,17250.0,2.0,0.1498636398976668,0.6194095329336021,17415.5996,17447.0996,99.81507256967508,6700.876058286031,47.83778194039006,57.50991934097655,87.15,2023-03-02,False,495.50087605828605,2103.3636554059644,1619.75678537664,137.7527524254671,98.3233474967501,2028.777401759716,True,2023-03-01,137.75275242546707,417.75275242546707,66.20233601251327,-26043.181652579842
2023-03-22,50,17150.0,17300.0,17000.0,2.0,0.1681368573801592,0.5757675110512864,17154.3008,17159.9492,103.9476687049123,7377.447964589191,24.36972353803436,23.72606237026581,101.65,2023-03-23,False,496.1774479645892,3482.7198103793075,3514.9028687677346,-381.29401271897433,106.23288026540148,3596.980388403767,True,2023-03-22,-381.29401271897433,-101.29401271897433,46.79995140228832,-18801.274573634306
2023-04-12,50,17750.0,17900.0,17600.0,2.0,0.1102500834362581,0.5257835280573808,17771.3496,17812.25,86.61801029217577,5080.053417052295,62.257937313034,67.90298869788258,85.25,2023-04-13,False,493.8800534170523,724.1235955400361,441.8710262976073,-425.4795388082639,87.38203769058941,762.3249654607184,True,2023-04-12,-425.4795388082639,-145.4795388082639,9.405055327178376,-3887.501669679614
2023-04-19,50,17650.0,17800.0,17500.0,2.0,0.1063472397858276,0.4526488988682088,17662.3008,17628.5996,84.01135151827452,4827.146234649763,23.773826223341835,40.028492829808535,73.95,2023-04-20,False,493.6271462346498,2518.2491185119843,1705.5157881886494,9.44042967907626,85.2054398875996,2577.953536978238,True,2023-04-19,9.44042967907626,289.44042967907626,53.3292993227978,-21022.279299440044
2023-05-03,50,18100.0,18250.0,17950.0,2.0,0.1101870277198031,0.5490285462851007,18079.80078125,18098.0,87.50148422653388,5161.267660105432,15.991962133556738,21.54599099232151,82.55,2023-05-04,False,493.9612676601054,3081.514836988751,2803.813394050513,-246.3870563334115,66.54231858762574,2033.5565550433448,True,2023-05-03,-246.3870563334115,33.61294366658851,62.75447206443025,-25048.175882105515
2023-06-07,50,18650.0,18800.0,18500.0,2.0,0.0977124884398654,0.3614180171381474,18662.65,18726.95,82.50707867969231,4689.420970548963,76.94995860865369,80.34972716003892,93.70000000000002,2023-06-08,False,493.48942097054896,-215.63341741861768,-385.6218449878795,-1053.1354869859342,86.57199562464984,-12.387570170741128,True,2023-06-07,-1053.1354869859342,-773.1354869859342,12.711932968397289,-5837.90867434485
2023-06-14,50,18750.0,18900.0,18600.0,2.0,0.1086692629242315,0.5184623801003088,18740.05,18758.25,88.09312668790517,5224.676499953694,17.575299620369567,16.259532255041556,76.75,2023-06-15,False,494.0246764999537,3031.8666768768267,3097.6550451432267,73.13165789530473,86.59202594334783,2956.81163964896,True,2023-06-14,73.13165789530473,353.1316578953047,13.312169281252167,-4951.7360546055625
2023-07-05,50,19400.0,19550.0,19250.0,2.0,0.1109431059705093,0.5590091140333779,19383.6,19410.65,91.02232305174812,5540.932645274188,19.23750110370266,21.34322250895326,80.35,2023-07-06,False,494.3409326452742,3094.900164756999,2989.6140944944686,39.275219942131855,91.49734465175196,3118.651244757192,True,2023-07-05,39.275219942131855,319.27521994213186,55.32212702730896,-21789.575590981454
2023-08-16,50,19400.0,19550.0,19250.0,3.0,0.0983679264923557,0.6416682823778703,19401.1,19461.75,97.08123142166414,6301.015249895863,61.7563094272403,47.08665668517153,87.7,2023-08-17,False,495.1010152498959,1271.145084471296,2004.6277215747348,-26.03944416668884,91.00073200701944,967.1201137390616,True,2023-08-16,-26.03944416668884,253.96055583331116,62.75447206443025,-24827.828269938793
2023-08-30,50,19450.0,19600.0,19300.0,2.0,0.0948486773530021,0.3555900452325143,19443.8,19344.5,82.92059207865486,4723.747859343712,105.45420955415533,107.93128240098989,98.9,2023-08-31,False,493.5237478593437,-1620.2046216343665,-1744.0582639760942,-1292.4941439266008,87.40371223757347,-1396.0486136884358,True,2023-08-30,-1292.4941439266008,-1012.4941439266008,56.935186862867944,-23766.568889073777
2023-09-06,50,19550.0,19700.0,19400.0,2.0,0.0969389782520011,0.6191559633159283,19540.85,19615.25,84.39526011650673,4859.393576965158,65.25282764791919,68.90127566747577,69.45,2023-09-07,False,493.6593935769652,463.46222985241207,281.0398288745829,253.6036122483714,82.47896310157876,367.6473791060132,True,2023-09-06,253.6036122483714,533.6036122483714,58.74243757863359,-22943.371419205065
2023-10-11,50,19800.0,19950.0,19650.0,2.0,0.1287602527393028,0.5201097730458449,19805.9,19809.85,98.65632873453252,6525.330597546781,21.846001387930325,21.46604190876201,88.39999999999999,2023-10-12,False,495.3253305975468,3345.191036732562,3364.189010690978,17.49110612907907,96.7495636719409,3249.852783602982,True,2023-10-11,17.49110612907907,297.49110612907907,7.1571972908365,-2545.387810205521
2023-11-01,50,19050.0,19200.0,18900.0,2.0,0.1336618712032213,0.4977483673427378,19046.0,18990.6,98.59129104625708,6513.212566910079,59.566133088261566,59.76223861673536,92.79999999999998,2023-11-02,False,495.31321256691007,1455.9446853328657,1446.1394089091762,-205.74866025405504,94.8878996645476,1270.7751162473917,True,2023-11-01,-205.74866025405504,74.25133974594496,46.57396663587622,-18535.335314604545
2023-11-08,50,19450.0,19600.0,19300.0,2.0,0.1201307755289599,0.375911986274043,19431.45,19449.3,94.9933247908275,6018.545279666614,18.65094971598575,21.68727961377929,78.14999999999999,2023-11-09,False,494.8185452796666,3322.3002084624213,3170.4837135727444,347.34769426170885,89.48995139768363,3047.131538805228,True,2023-11-08,347.34769426170885,627.3476942617089,41.77406758043784,-16062.279337913427
2023-11-15,50,19650.0,19800.0,19500.0,3.0,0.0897799267107621,0.5705257390887976,19630.85,19677.4,93.8288634726482,5871.927479195983,28.31802164707331,27.792826371631183,78.35000000000001,2023-11-16,False,494.671927479196,2780.870163799549,2807.129927571656,279.271246153214,91.47875960344254,2663.3649703392657,True,2023-11-15,279.27124615321395,559.271246153214,62.75447206443025,-24522.51757961889
2023-12-06,50,20900.0,21050.0,20750.0,2.0,0.1475230208365246,0.3826344167422415,20895.6,20939.35,106.6592234083746,7886.342299000171,42.3110971828063,39.62999191050565,93.55,2023-12-07,False,496.68634229900016,2720.719968979415,2854.7752325944475,158.77482811973,105.66896038869072,2671.206817995221,True,2023-12-06,158.77482811973,438.77482811973,52.53189271518683,-20553.982257955002
2023-12-20,50,21500.0,21650.0,21350.0,2.0,0.1276845685532316,0.6167978681903333,21516.2,21142.35,102.0419143084091,7053.131874905193,150.0,150.0,157.79999999999995,2023-12-21,False,495.8531318749052,-2893.75741645445,-2893.75741645445,-3283.757416454448,104.76602330573314,-2757.551966588248,True,2023-12-20,-3283.757416454448,-3003.757416454448,140.78375553852692,-59297.259631865214
2023-12-27,50,21550.0,21700.0,21400.0,2.0,0.1428573545021936,0.5889660864738319,21540.45,21668.5,106.6393650307764,7880.788546316762,116.00181445321216,98.32017665623896,108.2,2023-12-28,False,496.6807885463168,-964.8032596681048,-80.72136981944584,-574.7125370074967,95.76491734974798,-1508.5256437195253,True,2023-12-27,-574.7125370074967,-294.71253700749673,62.75447206443025,-25376.5013627796
2024-02-21,50,22200.0,22350.0,22050.0,2.0,0.1646090537821873,0.4050018696761431,22223.15,22095.05,113.09500941049282,9396.189386592232,103.11541419314187,143.73767598387477,120.6,2024-02-22,False,498.19618938659227,0.7835714809551177,-2030.3295180556893,-873.4457188619509,113.11827415793414,1.9468088530209684,True,2024-02-21,-873.4457188619509,-593.4457188619509,161.2848804148202,-65087.39788479003
2024-04-09,50,22700.0,22850.0,22550.0,2.0,0.1338526256056502,0.5173181232515228,22687.95,22641.55,106.14997955931722,7783.5159364066385,59.06614599871717,58.59435092459428,89.2,2024-04-10,False,496.5835159364066,1857.608162093596,1881.19791579974,350.9154620294541,98.08835871343264,1454.527119799366,True,2024-04-09,350.91546202945415,630.9154620294541,62.75447206443025,-24450.87336374265
2024-04-24,50,22450.0,22600.0,22300.0,2.0,0.1357007033331319,0.4265826436775917,22455.5,22401.75,106.1834799567905,7795.279018320798,49.71055049234876,40.9318248016451,91.3,2024-04-25,False,496.5952790183208,2327.0511942037665,2765.98747873895,247.57871882120395,107.9572174762443,2415.738070176456,True,2024-04-24,247.5787188212039,527.5787188212039,49.28340713682139,-19165.78413590735
2024-05-22,25,22550.0,22700.0,22400.0,2.0,0.1523971074214205,0.50847873922109,22572.45,22597.9,110.93361795721104,4419.38562621599,50.45038455988056,70.88741274232417,105.6,2024-05-23,False,343.219385626216,1168.8614493070456,657.9357447459554,-209.8789366959402,99.78161568447604,890.0613924886709,True,2024-05-22,-209.8789366959402,-69.87893669594021,62.75447206443025,-12610.773349581992
2024-05-29,25,22750.0,22900.0,22600.0,2.0,0.1626573395682498,0.5456994180072942,22739.6,22711.3,113.41255648173592,4735.331289753731,44.31898396515965,48.36352574159543,107.35,2024-05-30,False,343.53533128975374,1383.8039816246533,1282.6904372137587,-191.9714192463556,113.05996508349654,1374.989196668669,True,2024-05-29,-191.9714192463556,-51.971419246355595,35.378345667843845,-7117.6405528151245
2024-06-12,25,23400.0,23550.0,23250.0,2.0,0.1690745173813775,0.6243300710532286,23410.95,23325.25,115.62913805759943,5064.9722657340135,75.21794421350121,90.67597399777902,110.2,2024-06-13,False,343.864972265734,666.4148738367219,279.9641292297766,-208.13652082574757,121.23153610441112,806.474825007014,True,2024-06-12,-208.13652082574757,-68.13652082574757,102.06043945111333,-20470.224411048413
2024-07-03,25,24300.0,24450.0,24150.0,2.0,0.1454012422030791,0.4797667303014507,24286.25,24296.1,111.83120432073248,4525.107357921524,28.36038821394145,29.136131334552875,103.75,2024-07-04,False,343.3251073579215,1743.445295311854,1724.0517172965683,-141.29499933960983,110.76591056984762,1716.812951539733,True,2024-07-03,-141.29499933960983,-1.2949993396098307,56.87948496097553,-11367.191991534717
2024-07-31,25,24900.0,25050.0,24750.0,2.0,0.1538631583983078,0.4328655525582629,24923.4,24945.8,114.68556343892578,4923.555827330347,50.11324431602832,79.34378095516831,106.64999999999998,2024-08-01,False,343.7235558273304,1270.5844222451065,539.8210062666064,-142.83446985418522,113.04704143420712,1229.62137212714,True,2024-07-31,-142.83446985418522,-2.8344698541852154,64.17016776759782,-12826.868023373749
2024-08-07,25,24250.0,24400.0,24100.0,2.0,0.2172503406321629,0.4896951937477891,24255.5,24309.4,123.85160481601724,6738.368899885063,65.33369065998512,69.5097213426403,112.5,2024-08-08,False,345.5383688998851,1117.4094850009178,1013.0087179345384,-61.74824849945367,125.70047205009996,1163.6311658529858,True,2024-08-07,-61.748248499453666,78.25175150054633,158.7672557080808,-31665.199390115613
2024-08-13,25,24250.0,24400.0,24100.0,2.0,0.1817676659626885,0.4162203182385716,24258.9,24122.9,118.9694624966196,5640.273139649344,118.78082861134412,104.89919227935572,111.39999999999998,2024-08-14,False,344.4402731396494,-339.7244260077624,7.316482291947693,-155.20371072415884,108.98897018579282,-589.2367337784318,True,2024-08-13,-155.20371072415884,-15.203710724158839,62.75447206443025,-12556.09812361021
2024-08-21,25,24750.0,24900.0,24600.0,2.0,0.1891239462280645,0.3604585195713857,24736.95,24767.05,120.72721661968444,5989.553963072876,39.77593578449684,45.628164417682086,89.6,2024-08-22,False,344.7895539630729,1678.992466916617,1532.686751086986,433.3908615290383,108.40525171219632,1370.9433442294144,True,2024-08-21,433.3908615290384,573.3908615290384,54.43681698795304,-10303.972536061568
2024-09-04,25,25150.0,25300.0,25000.0,2.0,0.1158791594719514,0.434261914566509,25136.5,25210.1,104.49313055421862,3735.402904474813,60.512923630892935,56.93892072329152,98.35,2024-09-05,False,342.53540290447484,756.9697701786673,846.3198428687027,-188.9571390490091,105.06542700170849,771.2771813659139,True,2024-09-04,-188.9571390490091,-48.9571390490091,68.92159618649718,-13823.276376348445
2024-09-18,25,25500.0,25650.0,25350.0,2.0,0.1408911795774474,0.4775149761500074,25477.35,25382.35,112.52979069371486,4614.2813726090935,114.10443662429608,138.78937751663918,116.05,2024-09-19,False,343.4142813726091,-382.7804296371397,-999.9039519457172,-431.4195140297379,118.84629730446612,-224.86776436835785,True,2024-09-18,-431.4195140297379,-291.4195140297379,134.29437196155018,-27140.293906339775
2024-09-25,25,25900.0,26050.0,25750.0,2.0,0.1254183777375146,0.4289079313132443,25889.65,26017.55,108.71854306323348,4158.038047859736,114.80003392021544,111.34212226280266,101.55,2024-09-26,False,342.95803804785976,-494.9953094724088,-408.5475180370892,-163.74446146702297,110.2083162587396,-457.7509795847554,True,2024-09-25,-163.74446146702297,-23.744461467022973,95.3170044601644,-19077.145353499902
2024-10-09,25,25150.0,25300.0,25000.0,2.0,0.2292660245439037,0.5974586400514748,25149.55,24971.15,126.04469509592492,7373.08914609107,138.76298025467017,116.49518110016456,126.15,2024-10-10,False,346.17308914609106,-664.1302181147225,-107.43523925208233,-348.80571174796813,130.64164374113352,-549.2065019845072,True,2024-10-09,-348.80571174796813,-208.80571174796813,207.0465417245356,-41608.11405665509
2024-10-16,25,24950.0,25100.0,24800.0,2.0,0.2539637824660167,0.4926990522558834,24938.2,24968.2,128.1640419606265,8103.961592927908,52.12729969915796,50.76057276666188,97.55000000000004,2024-10-17,False,346.90396159292794,1554.0145949437854,1588.1827682561873,418.44708742273366,123.91110808036228,1447.6912479371802,True,2024-10-16,418.4470874227336,558.4470874227336,61.89421350927154,-11810.395614431574
2024-10-30,25,24450.0,24600.0,24300.0,2.0,0.2040312320785596,0.4409091381049108,24433.25,24334.2,122.47994526268305,6385.552279275998,108.91877496256596,96.50944969789772,104.1,2024-10-31,False,345.185552279276,-6.156294776349284,304.0768368403571,114.3130792877999,120.66981637738265,-51.4095169088593,True,2024-10-30,114.3130792877999,254.3130792877999,134.13251941351587,-26562.190803415375
2024-12-11,75,24650.0,24800.0,24500.0,2.0,0.2982587329903617,0.2488423308018174,24651.6,24650.6,131.11422747102733,28204.642272786896,57.542785960245,59.509006454421325,86.10000000000001,2024-12-12,False,667.0046422727869,4850.853471035889,4703.386933972664,2709.0624180542627,117.4549185320884,3826.4053006154695,True,2024-12-11,2709.0624180542627,3129.0624180542627,39.45974521691798,-20516.784712096527
2024-12-18,75,24200.0,24350.0,24050.0,2.0,0.2966700959531589,0.47098766091049,24199.95,24189.3,130.66836121855886,27541.187952714336,56.88481086260805,57.39264809609108,84.89999999999999,2024-12-19,False,666.3411879527143,4867.425088743596,4829.337296232368,2766.2859034392004,117.95171631957784,3913.6767213200183,True,2024-12-18,2766.2859034392004,3186.2859034392004,54.61935065523443,-29555.324489701452
2025-01-01,75,23750.0,23900.0,23600.0,2.0,0.3033494183560833,0.5091618699373964,23761.95,23739.95,130.73645805655178,27653.80946421128,56.99395353852225,56.8789057277134,121.0,2025-01-02,False,666.4538094642112,4864.234029388004,4872.862615198667,63.78054477717251,114.30481476533988,3631.860782547111,True,2025-01-01,63.78054477717251,483.7805447771725,167.233624709328,-99826.39428081964
2025-01-08,75,23500.0,23650.0,23350.0,2.0,0.2990863852156326,0.5853884416340787,23511.0,23705.2,130.2623132679073,26976.732200336573,141.24984251291758,132.89261140593177,125.34999999999998,2025-01-09,False,665.7767322003365,-1489.8414255761074,-863.0490925521697,-297.3532371072873,126.32175169074344,-1785.383543863397,True,2025-01-08,-297.3532371072873,122.64676289271267,306.3460023788676,-183654.95466442782
2025-01-15,75,23250.0,23400.0,23100.0,2.0,0.1581002970365807,0.5890563703454674,23237.0,23214.55,113.20389049345611,14118.659379202018,41.97875899348669,34.371742545062034,78.35,2025-01-16,False,652.9186593792019,4688.966203118506,5259.492436750355,1961.123127630008,116.53632051416572,4938.898454671725,True,2025-01-15,1961.1231276300077,2381.1231276300077,34.75846347750027,-18443.954958870156
2025-01-22,75,23050.0,23200.0,22900.0,2.0,0.2053708374639972,0.55169430099412,23036.65,23164.25,121.04314045626506,18171.94914248803,108.26737404709992,106.3575591673782,103.95,2025-01-23,False,656.971949142488,301.21053154489664,444.44664752402696,625.0135850773927,123.48761335685958,484.5459990894856,True,2025-01-22,625.0135850773927,1045.0135850773927,140.46882634159755,-83206.28221988113
2025-01-29,75,23150.0,23300.0,23000.0,2.0,0.2555112706637008,0.5517515702241295,23131.9,23159.35,126.66670819055253,22708.1455262095,47.554427292563545,51.35134905638443,127.39999999999998,2025-01-30,False,661.5081455262094,5271.912921822964,4987.143789536397,-716.5050312347682,118.95020067823498,4693.174858399148,True,2025-01-29,-716.5050312347682,-296.50503123476824,63.61473061958897,-38435.34340298815
2025-02-05,75,23750.0,23900.0,23600.0,2.0,0.2572899241698905,0.2595153250150788,23741.25,23695.85,127.37140373488364,23442.84657862363,65.19564573661994,70.62254905571824,110.9,2025-02-06,False,662.2428465786236,4000.939003291154,3593.921254358782,573.1124335376492,121.77030868873862,3580.856874830278,True,2025-02-05,573.1124335376492,993.1124335376492,57.760126576752384,-33632.96351251378
2025-03-19,75,22900.0,23050.0,22750.0,2.0,0.2288947660522535,0.3435995678686193,22907.0,22911.55,123.72433481736334,20115.39349080049,42.7602419574725,42.8036919310938,104.1,2025-03-20,False,658.9153934908004,5413.391571001013,5410.132822979416,812.9097178114507,115.11776853894207,4767.899100119417,True,2025-03-19,812.9097178114507,1232.9097178114507,62.75447206443025,-36389.7735208467
2025-04-02,75,23300.0,23450.0,23150.0,2.0,0.2051279793912544,0.5458328088385761,23286.55,23337.75,121.30902888839772,18347.261938171367,49.3134560746737,45.70868341450928,92.75,2025-04-03,False,657.1472619381714,4742.520699091132,5012.878648603464,1484.7799046916589,102.6693575435329,3344.5453482262683,True,2025-04-02,1484.7799046916589,1904.7799046916589,62.75447206443025,-35717.90333396649
2025-04-16,75,23350.0,23500.0,23200.0,2.0,0.1694402177026495,0.4271705203212907,23351.5,23424.55,115.60560811803772,15178.306433247417,75.0277887432576,83.04234121440517,95.94999999999996,2025-04-17,False,653.9783064332473,2389.3581466752607,1788.266711339193,820.1923024195826,122.02194178235096,2870.583171498754,True,2025-04-16,820.1923024195826,1240.1923024195826,62.75447206443025,-36382.490936238566
2025-04-29,75,24350.0,24500.0,24200.0,2.0,0.1858567974297329,0.6216460301674582,24328.75,24326.45,119.82037229524576,17400.019187552745,40.840897073569245,41.24275871127445,75.6,2025-04-30,False,656.2000191875527,5267.260622438187,5237.120999610295,2660.32790295588,113.32791201574037,4780.3261014752825,True,2025-04-29,2660.32790295588,3080.32790295588,62.75447206443025,-34542.355335702276
2025-05-14,75,24650.0,24800.0,24500.0,2.0,0.284304392109625,0.4486027761915893,24656.1,24669.55,130.20379935721758,26889.873307753987,57.05076227126799,61.44439464544544,105.05,2025-05-15,False,665.6898733077539,4820.787908138465,4491.265480075156,1220.8450784835634,128.13885227898027,4665.916877270667,True,2025-05-14,1220.8450784835634,1640.8450784835634,125.59713864113743,-73687.4381061989
2025-05-28,75,24800.0,24950.0,24650.0,2.0,0.2509891003603116,0.3456195283857274,24792.1,24748.5,127.7741093909026,23879.12066957301,64.23031060123765,59.879534937604205,114.45,2025-05-29,False,662.679120669573,4103.105788555298,4429.413963327806,336.6290836481214,126.31112390555973,3993.381877154583,True,2025-05-28,336.6290836481214,756.6290836481214,193.45161509656086,-115284.33997428839
2025-06-04,75,24600.0,24750.0,24450.0,2.0,0.2058881677919998,0.2751247517720283,24592.95,24616.9,122.84558861528969,19431.3967174236,42.57745304375752,41.489928777228194,95.2,2025-06-05,False,658.2313967174235,5361.878771147489,5443.443091137188,1415.1877494293017,127.38646558462096,5702.444543847336,True,2025-06-04,1415.1877494293017,1835.1877494293017,42.8150184049004,-23823.82329351094
2025-06-11,75,25200.0,25350.0,25050.0,2.0,0.1745983334770426,0.5353097614811463,25194.95,25144.95,118.91297937211584,16879.710184893658,59.237876760689545,74.24175764046988,100.05,2025-06-12,False,655.6797101848936,3819.952985672079,2694.661919688553,759.0437427237948,122.43992026556134,4084.473552680492,True,2025-06-11,759.0437427237948,1179.0437427237948,91.80581226189967,-53874.44361441601
2025-06-25,75,25200.0,25350.0,25050.0,2.0,0.1944993374543265,0.3301218892437882,25206.65,25248.8,121.96591088974492,18809.22491801812,56.69957762211398,49.24082602042841,95.1,2025-06-26,False,657.6092249180181,4237.365770154303,4796.772140280719,1357.3340918128513,117.39618816864368,3894.636566071709,True,2025-06-25,1357.3340918128513,1777.3340918128513,112.78226934596191,-65862.02751576429
2025-07-09,75,25550.0,25700.0,25400.0,2.0,0.1643901019683107,0.3094588168903506,25536.85,25478.4,117.54282244935712,16127.650029133249,72.61425117796715,84.89568079935296,93.35,2025-07-10,False,654.9276500291332,2714.715195325114,1793.6079737211787,1159.53403367265,123.18237256377051,3137.681453906119,True,2025-07-09,1159.53403367265,1579.53403367265,53.87143291480766,-30713.325715211948
2025-07-23,75,25150.0,25300.0,25000.0,2.0,0.1183865292137488,0.5168950787609558,25167.55,25229.35,105.4116575714106,11474.153073462005,79.33065348083929,59.71554370901497,89.39999999999999,2025-07-24,False,650.274153073462,1305.8011537193877,2776.934386606212,550.6001647823348,99.9876833419703,899.0030865113636,True,2025-07-23,550.6001647823348,970.6001647823348,56.16348447954475,-32697.490522944514
2025-08-13,75,24600.0,24750.0,24450.0,2.0,0.1598195315850898,0.3678364021155399,24614.05,24614.75,115.44356446723214,15109.890037099649,33.55701641171493,40.30705124881315,90.2,2025-08-14,False,653.9098900370996,5487.581214126691,4981.328601344325,1239.3574450053115,118.13371965662736,5689.342853331333,True,2025-08-13,1239.3574450053115,1659.3574450053115,72.12836379429824,-41587.66083157363
2025-08-20,75,25050.0,25200.0,24900.0,2.0,0.1337578665977343,0.6147414660042909,25040.75,25048.75,109.8691568764425,12863.189401216596,26.75207655906553,26.82927541653872,79.35,2025-08-21,False,651.6631894012165,5582.117834402057,5576.327920091568,1637.2735763319715,118.44644993379644,6225.414813703602,True,2025-08-20,1637.2735763319715,2057.2735763319715,44.0914077806785,-24367.57109207513
2025-09-08,75,24850.0,25000.0,24700.0,4.0,0.1652511839708313,0.2547128217023863,24831.45,24768.75,127.9641478031117,24079.924369301807,81.19996213227162,61.40907371886503,83.80000000000001,2025-09-09,False,662.8799243693018,2844.434000943704,4328.750631949199,2649.4311608640746,118.00470936931924,2097.476118409269,True,2025-09-08,2649.4311608640746,3069.4311608640746,62.75447206443025,-34553.25207779408
2025-09-15,75,25100.0,25250.0,24950.0,4.0,0.152394225304015,0.2309708390036262,25110.2,25067.1,126.35564363387677,22427.26262202032,41.13618909779017,39.60194492823875,70.85,2025-09-16,False,661.2272626220202,5730.231827584473,5845.30014030083,3501.6960099187363,123.72498826789796,5532.932675136064,True,2025-09-15,3501.6960099187363,3921.6960099187363,62.75447206443025,-33700.98722873942
2025-09-22,75,25300.0,25450.0,25150.0,4.0,0.1392100613797083,0.4089169792829921,25291.9,25195.55,124.3870300920189,20640.820681859663,102.88365825919814,98.6507600244524,88.20000000000002,2025-09-23,False,659.4408206818596,953.3120667796976,1270.7794343856274,2054.586436219557,121.29305595386904,721.2640064184579,True,2025-09-22,2054.586436219557,2474.586436219557,62.75447206443025,-35148.096802438595
2025-10-13,75,25200.0,25350.0,25050.0,4.0,0.1066765223955735,0.398671298767647,25182.8,25220.45,116.87130279112988,15780.99698337137,27.37902449695292,39.20719880249131,87.9,2025-10-14,False,654.5809969833713,6057.339875079901,5170.226802164521,1518.2667123513702,114.11881192970576,5850.903060473092,True,2025-10-13,1518.2667123513702,1938.2667123513702,62.75447206443025,-35684.416526306784
2025-11-03,75,25700.0,25850.0,25550.0,4.0,0.1014794576587155,0.5868873807857355,25713.0,25765.95,115.86424801406702,15306.29566965963,66.04200549172505,74.31948896006247,104.54999999999998,2025-11-04,False,654.1062956696596,3082.561893505988,2461.7506333806814,194.4623053853678,118.08269297607694,3248.9452656567323,True,2025-11-03,194.4623053853678,614.4623053853678,62.75447206443025,-37008.22093327279
2025-11-10,75,25650.0,25800.0,25500.0,4.0,0.1435363897169009,0.4846070256938809,25633.5,25565.45,125.48789344235774,21589.859526825014,84.27687641179918,75.98955958736639,89.89999999999999,2025-11-11,False,660.3898595268249,2430.436417765068,3051.985179597528,2008.7021486500064,113.36550076809908,1521.2569671956678,True,2025-11-10,2008.7021486500062,2428.702148650006,62.75447206443025,-35193.98109000814
2025-11-17,75,26000.0,26150.0,25850.0,4.0,0.1844542644219473,0.1837059270430832,25977.45,26012.4,131.07697016609563,28122.72414173221,39.51175242162835,39.925888966908,96.15,2025-11-18,False,666.9227241417321,6200.468606693314,6169.4083657973415,1952.60003831544,124.68179858189706,5720.83073787842,True,2025-11-17,1952.60003831544,2372.60003831544,62.75447206443025,-35250.08320034271
2025-11-24,75,26100.0,26250.0,25950.0,4.0,0.1118933609640226,0.3937632339898133,26078.4,25954.4,119.40679122402526,17154.94265956345,136.08247065652182,141.44015348769298,100.0,2025-11-25,False,655.9549426595634,-1906.6309000968056,-2308.457112434643,799.5543991423308,126.47099261188124,-1376.8157960076078,True,2025-11-24,799.5543991423308,1219.5543991423308,62.75447206443025,-36403.12883951582
2025-12-08,75,26000.0,26150.0,25850.0,4.0,0.2010405911179259,0.3768141451518579,26015.45,25971.15,132.59133584239498,30652.48427192164,47.70087307564469,70.84663651333165,96.4,2025-12-09,False,669.4524842719215,5697.332223234351,3961.399965407829,2044.8977039077024,113.53295507186976,4267.953665444959,True,2025-12-08,2044.8977039077026,2464.8977039077026,62.75447206443025,-35157.78553475045
2025-12-15,75,26050.0,26200.0,25900.0,4.0,0.1798875201540067,0.3167286118425981,26025.85,26030.05,130.64640170499115,27484.77196787776,40.67524887028579,47.77885967429248,89.55000000000001,2025-12-16,False,666.2847719678778,6081.551690635024,5548.780880334523,2415.9453559064577,110.64383614064536,4581.35927330909,True,2025-12-15,2415.9453559064577,2835.9453559064577,62.75447206443025,-34786.737882751695
2025-12-22,75,26150.0,26300.0,26000.0,4.0,0.17229200465139,0.2839577500315573,26137.3,26174.8,129.86148605310154,26405.541388124264,41.23675206246712,37.36974198971503,83.14999999999999,2025-12-23,False,665.2055413881242,5981.6495079094575,6271.675263365863,2838.1559125944923,109.8836049574229,4483.30842573356,True,2025-12-22,2838.1559125944923,3258.1559125944923,62.75447206443025,-34364.52732606366
2025-12-29,75,25950.0,26100.0,25800.0,4.0,0.1369919893937186,0.5007066124930372,25959.75,25944.05,124.61213685212353,20843.469165719034,28.757258707644656,28.364483834948665,79.05000000000001,2025-12-30,False,659.643469165719,6529.472391670196,6558.930507122395,2757.5167947435434,98.85810149746794,4597.919740071028,True,2025-12-29,2757.5167947435434,3177.5167947435434,62.75447206443025,-34445.16644391461
2026-01-05,65,26350.0,26500.0,26200.0,4.0,0.1913085216050967,0.2603094658475215,26333.1,26249.25,131.97108226020464,25607.36407668708,97.27086095416286,100.88089671759008,106.15,2026-01-06,False,604.407364076687,1651.107020816029,1416.4546961932597,1073.9629828366142,130.2711236305895,1540.609709891045,True,2026-01-05,1073.9629828366142,1437.9629828366142,62.75447206443025,-31168.362490667118
2026-01-12,65,25700.0,25850.0,25550.0,4.0,0.1860159794194623,0.5764970067062616,25696.95,25778.5,130.99003317289316,24277.38063981531,79.08329388735287,101.84402039156215,106.5,2026-01-13,False,603.0773806398153,2770.8606729203043,1291.4134501467,988.7747755982394,130.47017971148853,2737.070197929003,True,2026-01-12,988.7747755982396,1352.7747755982396,62.75447206443025,-31253.55069790549
2026-01-19,65,25550.0,25700.0,25400.0,4.0,0.1187950018281117,0.6257627014983408,25525.75,25591.15,120.5306992461501,15458.421955388076,43.60835440933881,24.616561629318944,93.45000000000002,2026-01-20,False,594.258421955388,4405.693992437346,5640.1605231386375,1165.9870290443678,126.9651347583058,4823.932300727466,True,2026-01-19,1165.9870290443678,1529.9870290443678,62.75447206443025,-31076.33844445936
2026-02-23,65,25650.0,25800.0,25500.0,4.0,0.1256861584680155,0.537262196399066,25654.8,25712.1,122.09073862567492,16375.85219390614,62.73779270821741,55.24557735566463,106.29999999999998,2026-02-24,False,595.1758521939062,3262.7656324408326,3749.7596303567625,431.2221584749655,120.39290650936071,3152.406544880409,True,2026-02-23,431.22215847496545,795.2221584749655,62.75447206443025,-31811.103315028766
2026-03-09,65,23850.0,24000.0,23700.0,4.0,0.2239559557428583,0.5881203476195979,23844.15,24047.7,132.95905817747737,27124.216805354336,144.46518295957898,131.38638272578777,136.75,2026-03-10,False,605.9242168053543,-1353.8223276419608,-503.7003124455318,-852.3354352693268,128.8364381071442,-1621.792632213615,True,2026-03-09,-852.3354352693268,-488.3354352693268,62.75447206443025,-33094.660908773054
2026-04-06,65,22650.0,22800.0,22500.0,5.0,0.2567694360436872,0.469635044227537,22649.4,22989.35,136.1633614758448,33489.179161385895,149.98992799699727,149.9405419500372,135.8,2026-04-07,False,612.2891791613858,-1511.0160030362963,-1507.8059099838931,-588.6706832314749,136.6948941361461,-1476.4663801167114,True,2026-04-06,-588.6706832314749,-224.67068323147487,62.75447206443025,-32830.99615673521
2026-04-20,65,24450.0,24600.0,24300.0,4.0,0.1880958629259839,0.6064434511545947,24465.75,24381.8,130.2569935859574,23377.504246075605,70.30919843788278,112.4270681005059,116.05,2026-04-21,False,602.1775042460756,3294.4291803787737,556.7676523082707,321.277078841154,127.57247579404157,3119.935523904245,True,2026-04-20,321.277078841154,685.277078841154,62.75447206443025,-31921.048394662575
2026-04-27,65,24100.0,24250.0,23950.0,4.0,0.180836226879619,0.472144965496111,24075.15,24094.3,129.22584273214488,22158.992539952305,35.058853333451985,35.71885967759006,108.75000000000004,2026-04-28,False,600.9589925399523,5519.8953183750855,5476.994906006111,729.9707850494633,127.4178373379882,5402.374967754901,True,2026-04-27,729.9707850494633,1093.9707850494633,62.75447206443025,-31512.354688454267
2026-05-04,65,24100.0,24250.0,23950.0,5.0,0.1693990103853866,0.5961734223108859,24108.65,24123.25,130.3777979922652,23517.53037575372,37.71991478930038,37.95912118296242,114.65,2026-05-05,False,602.3175303757537,5420.444877816958,5404.896462228927,419.989339121484,128.19220274466716,5278.381186723086,True,2026-05-04,419.989339121484,783.989339121484,62.75447206443025,-31822.336134382247
2026-05-11,65,23900.0,24050.0,23750.0,4.0,0.1834622841654345,0.3858764325425811,23924.7,23805.75,129.32881988655208,22316.252446438084,92.65655732036488,79.85413877893994,110.70000000000002,2026-05-12,False,601.116252446438,1782.580814355731,2614.738019548351,609.7570401794462,127.95821724468624,1693.4916426344512,True,2026-05-11,609.7570401794462,973.7570401794462,62.75447206443025,-31632.568433324283
2026-05-25,65,23950.0,24100.0,23800.0,4.0,0.1423049681587145,0.2561570944328879,23961.35,24035.25,123.55794304917526,17322.75215003112,85.00017719105993,98.84051510300492,108.35,2026-05-26,False,596.1227521500311,1910.1320286274656,1010.5100643510414,392.3935460463605,126.28650145155824,2087.48832478236,True,2026-05-25,392.3935460463605,756.3935460463605,62.75447206443025,-31849.931927457368
2026-06-08,65,23200.0,23350.0,23050.0,4.0,0.1419768718117848,0.573244758643962,23221.9,23134.45,122.71169895919228,16774.384267932983,66.06747709037775,95.63796365237862,110.75,2026-06-09,False,595.5743842679329,3086.300037205012,1164.218410674956,181.93604807956592,123.89805615886598,3163.413255183802,True,2026-06-08,181.93604807956592,545.9360480795659,62.75447206443025,-32060.389425424164
2026-06-15,65,23900.0,24050.0,23750.0,4.0,0.1599291300168261,0.3721259064819709,23906.7,23843.6,126.33537408164466,19417.46208821636,58.669720810509695,48.28206088473867,106.75000000000004,2026-06-16,False,598.2174620882163,3800.050000535557,4475.247895710673,674.8318532186847,123.99057420450208,3647.6380085212895,True,2026-06-15,674.8318532186847,1038.8318532186847,62.75447206443025,-31567.493620285044
2026-06-22,65,24100.0,24250.0,23950.0,4.0,0.1118205561721697,0.4202172329692165,24123.2,24105.65,116.98089211601746,13745.448491595724,21.97530787902073,24.00707395235028,94.15,2026-06-23,False,592.5454484915957,5582.817526913192,5450.752732146771,891.4625390495386,116.2776769079528,5537.1085383889895,True,2026-06-22,891.4625390495385,1255.4625390495385,62.75447206443025,-31350.86293445419
2026-07-06,65,24450.0,24600.0,24300.0,4.0,0.1619233102118596,0.4995458450597024,24450.8,24437.2,127.131247247411,20106.326246343226,33.21463671118696,38.167508028685575,89.64999999999999,2026-07-07,False,598.9063262463432,5505.67335860822,5183.73672297081,1837.374744835373,116.60425738044614,4821.419017255504,True,2026-07-06,1837.374744835373,2201.374744835373,62.75447206443025,-30404.95072866836
2026-07-20,65,24200.0,24350.0,24050.0,4.0,0.1504297100333496,0.3697325602668338,24175.85,24238.15,125.2516676862724,18521.03929599607,43.68390626845744,44.64585136873553,103.4,2026-07-21,False,597.321039295996,4704.583452861977,4642.057021343901,823.0373603117113,124.5572964786079,4659.449324363784,True,2026-07-20,823.0373603117114,1187.0373603117114,62.75447206443025,-31419.28811319202
2026-07-27,65,23950.0,24100.0,23800.0,4.0,0.1164106553373858,0.3491431840605913,23961.8,23987.15,117.94688998125092,14175.848769850272,39.52525686663398,54.230413270596266,97.95,2026-07-28,False,592.9758487698502,4504.430303680252,3548.5951374227034,706.8220000114611,117.3132128308398,4463.241288903529,True,2026-07-27,706.8220000114611,1070.8220000114611,62.75447206443025,-31535.50347349227
2026-08-03,65,24600.0,24750.0,24450.0,4.0,0.1598624319722876,0.2876034915890703,24593.7,24573.55,126.98741757175958,19971.956274738943,38.19678759594336,143.4723504376993,85.35,2026-08-04,False,598.7719562747388,5172.618992153315,-1670.292592560821,2107.6601858896342,125.03268760003994,5045.561543991538,True,2026-08-03,2107.6601858896342,2471.6601858896342,62.75447206443025,-30134.665287614094
2026-08-10,65,24600.0,24750.0,24450.0,4.0,0.1069697409449145,0.4997286616981669,24609.4,24560.05,116.13317035258932,13375.39951715744,41.42415765838327,24.847927436587288,102.85,2026-08-11,False,592.1753995171574,4263.910425606236,5341.365390022976,271.2306734011486,126.4022108990348,4931.398061125191,True,2026-08-10,271.2306734011486,635.2306734011486,62.75447206443025,-31971.094800102583
2026-09-07,65,23750.0,23900.0,23600.0,4.0,0.1510864234576001,0.4552878765886795,23762.1,23759.4,124.84459611019338,18238.704110176383,29.61235709757077,37.5993491543025,95.1,2026-09-08,False,597.0387041101764,5593.056831710293,5073.902348022731,1336.360043052393,117.00834784102972,5083.700694214655,True,2026-09-07,1336.360043052393,1700.360043052393,62.75447206443025,-30905.96543045134
2026-09-21,65,23400.0,23550.0,23250.0,4.0,0.1369641150021925,0.4451473567419349,23414.9,23428.9,121.95428784376054,16299.9928928601,35.32708093968662,28.082886239428674,97.85,2026-09-22,False,595.0999928928601,5035.668455871944,5506.541111388711,971.6787169515754,116.10962209079662,4655.76518192929,True,2026-09-21,971.6787169515756,1335.6787169515756,62.75447206443025,-31270.646756552153
