date,label,ok,contracts,close,open,high,low,cs_wide
2021-01-06,atm_ce,True,1362198.0,37.7,71.0,82.0,25.7,90.1512773952783
2021-01-06,atm_pe,True,1001755.0,76.75,60.0,174.0,50.55,184.24061436963336
2021-01-06,wing_ce,True,523930.0,4.05,13.0,17.3,3.05,13.658898432114299
2021-01-06,wing_pe,True,389112.0,22.95,27.5,81.15,16.8,77.21250564394461
2021-03-03,atm_ce,True,925135.0,172.1,45.0,190.8,38.25,
2021-03-03,atm_pe,True,828061.0,20.0,105.55,133.0,17.6,
2021-03-03,wing_ce,True,534760.0,62.4,13.35,73.8,7.0,15.846821402462343
2021-03-03,wing_pe,True,272028.0,9.05,62.15,62.15,5.0,
2021-03-09,atm_ce,True,871640.0,134.75,138.7,184.75,61.55,
2021-03-09,atm_pe,True,1195150.0,38.3,84.95,132.9,28.6,
2021-03-09,wing_ce,True,481653.0,50.25,52.55,90.5,20.5,
2021-03-09,wing_pe,True,343945.0,12.2,49.0,60.5,9.1,
2021-03-17,atm_ce,True,285710.0,40.2,149.15,153.8,30.0,
2021-03-17,atm_pe,True,373396.0,134.65,60.65,163.65,45.7,137.4548547505981
2021-03-17,wing_ce,True,1075543.0,14.05,80.0,80.0,10.3,
2021-03-17,wing_pe,True,801070.0,58.1,23.95,72.9,18.45,68.39815758081686
2021-05-05,atm_ce,True,317711.0,115.35,108.0,167.0,72.35,203.8066472675011
2021-05-05,atm_pe,True,453607.0,45.35,66.65,125.0,35.0,81.99511369912614
2021-05-05,wing_ce,True,1116340.0,36.5,50.0,54.85,20.65,80.55337777851891
2021-05-05,wing_pe,True,748808.0,15.2,54.0,58.8,12.2,6.223532682121842
2021-05-19,atm_ce,True,1332885.0,36.05,80.0,92.7,29.5,56.124049335749405
2021-05-19,atm_pe,True,1083774.0,91.9,120.0,120.0,54.0,51.1298764638616
2021-05-19,wing_ce,True,511414.0,4.55,17.1,25.8,3.15,16.810202590871953
2021-05-19,wing_pe,True,442823.0,29.65,40.05,42.0,15.9,
2021-06-02,atm_ce,True,1332338.0,100.75,104.8,115.0,41.1,176.4869599866855
2021-06-02,atm_pe,True,1569652.0,22.05,48.0,73.75,15.0,53.446317806728345
2021-06-02,wing_ce,True,723256.0,19.05,32.2,32.2,7.45,41.233016712747244
2021-06-02,wing_pe,True,430182.0,5.4,10.75,21.1,4.1,1.004182949941834
2021-06-09,atm_ce,True,1585182.0,7.85,40.5,44.95,5.75,
2021-06-09,atm_pe,True,625028.0,166.4,89.0,227.2,52.75,189.5209573961588
2021-06-09,wing_ce,True,344357.0,2.5,6.15,6.4,2.0,
2021-06-09,wing_pe,True,680249.0,51.45,26.65,100.85,13.6,91.03601749514688
2021-06-30,atm_ce,True,1542531.0,16.35,43.95,74.9,13.0,
2021-06-30,atm_pe,True,1349568.0,89.15,73.1,100.0,33.55,135.05680416105878
2021-06-30,wing_ce,True,574476.0,2.85,9.25,13.0,2.2,
2021-06-30,wing_pe,True,483883.0,14.55,20.2,20.2,6.0,28.47418366706124
2021-09-08,atm_ce,True,1830111.0,79.7,116.15,118.0,41.2,128.58743852795772
2021-09-08,atm_pe,True,2610190.0,26.1,36.7,80.85,18.0,83.23807766994231
2021-09-08,wing_ce,True,1049857.0,12.7,32.0,38.7,8.65,
2021-09-08,wing_pe,True,614329.0,5.35,12.4,23.4,4.5,14.848393222363873
2021-09-22,atm_ce,True,985686.0,74.15,85.75,104.95,62.4,98.09323650188797
2021-09-22,atm_pe,True,1136694.0,53.45,72.5,86.0,35.65,68.09617901772836
2021-09-22,wing_ce,True,1395001.0,14.85,26.5,31.0,13.0,19.77487764789894
2021-09-22,wing_pe,True,999016.0,18.05,27.0,124.05,12.5,112.56066657676129
2021-09-29,atm_ce,True,869746.0,100.3,79.0,163.7,69.75,206.63557052889297
2021-09-29,atm_pe,True,1114196.0,38.85,73.9,107.05,16.4,111.06416781114622
2021-09-29,wing_ce,True,1813570.0,31.35,49.9,60.0,25.0,57.392717040505026
2021-09-29,wing_pe,True,1615879.0,10.95,25.25,46.4,6.45,46.7094163049942
2021-10-27,atm_ce,True,2490325.0,32.7,109.7,109.7,20.95,95.12095637728825
2021-10-27,atm_pe,True,1859399.0,113.25,74.0,140.0,49.4,213.05471120819587
2021-10-27,wing_ce,True,782830.0,6.9,36.0,38.55,5.05,12.763194876993303
2021-10-27,wing_pe,True,695780.0,40.55,30.05,52.85,14.2,105.24047162322728
2021-11-10,atm_ce,True,731088.0,105.5,99.0,151.45,71.05,90.05084105338518
2021-11-10,atm_pe,True,1047961.0,37.4,65.0,100.4,28.45,94.77241696232835
2021-11-10,wing_ce,True,1739052.0,28.1,39.9,57.2,18.3,
2021-11-10,wing_pe,True,1216068.0,9.65,20.1,41.65,8.1,32.75259196823644
2021-11-24,atm_ce,True,3080411.0,8.05,49.6,69.0,4.0,50.77139976443851
2021-11-24,atm_pe,True,1324101.0,183.35,109.65,243.85,58.0,359.3237133626779
2021-11-24,wing_ce,True,941744.0,2.8,10.15,16.7,2.15,
2021-11-24,wing_pe,True,1003550.0,74.9,36.0,112.25,18.35,191.54466607471218
2021-12-01,atm_ce,True,1108569.0,83.05,51.0,132.15,43.45,181.88953950082578
2021-12-01,atm_pe,True,1086783.0,56.9,150.0,150.0,47.6,60.311154584927266
2021-12-01,wing_ce,True,2165564.0,20.75,22.55,49.7,9.6,75.83916315576043
2021-12-01,wing_pe,True,2236283.0,19.05,74.95,74.95,15.5,
2021-12-08,atm_ce,True,1461498.0,74.0,27.9,79.5,18.0,
2021-12-08,atm_pe,True,758139.0,49.35,173.75,175.0,43.2,
2021-12-08,wing_ce,True,1714452.0,13.55,5.8,21.5,5.55,5.710064244717206
2021-12-08,wing_pe,True,1852200.0,14.8,91.6,91.6,13.05,
2021-12-22,atm_ce,True,2840121.0,96.35,68.0,102.65,43.0,57.82557892310982
2021-12-22,atm_pe,True,2344396.0,39.75,120.15,129.65,34.0,
2021-12-22,wing_ce,True,970653.0,23.75,18.0,43.3,7.7,47.67062905325232
2021-12-22,wing_pe,True,926220.0,12.25,86.0,86.05,9.8,
2021-12-29,atm_ce,True,2403569.0,69.7,99.0,124.9,51.0,108.61207141664535
2021-12-29,atm_pe,True,3026365.0,49.1,60.0,84.2,33.9,
2021-12-29,wing_ce,True,1058655.0,11.45,38.0,38.8,6.3,32.085665785061714
2021-12-29,wing_pe,True,559193.0,13.45,35.8,35.8,9.55,
2022-01-12,atm_ce,True,3120797.0,67.8,47.25,77.9,46.3,1.1847264689209684
2022-01-12,atm_pe,True,2178273.0,51.95,100.0,110.0,45.7,
2022-01-12,wing_ce,True,929267.0,12.0,15.25,17.2,8.05,17.48064587727823
2022-01-12,wing_pe,True,777751.0,13.75,59.35,59.4,11.6,
2022-02-02,atm_ce,True,1158811.0,84.1,104.45,109.95,50.1,162.71042387708175
2022-02-02,atm_pe,True,978684.0,50.7,106.35,164.0,43.0,
2022-02-02,wing_ce,True,1310022.0,24.6,49.0,64.4,13.85,87.29297856465163
2022-02-02,wing_pe,True,1597528.0,12.4,119.7,119.7,10.2,
2022-02-09,atm_ce,True,3067327.0,101.95,46.0,110.0,46.0,75.06817530840112
2022-02-09,atm_pe,True,2680114.0,30.45,135.25,135.25,25.15,
2022-02-09,wing_ce,True,1174561.0,27.4,19.65,32.4,14.85,34.52664614927534
2022-02-09,wing_pe,True,1101525.0,8.1,93.7,93.7,6.7,
2022-02-23,atm_ce,True,1250631.0,52.1,149.95,149.95,39.6,82.99614562962205
2022-02-23,atm_pe,True,1297445.0,116.0,148.0,148.0,69.2,236.449018719102
2022-02-23,wing_ce,True,2114552.0,14.35,47.2,73.0,11.05,8.613564613335404
2022-02-23,wing_pe,True,2565463.0,51.4,69.0,69.0,26.85,114.70104665823811
2022-03-02,atm_ce,True,1288393.0,197.85,238.0,306.7,136.7,
2022-03-02,atm_pe,True,2074397.0,110.5,183.0,200.0,91.5,
2022-03-02,wing_ce,True,697968.0,113.05,72.0,208.05,70.35,
2022-03-02,wing_pe,True,350863.0,70.85,119.95,154.35,59.8,
2022-03-16,atm_ce,True,2358791.0,176.6,105.0,190.0,100.0,184.9988043391695
2022-03-16,atm_pe,True,2017957.0,91.05,182.0,182.05,84.0,
2022-03-16,wing_ce,True,588460.0,94.15,64.0,104.0,46.0,125.98352169988087
2022-03-16,wing_pe,True,478708.0,49.6,85.8,103.6,44.05,
2022-04-27,atm_ce,True,1740549.0,79.4,98.35,124.5,54.25,30.277340095321172
2022-04-27,atm_pe,True,1754840.0,74.15,82.25,145.75,45.0,96.38873256975675
2022-04-27,wing_ce,True,2806859.0,22.75,25.0,68.35,18.0,
2022-04-27,wing_pe,True,2270558.0,29.55,37.0,71.0,16.35,52.862548269087895
2022-06-01,atm_ce,True,1414449.0,61.85,117.25,161.75,37.8,76.70667817258649
2022-06-01,atm_pe,True,1532956.0,99.65,103.05,155.8,63.0,174.66945063236832
2022-06-01,wing_ce,True,3321177.0,18.1,50.0,77.7,10.8,4.260475072728144
2022-06-01,wing_pe,True,2845402.0,40.35,47.45,70.55,25.85,80.20651078217506
2022-06-15,atm_ce,True,1451884.0,88.15,123.3,139.45,80.0,106.3814757559303
2022-06-15,atm_pe,True,1171502.0,134.85,123.0,147.6,87.1,205.91909762277103
2022-06-15,wing_ce,True,2025219.0,36.5,60.05,69.95,32.5,44.49266028933168
2022-06-15,wing_pe,True,1969582.0,68.6,58.4,78.0,38.65,120.44494639648138
2022-07-13,atm_ce,True,1326902.0,45.0,98.05,133.15,37.8,
2022-07-13,atm_pe,True,1412434.0,125.15,62.95,136.75,43.55,90.74716567173829
2022-07-13,wing_ce,True,3504214.0,12.75,45.0,51.95,10.75,
2022-07-13,wing_pe,True,2928781.0,48.9,23.85,55.65,13.85,58.424858447767
2022-07-20,atm_ce,True,4340516.0,22.1,18.0,47.0,16.0,
2022-07-20,atm_pe,True,1719653.0,108.35,119.95,149.0,76.8,
2022-07-20,wing_ce,True,1463732.0,2.75,5.05,9.75,2.1,4.913407283653026
2022-07-20,wing_pe,True,1450899.0,31.75,53.65,56.65,21.55,
2022-08-10,atm_ce,True,3913989.0,100.15,127.0,139.65,66.25,
2022-08-10,atm_pe,True,4184371.0,62.65,72.1,128.8,54.2,
2022-08-10,wing_ce,True,1301825.0,31.5,54.3,60.45,21.8,
2022-08-10,wing_pe,True,973990.0,23.35,34.65,61.4,20.0,
2022-09-07,atm_ce,True,1944674.0,68.45,59.0,88.55,35.45,63.39383300774793
2022-09-07,atm_pe,True,911371.0,90.5,145.0,188.85,79.3,188.5153239707919
2022-09-07,wing_ce,True,2819547.0,18.65,23.85,31.25,12.3,
2022-09-07,wing_pe,True,3724044.0,33.0,81.0,94.9,28.85,84.85260240830797
2022-10-19,atm_ce,True,2955448.0,39.85,77.4,99.6,30.25,83.28278239694849
2022-10-19,atm_pe,True,2473546.0,90.15,96.65,118.85,50.0,
2022-10-19,wing_ce,True,3265999.0,5.85,20.0,26.6,4.8,22.315330755815868
2022-10-19,wing_pe,True,3072458.0,28.95,37.0,44.8,18.35,
2022-11-02,atm_ce,True,2843539.0,81.0,126.05,134.0,63.5,100.78456236513782
2022-11-02,atm_pe,True,3506525.0,86.2,49.95,99.0,49.0,66.53505253229572
2022-11-02,wing_ce,True,1301730.0,23.6,58.0,58.0,17.55,53.57551231462066
2022-11-02,wing_pe,True,822345.0,33.1,25.45,39.25,18.55,23.916171791776392
2022-11-16,atm_ce,True,5466320.0,58.85,80.0,92.0,35.25,111.00355097179865
2022-11-16,atm_pe,True,5131699.0,49.4,62.55,88.8,40.45,75.78097470047301
2022-11-16,wing_ce,True,2148681.0,8.2,12.7,21.8,5.55,19.06730180674012
2022-11-16,wing_pe,True,1454033.0,12.4,27.45,27.45,10.55,7.150248958397808
2022-11-23,atm_ce,True,1825750.0,67.3,99.0,109.2,48.25,106.84398642259647
2022-11-23,atm_pe,True,2504166.0,30.7,34.0,41.15,15.5,9.88426004761547
2022-11-23,wing_ce,True,3037369.0,8.8,24.0,25.6,5.45,20.46636391180855
2022-11-23,wing_pe,True,1661895.0,6.95,11.0,11.0,4.25,
2022-11-30,atm_ce,True,3283604.0,105.85,45.0,148.8,38.6,66.3379200018756
2022-11-30,atm_pe,True,3387319.0,19.5,74.1,74.85,11.9,
2022-11-30,wing_ce,True,3982345.0,23.05,6.0,36.35,5.0,25.065601161839435
2022-11-30,wing_pe,True,2838105.0,6.6,23.4,23.4,5.1,
2022-12-07,atm_ce,True,4551173.0,53.55,114.4,118.0,43.4,
2022-12-07,atm_pe,True,5773651.0,63.05,39.9,81.0,33.3,76.82992783133422
2022-12-07,wing_ce,True,2047551.0,12.45,40.6,43.95,9.45,
2022-12-07,wing_pe,True,1754435.0,15.45,11.05,22.4,7.8,31.219104590534215
2022-12-14,atm_ce,True,2301175.0,71.25,75.0,102.35,54.5,50.73691613258597
2022-12-14,atm_pe,True,2884556.0,47.45,70.2,70.2,34.2,
2022-12-14,wing_ce,True,3019917.0,13.75,18.7,25.9,10.35,24.69643343793353
2022-12-14,wing_pe,True,2123187.0,12.6,18.0,20.0,10.05,
2022-12-28,atm_ce,True,3493865.0,39.55,50.0,75.0,29.25,84.69405399080247
2022-12-28,atm_pe,True,2291668.0,65.15,90.0,118.35,46.4,113.86188925072094
2022-12-28,wing_ce,True,2759840.0,5.4,10.25,15.0,3.85,5.428057196246965
2022-12-28,wing_pe,True,4114977.0,18.4,32.6,50.0,14.0,27.530677055705304
2023-03-01,atm_ce,True,5921903.0,81.8,52.25,92.0,41.05,104.4495900049619
2023-03-01,atm_pe,True,6288950.0,24.1,98.35,104.15,20.55,
2023-03-01,wing_ce,True,2524198.0,14.3,11.0,18.5,10.1,27.955082020064633
2023-03-01,wing_pe,True,1943897.0,4.45,34.85,37.3,3.9,
2023-03-22,atm_ce,True,2986086.0,73.35,110.0,110.0,57.0,61.44096808504172
2023-03-22,atm_pe,True,2987019.0,69.7,74.6,99.55,51.6,
2023-03-22,wing_ce,True,3153356.0,17.2,26.0,32.95,12.8,32.158934719534926
2023-03-22,wing_pe,True,3670264.0,24.2,36.95,39.75,19.0,
2023-04-12,atm_ce,True,4942110.0,78.6,52.8,98.55,38.8,
2023-04-12,atm_pe,True,4992246.0,24.0,49.0,63.0,21.15,
2023-04-12,wing_ce,True,4838898.0,12.5,6.7,19.1,5.05,9.405055327178376
2023-04-12,wing_pe,True,3091763.0,4.85,11.0,13.65,4.25,
2023-04-19,atm_ce,True,5797757.0,28.3,51.0,82.5,21.55,
2023-04-19,atm_pe,True,5297110.0,57.9,43.0,84.7,35.15,84.00081067915585
2023-04-19,wing_ce,True,4527224.0,3.2,11.8,12.85,2.55,
2023-04-19,wing_pe,True,4255012.0,9.05,5.95,18.75,5.95,22.657787966439752
2023-05-03,atm_ce,True,7744175.0,45.6,81.9,81.9,30.0,
2023-05-03,atm_pe,True,6454250.0,51.75,50.0,92.8,41.4,
2023-05-03,wing_ce,True,2610054.0,5.2,15.0,15.0,4.15,
2023-05-03,wing_pe,True,2405370.0,9.6,10.5,22.4,7.65,
2023-06-07,atm_ce,True,4241052.0,93.7,51.25,99.0,42.25,11.948426600463357
2023-06-07,atm_pe,True,4763495.0,17.35,45.0,54.2,14.55,
2023-06-07,wing_ce,True,4937155.0,12.7,6.05,14.9,3.65,13.47543933633122
2023-06-07,wing_pe,True,3006220.0,4.65,9.0,10.65,4.15,
2023-06-14,atm_ce,True,4874774.0,49.8,51.6,58.0,29.5,20.83152176135413
2023-06-14,atm_pe,True,3968514.0,37.55,47.25,82.3,31.6,
2023-06-14,wing_ce,True,2369790.0,3.5,5.65,5.65,3.0,5.792816801150205
2023-06-14,wing_pe,True,3173310.0,7.1,15.0,20.7,6.25,
2023-07-05,atm_ce,True,8126741.0,45.85,52.05,69.5,26.25,88.50310417967674
2023-07-05,atm_pe,True,5911265.0,51.0,64.9,94.0,40.3,59.16491548338869
2023-07-05,wing_ce,True,3455935.0,6.1,10.2,15.45,3.6,18.298361418861447
2023-07-05,wing_pe,True,2870903.0,10.4,18.9,29.7,8.0,
2023-08-16,atm_ce,True,7761849.0,82.0,54.0,96.7,31.4,
2023-08-16,atm_pe,True,7044357.0,24.95,61.0,120.0,19.35,
2023-08-16,wing_ce,True,3599471.0,13.8,15.0,18.75,6.3,
2023-08-16,wing_pe,True,2993688.0,5.45,20.0,42.2,4.45,
2023-08-30,atm_ce,True,6045384.0,9.35,28.15,41.1,8.05,27.8561012157345
2023-08-30,atm_pe,True,3701510.0,113.9,79.95,128.0,47.75,168.8263435795205
2023-08-30,wing_ce,True,2853383.0,2.0,3.2,5.2,1.75,1.932144000340851
2023-08-30,wing_pe,True,4813392.0,22.35,15.0,27.8,6.85,29.126158655875916
2023-09-06,atm_ce,True,5574190.0,58.4,67.3,73.9,17.05,105.9448242475071
2023-09-06,atm_pe,True,5458864.0,18.6,35.9,83.9,13.45,55.984616916037986
2023-09-06,wing_ce,True,3933148.0,4.7,10.5,11.75,1.7,14.297871572355687
2023-09-06,wing_pe,True,3335986.0,2.85,8.8,16.35,2.2,
2023-10-11,atm_ce,True,6330462.0,62.3,59.7,86.65,45.0,
2023-10-11,atm_pe,True,6043100.0,43.8,95.0,95.0,34.2,
2023-10-11,wing_ce,True,3535507.0,8.55,8.2,19.2,6.6,7.1571972908365
2023-10-11,wing_pe,True,2111513.0,9.15,33.0,33.0,7.35,
2023-11-01,atm_ce,True,3796784.0,31.05,115.0,115.05,28.55,
2023-11-01,atm_pe,True,4035923.0,94.6,57.25,107.4,44.85,55.81370838968998
2023-11-01,wing_ce,True,3522590.0,4.75,32.0,34.95,3.5,
2023-11-01,wing_pe,True,3590896.0,28.1,18.2,34.9,11.2,37.33422488206245
2023-11-08,atm_ce,True,5046287.0,36.05,50.1,57.0,24.6,63.08499175699374
2023-11-08,atm_pe,True,3480919.0,52.3,55.0,82.3,40.35,57.20251920371163
2023-11-08,wing_ce,True,2647836.0,3.95,10.0,13.0,3.35,5.034691780608154
2023-11-08,wing_pe,True,2913218.0,6.25,14.0,17.7,5.45,
2023-11-15,atm_ce,True,4218636.0,58.95,41.0,86.45,26.15,
2023-11-15,atm_pe,True,3228398.0,30.7,60.05,97.8,19.8,
2023-11-15,wing_ce,True,3651730.0,6.75,9.25,12.5,3.15,
2023-11-15,wing_pe,True,2377513.0,4.55,15.0,21.75,3.8,
2023-12-06,atm_ce,True,5314702.0,87.95,90.1,117.55,45.65,57.87580959506395
2023-12-06,atm_pe,True,6163854.0,34.8,60.0,88.85,28.6,
2023-12-06,wing_ce,True,2722821.0,21.15,38.9,48.2,11.2,47.1879758353097
2023-12-06,wing_pe,True,2095269.0,8.05,27.6,30.8,6.75,
2023-12-20,atm_ce,True,7494852.0,4.7,66.6,125.0,3.5,16.297122117970815
2023-12-20,atm_pe,True,5813107.0,354.7,61.1,417.5,24.95,341.32186244928107
2023-12-20,wing_ce,True,4227628.0,3.05,26.0,42.7,2.5,13.907859586443948
2023-12-20,wing_pe,True,3582695.0,198.55,21.65,270.0,7.4,191.60817800041175
2023-12-27,atm_ce,True,5151474.0,146.6,63.05,181.55,59.0,
2023-12-27,atm_pe,True,5175471.0,24.75,107.75,107.75,20.25,
2023-12-27,wing_ce,True,6013567.0,52.35,16.45,69.0,12.7,
2023-12-27,wing_pe,True,4142097.0,10.8,40.1,45.05,9.65,
2024-02-21,atm_ce,True,5669153.0,20.85,121.15,140.0,13.6,41.256771638061345
2024-02-21,atm_pe,True,4298621.0,196.9,99.2,247.0,58.0,277.57202257486057
2024-02-21,wing_ce,True,2534526.0,5.15,47.15,49.35,3.3,
2024-02-21,wing_pe,True,2123924.0,92.0,50.0,129.75,20.65,165.02584703153866
2024-04-09,atm_ce,True,4772684.0,42.25,98.1,124.95,34.75,
2024-04-09,atm_pe,True,4814535.0,81.2,59.95,106.6,39.45,
2024-04-09,wing_ce,True,2214374.0,6.6,30.05,38.0,5.6,
2024-04-09,wing_pe,True,1557889.0,27.65,26.95,40.3,15.2,
2024-04-24,atm_ce,True,3504361.0,41.7,64.0,95.65,35.2,79.97434609315582
2024-04-24,atm_pe,True,2678765.0,80.0,91.5,106.95,53.2,
2024-04-24,wing_ce,True,2511566.0,7.15,13.8,27.45,6.3,18.592468180486964
2024-04-24,wing_pe,True,2196457.0,23.25,40.2,50.0,17.05,
2024-05-22,atm_ce,True,5458797.0,105.6,100.0,135.0,64.95,
2024-05-22,atm_pe,True,4906438.0,49.35,100.6,137.65,40.2,
2024-05-22,wing_ce,True,3989022.0,31.2,40.0,47.45,20.6,
2024-05-22,wing_pe,True,3621659.0,18.15,38.6,68.25,14.35,
2024-05-29,atm_ce,True,3980993.0,81.25,150.5,184.15,71.15,
2024-05-29,atm_pe,True,5766309.0,88.2,77.65,120.6,54.0,32.670780581961345
2024-05-29,wing_ce,True,4961401.0,26.15,94.7,94.7,21.2,
2024-05-29,wing_pe,True,3961079.0,35.95,34.5,57.9,22.05,38.08591075372634
2024-06-12,atm_ce,True,8022402.0,52.0,64.95,129.8,45.55,120.43061417619006
2024-06-12,atm_pe,True,6294159.0,127.2,175.0,180.0,66.9,193.38055037279085
2024-06-12,wing_ce,True,2313885.0,15.15,24.75,51.0,12.25,37.95471347437313
2024-06-12,wing_pe,True,2194434.0,53.85,78.3,97.0,30.85,56.47587978109929
2024-07-03,atm_ce,True,7091266.0,67.25,62.05,107.6,47.9,79.31703817161778
2024-07-03,atm_pe,True,4676782.0,83.0,111.0,150.0,55.55,
2024-07-03,wing_ce,True,2201659.0,18.3,25.0,40.25,13.7,34.44193175033329
2024-07-03,wing_pe,True,1995955.0,28.2,55.1,71.2,25.55,
2024-07-31,atm_ce,True,6111695.0,115.3,90.3,139.0,79.35,142.48970528537282
2024-07-31,atm_pe,True,6043009.0,57.15,112.0,112.0,48.95,39.585877813791505
2024-07-31,wing_ce,True,2347798.0,43.2,33.5,57.6,29.35,67.97355226461902
2024-07-31,wing_pe,True,1458982.0,22.6,44.75,50.7,18.6,6.6315357066079486
2024-08-07,atm_ce,True,4103297.0,134.45,108.0,189.0,70.4,201.97302157670214
2024-08-07,atm_pe,True,4539147.0,56.0,110.75,139.0,45.0,
2024-08-07,wing_ce,True,4836467.0,54.85,59.9,95.55,25.8,115.56148983945944
2024-08-07,wing_pe,True,3708569.0,23.1,70.0,75.7,19.25,
2024-08-13,atm_ce,True,2539248.0,46.95,165.0,184.7,40.15,
2024-08-13,atm_pe,True,2892536.0,146.7,78.2,192.8,50.8,
2024-08-13,wing_ce,True,4703823.0,17.35,71.0,92.5,15.5,
2024-08-13,wing_pe,True,4091112.0,64.9,39.7,97.0,19.4,
2024-08-21,atm_ce,True,5499871.0,67.15,52.7,89.9,42.4,77.43172106345294
2024-08-21,atm_pe,True,3587146.0,49.8,124.6,130.6,44.4,
2024-08-21,wing_ce,True,3980942.0,13.7,13.9,24.95,7.85,31.44191291245313
2024-08-21,wing_pe,True,4412643.0,13.65,55.05,57.9,12.0,
2024-09-04,atm_ce,True,5181543.0,79.0,61.1,105.8,50.4,
2024-09-04,atm_pe,True,4080743.0,58.2,75.0,123.25,50.1,85.52767684737654
2024-09-04,wing_ce,True,5017929.0,22.1,31.05,35.5,13.65,
2024-09-04,wing_pe,True,5269849.0,16.75,44.3,80.0,14.4,52.31551552561782
2024-09-18,atm_ce,True,5335714.0,58.85,56.9,95.0,37.6,100.40259828326845
2024-09-18,atm_pe,True,2055056.0,176.8,123.5,264.5,100.4,247.98005727777814
2024-09-18,wing_ce,True,1880871.0,24.85,15.75,39.45,12.7,36.08937765359421
2024-09-18,wing_pe,True,2806930.0,94.75,79.0,162.0,46.8,152.70545463155995
2024-09-25,atm_ce,True,6850894.0,124.5,92.45,152.0,72.35,190.45546941818722
2024-09-25,atm_pe,True,7600288.0,31.9,87.0,95.0,22.55,11.25657028464788
2024-09-25,wing_ce,True,2826650.0,44.9,48.9,58.0,20.1,84.23897367765807
2024-09-25,wing_pe,True,1734635.0,9.95,32.0,41.35,6.8,
2024-10-09,atm_ce,True,4597050.0,26.0,65.55,151.9,21.15,105.74802385316825
2024-10-09,atm_pe,True,2499778.0,218.7,211.85,251.8,66.25,422.4176334796293
2024-10-09,wing_ce,True,4959885.0,8.8,35.0,72.55,7.4,42.219181889335594
2024-10-09,wing_pe,True,6805005.0,109.75,135.5,139.9,29.0,257.80132767600924
2024-10-16,atm_ce,True,3697295.0,86.9,124.05,186.0,66.2,81.29317602627633
2024-10-16,atm_pe,True,5500301.0,50.45,71.7,112.0,26.4,115.73405963001285
2024-10-16,wing_ce,True,7071775.0,26.1,54.2,88.0,19.45,3.6287530085162443
2024-10-16,wing_pe,True,4208473.0,13.7,25.0,46.4,8.8,46.920865372280716
2024-10-30,atm_ce,True,5385513.0,39.35,71.6,122.0,32.45,113.17287179883064
2024-10-30,atm_pe,True,3355897.0,120.75,110.6,164.45,51.65,258.3552535665138
2024-10-30,wing_ce,True,4766208.0,9.1,31.5,44.75,7.8,26.72689859214109
2024-10-30,wing_pe,True,6198180.0,46.9,43.05,75.0,18.05,138.2750536965779
2024-12-11,atm_ce,True,11055672.0,58.2,96.4,110.0,50.35,39.45974521691798
2024-12-11,atm_pe,True,9306410.0,70.6,138.8,146.95,59.3,
2024-12-11,wing_ce,True,7180720.0,20.35,40.55,46.4,15.75,
2024-12-11,wing_pe,True,8751843.0,22.35,75.1,77.95,18.3,
2024-12-18,atm_ce,True,10044217.0,74.8,205.5,243.85,64.4,
2024-12-18,atm_pe,True,15766419.0,73.55,57.6,109.0,30.2,64.8349099952295
2024-12-18,wing_ce,True,6557557.0,35.2,113.65,138.0,29.0,
2024-12-18,wing_pe,True,5146335.0,28.25,28.15,49.0,13.35,44.40379131523937
2025-01-01,atm_ce,True,2167493.0,136.75,93.0,191.0,58.25,203.80111343096655
2025-01-01,atm_pe,True,1851831.0,104.65,178.3,217.45,83.6,220.5057140078351
2025-01-01,wing_ce,True,2580416.0,64.5,47.0,103.35,24.25,105.36394514779502
2025-01-01,wing_pe,True,3142092.0,55.9,94.35,128.95,43.25,139.2637262507154
2025-01-08,atm_ce,True,2007416.0,208.2,253.4,262.0,85.3,374.96440208819416
2025-01-08,atm_pe,True,6285541.0,18.35,46.4,83.7,15.25,
2025-01-08,wing_ce,True,4079227.0,93.75,157.0,157.0,27.75,237.72760266954103
2025-01-08,wing_pe,True,2109845.0,7.45,18.55,34.15,5.95,
2025-01-15,atm_ce,True,5355969.0,37.25,88.75,100.0,25.9,76.99313022773568
2025-01-15,atm_pe,True,4358606.0,72.45,65.15,123.6,50.5,18.795923081040275
2025-01-15,wing_ce,True,3239787.0,9.75,33.0,36.4,7.85,8.486337123724866
2025-01-15,wing_pe,True,3592481.0,21.6,34.95,56.4,17.25,
2025-01-22,atm_ce,True,2848112.0,137.5,133.3,176.0,53.6,276.4757864149469
2025-01-22,atm_pe,True,4118183.0,23.35,81.0,106.35,18.9,112.6359836592768
2025-01-22,wing_ce,True,4596159.0,46.95,89.85,89.85,18.5,117.23986505308176
2025-01-22,wing_pe,True,3006441.0,9.95,48.0,55.8,8.3,55.52367023908476
2025-01-29,atm_ce,True,4843558.0,144.65,67.65,180.7,67.65,24.999456530536754
2025-01-29,atm_pe,True,2740529.0,152.1,203.25,268.5,137.15,98.9436275715576
2025-01-29,wing_ce,True,5449613.0,77.4,35.0,104.6,30.15,40.19454060699959
2025-01-29,wing_pe,True,7915010.0,91.95,111.0,178.6,83.0,90.32129776926195
2025-02-05,atm_ce,True,4533667.0,50.0,81.65,95.0,41.5,65.71945910520766
2025-02-05,atm_pe,True,3582103.0,115.5,102.35,133.0,66.6,76.3730596731745
2025-02-05,wing_ce,True,2474141.0,20.4,27.3,38.35,16.6,31.187860951875003
2025-02-05,wing_pe,True,3340361.0,34.2,35.0,46.15,16.75,
2025-03-19,atm_ce,True,6245044.0,98.25,70.05,116.0,52.8,
2025-03-19,atm_pe,True,5250513.0,65.0,88.05,134.0,58.65,
2025-03-19,wing_ce,True,2932503.0,30.55,23.5,38.55,15.2,
2025-03-19,wing_pe,True,2036414.0,28.6,45.0,64.35,24.25,
2025-04-02,atm_ce,True,7421569.0,80.3,58.85,101.05,47.3,
2025-04-02,atm_pe,True,5357739.0,65.8,150.0,171.9,57.25,
2025-04-02,wing_ce,True,2491213.0,27.8,22.0,37.9,14.3,
2025-04-02,wing_pe,True,2622653.0,25.55,76.5,93.0,20.9,
2025-04-16,atm_ce,True,4694921.0,98.55,60.0,123.4,30.1,
2025-04-16,atm_pe,True,2960122.0,65.1,112.35,158.7,53.5,
2025-04-16,wing_ce,True,4458754.0,42.75,24.85,53.2,10.1,
2025-04-16,wing_pe,True,3485907.0,24.95,49.9,74.85,18.6,
2025-04-29,atm_ce,True,3331793.0,39.55,104.0,149.95,34.7,
2025-04-29,atm_pe,True,3016800.0,72.2,94.9,125.65,41.5,
2025-04-29,wing_ce,True,3348290.0,12.1,35.0,64.5,10.0,
2025-04-29,wing_pe,True,2228802.0,24.05,48.7,61.0,18.35,
2025-05-14,atm_ce,True,4183733.0,85.2,120.95,170.0,51.25,129.89649836864646
2025-05-14,atm_pe,True,3640459.0,100.6,145.35,198.95,60.5,222.51274369155178
2025-05-14,wing_ce,True,4875863.0,38.4,60.0,94.75,22.45,34.66024240334317
2025-05-14,wing_pe,True,5117578.0,42.35,106.2,112.55,26.65,115.31907010100834
2025-05-28,atm_ce,True,3703576.0,96.5,200.0,256.0,84.5,
2025-05-28,atm_pe,True,3436139.0,131.25,152.95,215.0,101.1,232.57884123241732
2025-05-28,wing_ce,True,941571.0,50.9,151.7,178.6,45.75,
2025-05-28,wing_pe,True,1247127.0,62.4,93.75,139.0,42.3,154.3243889607044
2025-06-04,atm_ce,True,5125367.0,89.85,124.0,139.5,65.2,40.925347859358645
2025-06-04,atm_pe,True,4472872.0,71.15,158.2,160.0,60.65,75.29534967040941
2025-06-04,wing_ce,True,1274834.0,41.4,76.05,83.3,32.2,
2025-06-04,wing_pe,True,1392573.0,24.4,90.3,90.3,19.35,12.224357684933134
2025-06-11,atm_ce,True,6500612.0,45.8,49.2,95.95,32.8,96.62321349870282
2025-06-11,atm_pe,True,3680588.0,111.8,113.0,173.95,68.55,159.29746477517708
2025-06-11,wing_ce,True,2032253.0,15.25,17.75,37.5,10.85,37.03801168400019
2025-06-11,wing_pe,True,2083478.0,42.3,73.8,85.0,23.85,74.26455908971862
2025-06-25,atm_ce,True,6590359.0,98.05,77.0,139.25,62.3,146.95199836266988
2025-06-25,atm_pe,True,5623304.0,49.2,105.0,132.0,41.15,
2025-06-25,wing_ce,True,2459437.0,30.0,46.0,53.5,21.25,78.61254032925392
2025-06-25,wing_pe,True,1221398.0,22.15,50.0,60.0,17.85,
2025-07-09,atm_ce,True,4768531.0,42.15,81.8,81.8,34.05,31.970001922594466
2025-07-09,atm_pe,True,3329297.0,96.0,91.95,124.1,57.7,134.5544640548014
2025-07-09,wing_ce,True,3074239.0,13.6,27.0,30.0,10.75,1.8369747660933682
2025-07-09,wing_pe,True,3915885.0,31.2,33.0,48.0,18.4,47.12429091574141
2025-07-23,atm_ce,True,6341993.0,98.3,53.3,104.0,39.5,76.70406897647926
2025-07-23,atm_pe,True,5306836.0,21.55,78.2,95.3,19.4,
2025-07-23,wing_ce,True,3883928.0,23.45,15.0,25.25,10.5,35.622899982610235
2025-07-23,wing_pe,True,3345036.0,7.0,24.95,32.0,6.25,
2025-08-13,atm_ce,True,10201308.0,83.55,63.8,116.0,51.0,145.87085876520896
2025-08-13,atm_pe,True,9660782.0,40.4,89.2,105.0,31.0,11.32794281459871
2025-08-13,wing_ce,True,3854433.0,21.5,18.0,35.65,13.65,59.186289803087035
2025-08-13,wing_pe,True,2810915.0,12.25,37.2,41.0,10.0,
2025-08-20,atm_ce,True,6261099.0,55.25,49.2,72.5,25.4,99.80813697480544
2025-08-20,atm_pe,True,3830904.0,53.05,120.0,145.9,43.5,6.875864612018054
2025-08-20,wing_ce,True,4410958.0,12.65,14.4,20.5,6.55,25.590221755212006
2025-08-20,wing_pe,True,4611078.0,16.3,46.2,57.05,13.15,
2025-09-08,atm_ce,True,9320842.0,35.2,56.35,87.9,27.75,
2025-09-08,atm_pe,True,7382064.0,81.45,92.6,111.0,34.1,
2025-09-08,wing_ce,True,7061816.0,8.65,15.9,24.6,7.35,
2025-09-08,wing_pe,True,6372719.0,24.2,42.0,42.0,9.75,
2025-09-15,atm_ce,True,8672888.0,46.15,88.0,90.0,42.35,
2025-09-15,atm_pe,True,8983586.0,45.85,54.7,67.95,39.3,
2025-09-15,wing_ce,True,3035028.0,8.35,29.0,30.6,7.05,
2025-09-15,wing_pe,True,2212887.0,12.8,21.05,22.1,10.25,
2025-09-22,atm_ce,True,9441369.0,27.15,73.1,88.0,23.05,
2025-09-22,atm_pe,True,10563409.0,93.65,65.0,119.5,36.7,
2025-09-22,wing_ce,True,3695407.0,8.05,29.0,29.0,7.0,
2025-09-22,wing_pe,True,4430747.0,24.55,21.1,37.5,8.25,
2025-10-13,atm_ce,True,10601452.0,81.9,110.0,123.4,55.6,
2025-10-13,atm_pe,True,12175534.0,38.5,47.0,97.45,30.7,
2025-10-13,wing_ce,True,4533212.0,20.4,36.0,45.0,14.8,
2025-10-13,wing_pe,True,3047895.0,12.1,20.0,38.6,9.85,
2025-11-03,atm_ce,True,5575893.0,118.4,147.0,162.1,82.75,
2025-11-03,atm_pe,True,9895732.0,38.8,62.0,97.85,28.15,
2025-11-03,wing_ce,True,4328100.0,41.75,68.0,73.0,33.85,
2025-11-03,wing_pe,True,2625099.0,10.9,20.0,38.3,7.9,
2025-11-10,atm_ce,True,7682086.0,44.55,43.0,76.0,36.85,
2025-11-10,atm_pe,True,4847711.0,76.6,162.55,162.55,56.25,
2025-11-10,wing_ce,True,4506926.0,9.2,9.85,20.95,8.15,
2025-11-10,wing_pe,True,6689366.0,22.05,76.4,76.4,15.55,
2025-11-17,atm_ce,True,10376738.0,73.55,75.2,89.9,48.0,
2025-11-17,atm_pe,True,7340232.0,59.35,128.0,128.4,51.85,
2025-11-17,wing_ce,True,2722020.0,19.35,32.6,34.2,13.3,
2025-11-17,wing_pe,True,3323401.0,17.4,63.0,63.0,15.0,
2025-11-24,atm_ce,True,8973294.0,33.65,104.0,116.0,21.5,
2025-11-24,atm_pe,True,9182469.0,126.8,82.0,163.6,46.5,
2025-11-24,wing_ce,True,3315911.0,8.4,39.2,45.65,6.15,
2025-11-24,wing_pe,True,3771573.0,52.05,48.9,65.15,14.7,
2025-12-08,atm_ce,True,6385664.0,47.2,233.45,233.45,36.1,
2025-12-08,atm_pe,True,9663854.0,85.25,20.0,119.8,12.3,
2025-12-08,wing_ce,True,6607645.0,12.4,110.85,115.0,9.6,
2025-12-08,wing_pe,True,4402844.0,23.65,5.85,43.95,4.7,
2025-12-15,atm_ce,True,7544590.0,47.15,47.7,61.7,24.0,
2025-12-15,atm_pe,True,3574446.0,70.0,95.0,165.85,61.5,
2025-12-15,wing_ce,True,4571083.0,9.7,13.6,14.8,6.0,
2025-12-15,wing_pe,True,8615541.0,17.9,44.0,72.0,15.45,
2025-12-22,atm_ce,True,5884062.0,54.85,28.0,60.9,26.0,
2025-12-22,atm_pe,True,4277509.0,52.0,128.95,128.95,47.05,
2025-12-22,wing_ce,True,3081287.0,10.35,6.9,14.35,6.9,
2025-12-22,wing_pe,True,3516987.0,13.35,50.0,50.0,11.75,
2025-12-29,atm_ce,True,3830494.0,52.1,147.0,159.3,43.6,
2025-12-29,atm_pe,True,7159906.0,46.8,23.0,60.75,10.25,
2025-12-29,wing_ce,True,5960751.0,11.7,51.0,54.0,9.3,
2025-12-29,wing_pe,True,3613990.0,8.15,5.5,13.1,2.8,
2026-01-05,atm_ce,True,11873599.0,12.55,66.0,81.35,9.1,
2026-01-05,atm_pe,True,7694423.0,133.7,60.0,166.6,46.35,
2026-01-05,wing_ce,True,7034330.0,3.0,13.0,19.75,2.0,
2026-01-05,wing_pe,True,10675945.0,37.1,17.55,58.65,13.05,
2026-01-12,atm_ce,True,11273821.0,136.55,89.0,159.0,15.1,
2026-01-12,atm_pe,True,8932992.0,30.15,70.0,225.0,24.0,
2026-01-12,wing_ce,True,6850053.0,49.45,47.0,63.55,5.85,
2026-01-12,wing_pe,True,9413389.0,10.75,32.9,109.7,8.85,
2026-01-19,atm_ce,True,8615982.0,76.4,177.0,177.0,54.6,
2026-01-19,atm_pe,True,10908504.0,54.65,45.1,113.0,34.7,
2026-01-19,wing_ce,True,8795796.0,22.55,67.8,72.2,13.45,
2026-01-19,wing_pe,True,7348131.0,15.05,20.6,43.85,9.65,
2026-02-23,atm_ce,True,6042619.0,119.35,98.65,186.5,69.4,
2026-02-23,atm_pe,True,8302078.0,62.1,109.9,119.0,53.1,
2026-02-23,wing_ce,True,8720038.0,46.15,78.0,92.85,25.55,
2026-02-23,wing_pe,True,6517111.0,29.0,65.0,65.0,24.35,
2026-03-09,atm_ce,True,2065211.0,318.0,191.05,365.8,161.9,
2026-03-09,atm_pe,True,2466234.0,118.15,213.8,297.15,94.55,
2026-03-09,wing_ce,True,5244624.0,217.0,152.25,259.0,101.4,
2026-03-09,wing_pe,True,3488266.0,82.4,118.5,223.5,64.9,
2026-04-06,atm_ce,True,2273217.0,397.3,365.0,425.0,153.0,
2026-04-06,atm_pe,True,2524737.0,75.1,244.15,257.95,66.1,
2026-04-06,wing_ce,True,3875309.0,286.7,216.6,309.85,98.6,
2026-04-06,wing_pe,True,4083144.0,49.9,149.0,184.0,44.75,
2026-04-20,atm_ce,True,4187675.0,85.9,120.0,149.8,54.1,
2026-04-20,atm_pe,True,2117645.0,185.7,182.0,257.75,116.6,
2026-04-20,wing_ce,True,3866268.0,38.4,58.5,78.8,23.6,
2026-04-20,wing_pe,True,5640645.0,117.15,121.0,162.9,65.85,
2026-04-27,atm_ce,True,7778461.0,103.65,150.0,150.0,59.05,
2026-04-27,atm_pe,True,5947528.0,83.7,202.05,202.05,74.5,
2026-04-27,wing_ce,True,2509430.0,44.1,62.65,66.15,25.1,
2026-04-27,wing_pe,True,3232386.0,34.5,173.6,173.6,29.4,
2026-05-04,atm_ce,True,5154312.0,140.2,199.0,268.0,87.6,
2026-05-04,atm_pe,True,8766826.0,83.1,143.45,167.4,42.1,
2026-05-04,wing_ce,True,5786902.0,73.1,105.15,159.8,44.05,
2026-05-04,wing_pe,True,3407148.0,35.55,98.0,98.0,20.75,
2026-05-11,atm_ce,True,6123048.0,79.65,230.0,230.05,65.35,
2026-05-11,atm_pe,True,9740966.0,118.75,89.0,143.0,54.2,
2026-05-11,wing_ce,True,3028683.0,32.65,115.2,115.25,24.55,
2026-05-11,wing_pe,True,3006989.0,55.05,36.8,74.0,22.0,
2026-05-25,atm_ce,True,4233155.0,146.7,109.0,192.9,85.1,
2026-05-25,atm_pe,True,5559388.0,42.05,114.65,130.05,27.5,
2026-05-25,wing_ce,True,4092535.0,64.8,59.7,90.0,31.85,
2026-05-25,wing_pe,True,3499612.0,15.6,61.0,74.0,11.65,
2026-06-08,atm_ce,True,7887766.0,66.45,124.0,174.7,55.0,
2026-06-08,atm_pe,True,8274151.0,133.05,149.0,181.85,74.6,
2026-06-08,wing_ce,True,3112359.0,25.8,68.9,91.55,20.45,
2026-06-08,wing_pe,True,3276815.0,62.95,79.9,102.85,35.2,
2026-06-15,atm_ce,True,7216378.0,74.2,145.1,166.9,58.45,
2026-06-15,atm_pe,True,9399679.0,99.4,70.5,128.45,58.75,
2026-06-15,wing_ce,True,3864116.0,28.55,80.15,84.9,21.05,
2026-06-15,wing_pe,True,3246097.0,38.3,30.0,55.0,20.7,
2026-06-22,atm_ce,True,7560987.0,73.55,89.9,108.0,63.5,
2026-06-22,atm_pe,True,8010738.0,55.5,93.0,99.4,40.5,
2026-06-22,wing_ce,True,2849956.0,18.75,49.0,49.0,13.6,
2026-06-22,wing_pe,True,1914200.0,16.15,48.0,48.0,10.9,
2026-07-06,atm_ce,True,7457386.0,43.95,26.5,68.5,15.25,
2026-07-06,atm_pe,True,3918625.0,75.85,186.05,210.55,66.05,
2026-07-06,wing_ce,True,4856300.0,8.55,6.9,17.6,4.1,
2026-07-06,wing_pe,True,5904827.0,21.6,85.0,100.75,17.0,
2026-07-20,atm_ce,True,10728547.0,99.25,120.0,137.2,47.1,
2026-07-20,atm_pe,True,10410708.0,53.1,106.0,132.8,45.15,
2026-07-20,wing_ce,True,4144703.0,30.6,68.95,68.95,14.7,
2026-07-20,wing_pe,True,3083179.0,18.35,52.0,56.0,15.35,
2026-07-27,atm_ce,True,7424485.0,108.0,85.0,120.0,57.0,
2026-07-27,atm_pe,True,7465095.0,32.45,101.45,104.3,26.0,
2026-07-27,wing_ce,True,5413877.0,32.95,50.0,50.0,16.25,
2026-07-27,wing_pe,True,4580234.0,9.55,49.85,49.85,8.45,
2026-08-03,atm_ce,True,11372067.0,45.5,47.9,66.0,29.6,
2026-08-03,atm_pe,True,7655713.0,69.2,109.95,118.95,52.1,
2026-08-03,wing_ce,True,3490451.0,11.0,11.1,16.85,6.4,
2026-08-03,wing_pe,True,2804537.0,18.35,48.95,48.95,10.8,
2026-08-10,atm_ce,True,8379660.0,77.05,109.65,114.0,67.6,
2026-08-10,atm_pe,True,8133717.0,72.5,99.9,128.45,64.65,
2026-08-10,wing_ce,True,2570101.0,22.65,51.75,54.95,20.35,
2026-08-10,wing_pe,True,2706650.0,24.05,47.25,58.25,20.25,
2026-09-07,atm_ce,True,2997524.0,92.3,164.7,184.95,78.35,
2026-09-07,atm_pe,True,8248854.0,41.5,31.0,54.95,20.55,
2026-09-07,wing_ce,True,5736012.0,29.55,119.25,119.25,24.1,
2026-09-07,wing_pe,True,3798587.0,9.15,7.95,16.05,4.85,
2026-09-21,atm_ce,True,8856058.0,88.1,57.0,109.4,49.0,
2026-09-21,atm_pe,True,8115411.0,46.15,110.3,115.0,40.6,
2026-09-21,wing_ce,True,3556455.0,20.05,15.5,33.0,12.85,
2026-09-21,wing_pe,True,2325721.0,16.35,47.4,47.4,14.4,
