date,lot,atm,wing_ce,wing_pe,dte,iv,expansion,spot_entry,spot_1230,credit_pts,entry_turnover_inr,debit_bs,debit_bs_1530,debit_real,front_expiry,expiry_is_trade_date,friction,net_A,net_bs_1530,net_real,credit_corrected,net_D,mark_valid
2021-01-06,75,14200.0,14350.0,14050.0,2.0,0.17480993380304427,0.6038210700645599,14208.0,14148.7,97.47479537950721,9537.247690784761,51.647578079000525,66.85062493981853,87.45,2021-01-07,False,648.3372476907847,2788.704049847217,1648.4755352858665,103.52240577225609,92.98586963608227,2452.034619090346,True
2021-01-21,75,14750.0,14900.0,14600.0,1.0,0.14527006826829159,0.6093724144444441,14745.5,14586.0,61.56633407353269,4752.694334315356,146.762701838165,117.76095228925348,143.3,2021-01-21,True,643.5526943343153,-7033.2802766817385,-4858.149060513375,-6773.577638819365,73.14144435986645,-6165.147005206705,False
2021-03-03,75,15100.0,15250.0,14950.0,2.0,0.21896370234433554,0.5980724178768057,15098.2999,15248.1,109.33640568940746,12683.39605201727,135.70786247665959,132.0029970397557,120.64999999999999,2021-03-04,False,651.4833960520173,-2629.3426550959266,-2351.4777473281365,-1500.0029693464573,116.55107577540184,-2088.242398646348,True
2021-03-09,75,15000.0,15150.0,14850.0,2.0,0.293719331244938,0.45338187296100546,15006.1,15114.0,118.94752495135799,16908.59120372279,108.88961731047355,95.93555496255269,110.60000000000001,2021-03-10,False,655.7085912037228,98.63448186260996,1070.189157956675,-29.64421985187414,114.99396108446535,-197.88280815433774,True
2021-03-17,75,14850.0,15000.0,14700.0,2.0,0.2472826556069776,0.5128217671940649,14855.6,14698.7999,113.11370711973768,14093.562147988223,136.09125135840898,131.32121184111548,102.70000000000002,2021-03-18,False,652.8935621479882,-2376.2093800483353,-2018.4564162513234,128.13447183233677,112.76890321933433,-2402.0696725785865,True
2021-05-05,75,14550.0,14700.0,14400.0,2.0,0.25438645403366533,0.46168795965576476,14570.3999,14621.3999,113.48844043733288,14261.19440729185,71.93355454011217,84.47709365650236,108.99999999999999,2021-05-06,False,653.0611944072919,2463.555247884262,1522.7898141549974,-316.4281616073245,112.90796384433634,2420.0195034095204,True
2021-05-06,75,14700.0,14850.0,14550.0,1.0,0.2443828639993444,0.5878657391293843,14694.7,14721.2,88.8761595688054,7961.468242338742,33.530265418765694,40.05260879471243,17.5,2021-05-06,True,646.7614682423387,3504.1805930106398,3015.0048398146346,4706.450499418066,90.85870286496174,3652.8713402223652,False
2021-05-19,75,15100.0,15250.0,14950.0,2.0,0.17817056623753158,0.5252962820382959,15090.5,15033.2999,101.07731543701084,10333.156544319514,66.80623803565528,80.08481635263507,93.75,2021-05-20,False,649.1331565443195,1921.197648557347,925.3042747838629,-99.58449876850659,101.40096452244597,1945.4713299649823,True
2021-06-02,75,15500.0,15650.0,15350.0,2.0,0.1556241460563615,0.6079021754446045,15498.7999,15573.3999,96.11119520079728,9253.4496701232,73.41082519211217,90.44382991772545,98.35,2021-06-03,False,648.0534496701232,1054.4743009812603,-223.00105343973587,-815.9638096103265,96.48497651658772,1082.5078996655432,True
2021-06-03,75,15650.0,15800.0,15500.0,1.0,0.14498127453494813,0.6079287837719879,15651.2,15695.6,64.52770934363559,5026.047764415534,45.97886460402261,38.88767930324193,35.65,2021-06-03,True,643.8260477644155,747.337307706558,1279.176205265109,1522.0021530082538,68.33057453762592,1032.5521972558327,False
2021-06-09,75,15800.0,15950.0,15650.0,2.0,0.1390241912612692,0.5977319215920927,15783.6,15639.3999,92.00345093100327,8479.227635489087,145.61252511621439,144.63417293634157,120.3,2021-06-10,False,647.2792276354891,-4667.959791526323,-4594.583378035862,-2769.5204078102433,94.73165641769356,-4463.344380024551,True
2021-06-30,75,15800.0,15950.0,15650.0,2.0,0.1389879740448669,0.5764348165116032,15819.3999,15714.1,92.09444633280282,8509.277789600743,85.89019257279996,70.20743446508394,88.1,2021-07-01,False,647.3092777896006,-181.9902457893864,994.2166122893157,-347.72580282938884,95.2092798725298,51.62226969013773,True
2021-09-08,50,17300.0,17450.0,17150.0,2.0,0.13246064643841238,0.5768253728834202,17310.2999,17350.5999,93.80929423856242,5876.723813337958,50.82107980834555,66.02637868127741,87.75000000000001,2021-09-09,False,494.67672381333796,1654.7339976975054,894.4690540509125,-191.71201188521786,97.1568327750665,1822.1109245227099,True
2021-09-22,50,17550.0,17700.0,17400.0,2.0,0.15062931406777352,0.5512828609253728,17574.7,17535.5999,100.68091384508443,6837.129566845624,24.1391785652895,21.130092986346003,94.70000000000002,2021-09-23,False,495.63712956684566,3331.4496344229015,3481.903913370076,-196.59143731262486,108.27595576180738,3711.201730259049,True
2021-09-29,50,17650.0,17800.0,17500.0,2.0,0.16187654472421853,0.4809528788453056,17644.5,17701.7,103.58112331529037,7309.1030315662465,52.50062338732948,60.17436342255123,96.85000000000001,2021-09-30,False,496.10910303156624,2057.915893366478,1674.2288916053906,-159.5529372670482,101.75045882402719,1966.382668803319,True
2021-09-30,50,17650.0,17800.0,17500.0,1.0,0.17513857872691002,0.6450232607160012,17672.0,17628.9,82.06758761674132,4651.219446249115,30.185060036267025,44.88202475356615,30.299999999999997,2021-09-30,True,493.4512194462491,2100.675159577466,1365.8269237125096,2094.928161390817,78.07120941392941,1900.8562494368703,False
2021-10-14,50,18300.0,18450.0,18150.0,1.0,0.14957775055896488,0.5851445203045174,18293.4492,18340.0508,74.74155991937346,4049.4437567753266,41.80283594425254,40.95160298000909,33.8,2021-10-14,True,492.8494437567753,1154.0867549992704,1196.6484032114429,1554.2285522118977,74.0312734485974,1118.5724314604677,False
2021-10-27,50,18300.0,18450.0,18150.0,2.0,0.16072493693325673,0.46385593647982953,18313.9004,18227.4492,104.85434625955486,7545.425445766341,72.64271789103508,116.41179538905624,98.5,2021-10-28,False,496.34542544576635,1114.2359929802228,-1074.2178819208352,-178.6281124680234,109.74549057361901,1358.7932086834303,True
2021-11-10,50,17950.0,18100.0,17800.0,2.0,0.1582649508723989,0.4405466700395659,17966.5508,18011.8496,103.47883446604101,7298.669038751177,62.141447683747835,62.23800122285926,105.15,2021-11-11,False,496.0986690387512,1570.7706700759072,1565.9429931203363,-579.6569457367011,101.40758935525855,1467.2084145367846,True
2021-11-24,50,17600.0,17750.0,17450.0,2.0,0.16716844087000932,0.6116613111660292,17588.4004,17415.0508,104.8534874174893,7536.189605758591,148.3626859794097,149.9939571125724,113.7,2021-11-25,False,496.3361896057586,-2671.796117701778,-2753.359674359913,-938.6618187312935,108.55108338328182,-2486.916319412152,True
2021-12-01,50,17150.0,17300.0,17000.0,2.0,0.2190850130328908,0.5719300976708178,17141.8008,17166.9004,113.9192706227177,9612.366011023369,32.97286500810977,42.74892224662735,100.14999999999999,2021-12-02,False,498.4123660110234,3548.907914719373,3060.1050527934935,190.05116512486228,113.79630475432623,3542.759621299799,True
2021-12-08,50,17450.0,17600.0,17300.0,2.0,0.18937675944063814,0.6373072124444473,17429.9004,17473.0,109.49889082750133,8484.565722559046,32.52060178087957,30.133938901881404,95.0,2021-12-09,False,497.2845657225591,3351.629886608529,3470.963030558437,227.65997565250728,113.2334653656917,3538.3586135180476,True
2021-12-22,50,16900.0,17050.0,16750.0,2.0,0.20952013696078214,0.48057101794903856,16882.9004,16946.75,111.94948282869609,9076.739374888257,49.83458001111291,68.71422128363464,100.1,2021-12-23,False,497.87673937488825,2607.868401504271,1663.8863378781841,94.59740205991653,113.89659822351405,2705.224171245169,True
2021-12-29,50,17200.0,17350.0,17050.0,2.0,0.1584629370225593,0.6444305173671306,17212.9492,17218.5996,101.67083722582856,6992.244510446653,26.632050302410608,23.319570004901525,93.9,2021-12-30,False,495.79224451044666,3256.147101660451,3421.771116535905,-107.25038321901877,107.49965265610035,3547.5878731740404,True
2022-01-12,50,18200.0,18350.0,18050.0,2.0,0.170915644611232,0.49609150940872415,18195.1504,18215.0996,107.0102500318194,7956.661218059253,27.69658812474224,24.89172976491858,94.0,2022-01-13,False,496.75666121805926,3468.926434135798,3609.1693521269813,153.75584037291054,106.49537846542717,3443.1828558161865,True
2022-02-02,50,17750.0,17900.0,17600.0,2.0,0.26402288737241186,0.3327263080106339,17749.5996,17778.1504,120.72818051448303,11985.040341812146,43.89441658000747,51.084668884313416,97.80000000000001,2022-02-03,False,500.78504034181213,3340.903156381966,2981.3905411666688,645.6239853823388,129.22155165137883,3765.571713226756,True
2022-02-09,50,17400.0,17550.0,17250.0,2.0,0.1890915328497067,0.4942650656886299,17418.0,17463.3496,109.27159010987907,8449.451122187475,63.9920677925467,71.84954010378856,96.9,2022-02-10,False,497.2494511221875,1766.7266647444312,1373.8530491823383,121.33005437176581,114.18501280187684,2012.3977993443195,True
2022-02-23,50,17150.0,17300.0,17000.0,2.0,0.2767868552869187,0.35764758989489803,17157.4004,17047.75,121.08909638162186,12146.053315794597,98.94043560321576,93.21169888888191,102.35,2022-02-24,False,500.9460533157946,606.4869856045102,892.9238213212027,436.0087657652985,117.13931555652198,408.99794434951633,True
2022-03-02,50,16500.0,16650.0,16350.0,3.0,0.3606028365576639,0.41000409943380484,16508.1992,16607.75,131.91075896319308,19651.633670048068,100.9314004869667,112.83379226676793,124.45000000000005,2022-03-03,False,508.45163367004807,1040.516290141271,445.3967011512092,-135.4136855103966,126.94146151418136,792.051417690685,True
2022-03-10,50,16650.0,16800.0,16500.0,1.0,0.34343379306141286,0.6220241573419246,16673.1992,16615.6504,109.48196588213295,8499.641373265786,53.127060601775405,85.88816550132759,52.650000000000006,2022-03-10,True,497.2996413732658,2320.445622644612,682.3903776670022,2344.2986527333815,113.79575781325775,2536.1352192008517,False
2022-03-16,50,16900.0,17050.0,16750.0,2.0,0.36495046750176696,0.278802875497568,16914.0508,16978.4492,127.57234672418053,15789.717633028295,80.61973212024823,72.72686975480417,123.89999999999998,2022-03-17,False,504.58971763302833,1843.041012563587,2237.68413083579,-320.9723814240005,125.36329422638937,1732.5883876740288,True
2022-03-17,50,17300.0,17450.0,17150.0,1.0,0.352254743115045,0.5468335822978408,17311.3008,17272.9004,111.64297630923556,9012.279119581217,52.806437328355,48.34959022316549,22.400000000000002,2022-03-17,True,497.8122791195812,2444.014669924447,2666.8570251839224,3964.336536342197,112.88551704396741,2506.1417066610393,False
2022-04-27,50,17050.0,17200.0,16900.0,2.0,0.18550898015964773,0.49496137647993493,17030.3008,17036.0508,107.84317866031779,8122.51641382004,27.642326210185548,27.127582008200203,101.25000000000001,2022-04-28,False,496.92251641382006,3513.120106092792,3538.857316192059,-167.26358339793126,115.27191148503516,3884.5567473286605,True
2022-06-01,50,16550.0,16700.0,16400.0,2.0,0.23061182300094518,0.4864303998058282,16571.6992,16528.5996,114.53361896871729,9805.522840249887,35.09747584395121,31.323254322201592,103.05,2022-06-02,False,498.6055228402499,3473.201633398055,3661.9127094855353,75.57542559561483,112.56447922919597,3374.744646421989,True
2022-06-15,50,15750.0,15900.0,15600.0,2.0,0.2673555757990107,0.3702095520715575,15767.7002,15693.6504,117.62927237915574,10798.139644112052,59.675228666800535,68.69496526997975,117.9,2022-06-16,False,499.59813964411205,2398.1040459736478,1947.1172158146874,-513.1345206863255,116.88123068193545,2360.7019611126334,True
2022-07-07,50,16100.0,16250.0,15950.0,1.0,0.21773761618416754,0.5030394399966323,16104.1504,16127.4004,87.62720519505842,5179.464227668859,36.11999610953337,43.6305559134482,32.4,2022-07-07,True,493.97946422766887,2081.380990048584,1705.8529998528425,2267.3807955252523,85.08987319240873,1954.5143899160994,False
2022-07-13,50,16050.0,16200.0,15900.0,2.0,0.20136251388583332,0.43291934145433125,16071.75,15959.4004,108.66253481633703,8316.396888905274,90.24537238030939,74.3858986892136,108.5,2022-07-14,False,497.1163968889053,423.7417249124766,1216.715409467266,-488.98965607205383,106.42079702360797,311.6548352760239,True
2022-07-20,50,16600.0,16750.0,16450.0,2.0,0.1638736571604386,0.4672251125841057,16577.5996,16516.1992,101.85348630140334,7009.700173126248,83.75293910167277,103.70226087512093,95.94999999999999,2022-07-21,False,495.80970017312626,409.21765981340224,-588.2484288590058,-200.63538510295888,101.19844402667195,376.46554607683294,True
2022-08-10,50,17500.0,17650.0,17350.0,3.0,0.16834668109659107,0.5742768179427555,17510.0508,17537.6504,114.32429340560611,9737.915470098596,40.47164242881951,30.767665643673027,107.95000000000002,2022-08-11,False,498.5379154700986,3194.094633369232,3679.2934726265557,-179.8232451897938,111.9184979243455,3073.8048593062013,True
2022-08-11,50,17650.0,17800.0,17500.0,1.0,0.21424012633506206,0.45198586819510583,17673.25,17652.9492,92.01664734372548,5663.820765867558,30.26425974720524,31.509210757712843,19.1,2022-08-11,True,494.4638207658676,2593.1555590601442,2530.908008534764,3151.368546420407,80.18773659197586,2001.7100214726634,False
2022-08-25,50,17700.0,17850.0,17550.0,1.0,0.16422109850216654,0.625377803926675,17695.9492,17498.9004,77.88716026303814,4294.4571369975165,149.5632459804733,149.05986019242033,142.95,2022-08-25,True,493.0944571369975,-4076.898743008756,-4051.7294536061067,-3746.23644398509,76.6256265456509,-4139.975428878118,False
2022-09-07,50,17650.0,17800.0,17500.0,2.0,0.20151560583617528,0.5616774391164674,17625.1992,17617.0996,112.22175207521514,9143.594763811825,39.70136020626914,32.95114804932282,107.29999999999998,2022-09-08,False,497.94359476381186,3128.075998683488,3465.5866065308037,-251.8559910030542,111.58373006169086,3096.174898007274,True
2022-09-08,50,17750.0,17900.0,17600.0,1.0,0.21562819584738463,0.4242146325811549,17747.9492,17796.3496,91.9588177318642,5651.605161550287,50.52563044315015,53.479872978882355,49.550000000000004,2022-09-08,True,494.4516051615503,1577.2077592741523,1429.495632487542,1625.9892814316597,88.62350822840835,1410.44228410136,False
2022-10-06,50,17350.0,17500.0,17200.0,2.0,0.16318798611406232,0.516090239982018,17374.25,17331.0996,103.53113971551238,7310.485873387688,27.43526499643897,36.92932531298091,17.05,2022-10-06,True,496.1104858733877,3308.683250080283,2833.9802342531857,3827.946499902231,113.75579608887892,3819.916068748609,False
2022-10-19,50,17550.0,17700.0,17400.0,2.0,0.17442560692783443,0.4235801115015369,17532.3496,17509.3496,106.53694833927693,7856.508938554498,43.26331540321827,36.0693495285764,95.2,2022-10-20,False,496.6565089385545,2667.0251378643784,3026.7234315964724,70.190908025292,110.43001490121742,2861.6784659614027,True
2022-11-02,50,18100.0,18250.0,17950.0,2.0,0.16435573654714963,0.5611967965277396,18080.9492,18082.6504,105.43258072694789,7641.948960445916,27.6522068237509,33.46023506349756,110.49999999999999,2022-11-03,False,496.4419489604459,3392.5767461994033,3102.175334212071,-749.8129126130507,103.99456467082928,3320.6759433934726,True
2022-11-16,50,18400.0,18550.0,18250.0,2.0,0.1261542282579467,0.6269972450789543,18423.6504,18412.0508,94.88771077669207,6015.050367158028,20.967386026185984,18.92592643541555,87.65,2022-11-17,False,494.81505036715805,3201.2011871581467,3303.274166696668,-132.9295115325546,98.28335883803675,3370.9835902253803,True
2022-11-17,50,18400.0,18550.0,18250.0,1.0,0.14215501451399176,0.604765278275763,18391.1992,18323.1504,72.40098921527022,3877.169287352899,76.85498630921055,66.1418676221065,36.7,2022-11-17,True,492.6771692873529,-715.3770239843694,-179.7210896291673,1292.3722914761577,66.02022446166154,-1034.415261664803,False
2022-11-23,50,18250.0,18400.0,18100.0,2.0,0.1125234725838527,0.6051265354214124,18270.6504,18271.5,88.9363258966655,5319.291424535049,24.63218836015159,16.712211265226607,82.25,2022-11-24,False,494.11929142453505,2721.08758540116,3117.086440147409,-159.80299659126035,94.64487383312053,3006.514982223912,True
2022-11-30,50,18650.0,18800.0,18500.0,2.0,0.13984448086004708,0.40198036051462366,18649.8008,18765.1992,99.64367897334387,6670.063444849075,114.06537087904877,124.19883215756882,95.69999999999999,2022-12-01,False,495.4700634448491,-1216.5546587300942,-1723.2277226560966,-298.28611477765514,97.25436542339821,-1336.020336227377,True
2022-12-01,50,18850.0,19000.0,18700.0,1.0,0.14713561691809446,0.593552178002504,18845.0996,18808.1504,75.39747420543063,4099.35400804934,43.43438827827999,49.900696212885194,33.85,2022-12-01,True,492.89935400804933,1105.2549423494825,781.9395456192221,1584.474356263482,72.66576981347521,968.6697227517116,False
2022-12-07,50,18600.0,18750.0,18450.0,2.0,0.15079113590996712,0.6193746340530123,18593.9004,18553.5996,102.81115615201134,7175.877327022317,47.538163395658074,49.40097583527543,88.69999999999999,2022-12-08,False,495.9758773270223,2267.6737604906407,2174.533138509773,209.58193027354503,99.74642962050439,2114.4374339152932,True
2022-12-14,50,18650.0,18800.0,18500.0,2.0,0.14450924775097518,0.2728529602620803,18672.5,18667.0996,101.42735357937227,6955.073681848626,25.70047174576814,22.22113580590988,92.35,2022-12-15,False,495.7550736818486,3290.589017998358,3464.555814991271,-41.88739471323504,96.25735106990805,3032.0888925251475,True
2022-12-28,50,18150.0,18300.0,18000.0,2.0,0.13665052948985246,0.5551105901753262,18134.8008,18125.6992,97.60572998794032,6369.332529123221,28.586920503190708,43.92134646468258,80.9,2022-12-29,False,495.1693325291232,2955.7711417083574,2189.0498436337643,340.11716686789265,102.14205223410818,3182.58725401675,True
2022-12-29,50,18000.0,18150.0,17850.0,1.0,0.1420901348488406,0.6227638487434939,18019.0508,18195.6504,72.05143487415717,3854.63539136108,149.60052959903754,149.91547158970565,149.9,2022-12-29,True,492.65463539136107,-4370.10937163538,-4385.856471168785,-4385.0828916835035,70.03216932133978,-4471.07264927625,False
2023-03-01,50,17400.0,17550.0,17250.0,2.0,0.14986363989766688,0.6194095329336021,17415.5996,17447.0996,99.81507256967507,6700.8760582860305,47.83778194039006,57.509919340976545,87.15,2023-03-02,False,495.50087605828605,2103.3636554059644,1619.75678537664,137.75275242546707,98.3233474967501,2028.7774017597162,True
2023-03-22,50,17150.0,17300.0,17000.0,2.0,0.1681368573801592,0.5757675110512864,17154.3008,17159.9492,103.9476687049123,7377.4479645891915,24.36972353803436,23.726062370265815,101.65,2023-03-23,False,496.1774479645892,3482.7198103793075,3514.9028687677346,-381.29401271897433,106.23288026540149,3596.980388403767,True
2023-04-12,50,17750.0,17900.0,17600.0,2.0,0.11025008343625817,0.5257835280573808,17771.3496,17812.25,86.61801029217577,5080.053417052295,62.257937313034,67.90298869788258,85.25,2023-04-13,False,493.8800534170523,724.1235955400361,441.8710262976073,-425.4795388082639,87.38203769058941,762.3249654607184,True
2023-04-19,50,17650.0,17800.0,17500.0,2.0,0.10634723978582769,0.4526488988682088,17662.3008,17628.5996,84.01135151827452,4827.146234649763,23.773826223341835,40.028492829808535,73.95,2023-04-20,False,493.6271462346498,2518.2491185119843,1705.5157881886494,9.44042967907626,85.2054398875996,2577.953536978238,True
2023-05-03,50,18100.0,18250.0,17950.0,2.0,0.11018702771980315,0.5490285462851007,18079.80078125,18098.0,87.50148422653388,5161.267660105432,15.991962133556738,21.54599099232151,82.55,2023-05-04,False,493.9612676601054,3081.514836988751,2803.813394050513,-246.3870563334115,66.54231858762574,2033.5565550433448,True
2023-06-01,50,18550.0,18700.0,18400.0,1.0,0.15608635971788315,0.5387053664776098,18554.5,18491.35,77.68601874342608,4279.491344520466,59.09835149028611,64.16262198086768,50.6,2023-06-01,True,493.0794913445205,436.3038713124776,183.09034678339907,861.2214458267833,58.796832357406686,-508.15544798849186,False
2023-06-07,50,18650.0,18800.0,18500.0,2.0,0.09771248843986541,0.3614180171381474,18662.65,18726.95,82.50707867969231,4689.420970548963,76.94995860865369,80.34972716003892,93.70000000000002,2023-06-08,False,493.48942097054896,-215.63341741861768,-385.6218449878795,-1053.1354869859342,86.57199562464984,-12.387570170741128,True
2023-06-14,50,18750.0,18900.0,18600.0,2.0,0.10866926292423157,0.5184623801003088,18740.05,18758.25,88.09312668790517,5224.676499953694,17.575299620369567,16.259532255041556,76.75,2023-06-15,False,494.0246764999537,3031.8666768768267,3097.6550451432267,73.13165789530473,86.59202594334783,2956.81163964896,True
2023-07-05,50,19400.0,19550.0,19250.0,2.0,0.11094310597050935,0.5590091140333779,19383.6,19410.65,91.02232305174812,5540.932645274188,19.23750110370266,21.34322250895326,80.35,2023-07-06,False,494.3409326452742,3094.900164756999,2989.6140944944686,39.275219942131855,91.49734465175197,3118.6512447571918,True
2023-08-16,50,19400.0,19550.0,19250.0,3.0,0.09836792649235579,0.6416682823778703,19401.1,19461.75,97.08123142166414,6301.015249895863,61.7563094272403,47.08665668517153,87.7,2023-08-17,False,495.10101524989585,1271.145084471296,2004.6277215747348,-26.03944416668884,91.00073200701945,967.1201137390615,True
2023-08-30,50,19450.0,19600.0,19300.0,2.0,0.09484867735300215,0.35559004523251436,19443.8,19344.5,82.92059207865486,4723.747859343712,105.45420955415531,107.93128240098987,98.9,2023-08-31,False,493.5237478593437,-1620.2046216343663,-1744.0582639760942,-1292.4941439266008,87.40371223757347,-1396.0486136884358,True
2023-09-06,50,19550.0,19700.0,19400.0,2.0,0.0969389782520011,0.6191559633159283,19540.85,19615.25,84.39526011650673,4859.393576965158,65.25282764791919,68.90127566747577,69.45,2023-09-07,False,493.65939357696516,463.46222985241207,281.0398288745829,253.6036122483714,82.47896310157876,367.6473791060132,True
2023-10-11,50,19800.0,19950.0,19650.0,2.0,0.12876025273930286,0.5201097730458449,19805.9,19809.85,98.65632873453251,6525.330597546781,21.846001387930325,21.466041908762012,88.39999999999999,2023-10-12,False,495.3253305975468,3345.191036732562,3364.189010690978,17.49110612907907,96.7495636719409,3249.852783602982,True
2023-10-12,50,19800.0,19950.0,19650.0,1.0,0.12696018524002284,0.6374930557483921,19817.35,19799.2,70.96649045188087,3777.717809837668,20.067064784983458,24.519999314145064,6.2,2023-10-12,True,492.5777178098377,2052.393565535033,1829.7468390769525,2745.746804784206,71.70065103225181,2089.10159455358,False
2023-11-01,50,19050.0,19200.0,18900.0,2.0,0.13366187120322137,0.4977483673427378,19046.0,18990.6,98.59129104625708,6513.212566910079,59.566133088261566,59.76223861673536,92.79999999999998,2023-11-02,False,495.31321256691007,1455.9446853328657,1446.1394089091762,-205.74866025405504,94.8878996645476,1270.7751162473917,True
2023-11-08,50,19450.0,19600.0,19300.0,2.0,0.12013077552895995,0.375911986274043,19431.45,19449.3,94.9933247908275,6018.545279666614,18.65094971598575,21.68727961377929,78.14999999999999,2023-11-09,False,494.81854527966664,3322.3002084624213,3170.4837135727444,347.34769426170885,89.48995139768363,3047.1315388052276,True
2023-11-09,50,19450.0,19600.0,19300.0,1.0,0.13006609418895093,0.5686650025200065,19444.25,19393.1,70.47686306339858,3741.84557660692,57.111747316436045,46.68495207154598,53.85,2023-11-09,True,492.54184557660693,175.71394177151996,697.0537040160232,338.80130759332206,66.21123128065653,-37.567647365582445,False
2023-11-15,50,19650.0,19800.0,19500.0,3.0,0.0897799267107621,0.5705257390887976,19630.85,19677.4,93.82886347264821,5871.927479195983,28.31802164707331,27.792826371631183,78.35000000000001,2023-11-16,False,494.671927479196,2780.870163799549,2807.1299275716556,279.271246153214,91.47875960344254,2663.3649703392657,True
2023-12-06,50,20900.0,21050.0,20750.0,2.0,0.14752302083652463,0.3826344167422415,20895.6,20939.35,106.6592234083746,7886.342299000171,42.3110971828063,39.62999191050565,93.55,2023-12-07,False,496.68634229900016,2720.719968979415,2854.7752325944475,158.77482811973,105.66896038869072,2671.206817995221,True
2023-12-07,50,20900.0,21050.0,20750.0,1.0,0.15865337675902996,0.6469610274279171,20904.1,20902.75,84.79343974033054,4899.236806187764,26.54932066905514,29.524328440219012,5.699999999999999,2023-12-07,True,493.6992368061878,2418.506716757582,2269.756328199389,3460.972750210339,81.00777189058863,2229.2233242704865,False
2023-12-20,50,21500.0,21650.0,21350.0,2.0,0.12768456855323163,0.6167978681903333,21516.2,21142.35,102.0419143084091,7053.131874905193,150.0,150.0,157.79999999999995,2023-12-21,False,495.8531318749052,-2893.75741645445,-2893.75741645445,-3283.7574164544476,104.76602330573314,-2757.551966588248,True
2023-12-27,50,21550.0,21700.0,21400.0,2.0,0.14285735450219367,0.5889660864738319,21540.45,21668.5,106.63936503077639,7880.788546316762,116.00181445321215,98.32017665623897,108.19999999999999,2023-12-28,False,496.68078854631676,-964.8032596681047,-80.72136981944584,-574.7125370074967,95.76491734974798,-1508.5256437195253,True
2024-02-21,50,22200.0,22350.0,22050.0,2.0,0.16460905378218738,0.4050018696761431,22223.15,22095.05,113.09500941049282,9396.189386592232,103.11541419314187,143.73767598387477,120.6,2024-02-22,False,498.19618938659227,0.7835714809551177,-2030.3295180556895,-873.4457188619509,113.11827415793414,1.9468088530209684,True
2024-03-07,50,22500.0,22650.0,22350.0,1.0,0.14881897119339554,0.6449117957036917,22480.75,22500.75,85.89404943630961,5001.552760011145,26.72367293607587,29.88726057112391,8.8,2024-03-07,True,493.80155276001113,2464.717272251676,2306.5378904992745,3360.90091905547,85.98184638026305,2469.107119449348,False
2024-04-09,50,22700.0,22850.0,22550.0,2.0,0.13385262560565026,0.5173181232515228,22687.95,22641.55,106.14997955931722,7783.5159364066385,59.06614599871717,58.59435092459428,89.2,2024-04-10,False,496.5835159364066,1857.6081620935959,1881.19791579974,350.9154620294541,98.08835871343263,1454.5271197993661,True
2024-04-10,50,22700.0,22850.0,22550.0,1.0,0.14376645787153397,0.3855441238875405,22701.4,22752.65,83.94717404969379,4819.1907241820445,54.11436247098,39.773303157061655,51.75,2024-04-10,True,493.61919072418203,998.0213882115072,1715.0743539074244,1116.2395117605072,80.20691689640353,811.0085305469943,False
2024-04-24,50,22450.0,22600.0,22300.0,2.0,0.13570070333313194,0.42658264367759174,22455.5,22401.75,106.1834799567905,7795.279018320798,49.71055049234876,40.9318248016451,91.30000000000001,2024-04-25,False,496.5952790183208,2327.0511942037665,2765.98747873895,247.57871882120395,107.9572174762443,2415.738070176456,True
2024-05-22,25,22550.0,22700.0,22400.0,2.0,0.15239710742142054,0.50847873922109,22572.45,22597.9,110.93361795721103,4419.38562621599,50.45038455988056,70.88741274232417,105.6,2024-05-23,False,343.219385626216,1168.8614493070456,657.9357447459554,-209.8789366959402,99.78161568447604,890.0613924886709,True
2024-05-29,25,22750.0,22900.0,22600.0,2.0,0.16265733956824985,0.5456994180072942,22739.6,22711.3,113.41255648173592,4735.331289753731,44.31898396515965,48.36352574159543,107.35,2024-05-30,False,343.53533128975374,1383.8039816246533,1282.6904372137587,-191.97141924635562,113.05996508349654,1374.9891966686687,True
2024-06-12,25,23400.0,23550.0,23250.0,2.0,0.16907451738137752,0.6243300710532286,23410.95,23325.25,115.62913805759945,5064.9722657340135,75.21794421350121,90.67597399777902,110.19999999999999,2024-06-13,False,343.864972265734,666.4148738367219,279.9641292297766,-208.13652082574754,121.23153610441113,806.474825007014,True
2024-07-03,25,24300.0,24450.0,24150.0,2.0,0.14540124220307915,0.4797667303014507,24286.25,24296.1,111.83120432073247,4525.107357921524,28.36038821394145,29.136131334552875,103.75,2024-07-04,False,343.3251073579215,1743.4452953118541,1724.0517172965685,-141.29499933960983,110.76591056984762,1716.812951539733,True
2024-07-04,25,24350.0,24500.0,24200.0,1.0,0.15556454888079319,0.6361543146975641,24347.25,24302.65,91.46001750509777,2796.962600235065,51.13165538044143,49.579674020336725,50.800000000000004,2024-07-04,True,341.5969626002351,666.6120905161733,705.411624518791,674.903475027209,88.11605761659621,583.0130933036344,False
2024-07-31,25,24900.0,25050.0,24750.0,2.0,0.15386315839830783,0.4328655525582629,24923.4,24945.8,114.68556343892578,4923.555827330347,50.113244316028315,79.34378095516831,106.64999999999998,2024-08-01,False,343.72355582733036,1270.5844222451065,539.8210062666064,-142.83446985418522,113.04704143420713,1229.6213721271401,True
2024-08-01,25,25000.0,25150.0,24850.0,1.0,0.21733184746932238,0.47122003263172435,24982.25,25018.7,107.48509959554849,4025.45751197149,45.75088922131919,43.51944354017512,11.299999999999999,2024-08-01,True,342.8254575119715,1200.5298018437609,1256.3159438723628,2061.802032376741,92.57826995579217,827.8590608498528,False
2024-08-07,25,24250.0,24400.0,24100.0,2.0,0.21725034063216292,0.4896951937477891,24255.5,24309.4,123.85160481601724,6738.368899885063,65.33369065998512,69.5097213426403,112.49999999999999,2024-08-08,False,345.5383688998851,1117.4094850009178,1013.0087179345384,-61.748248499453666,125.70047205009996,1163.6311658529858,True
2024-08-13,25,24250.0,24400.0,24100.0,2.0,0.18176766596268856,0.4162203182385716,24258.9,24122.9,118.9694624966196,5640.273139649344,118.78082861134412,104.89919227935572,111.39999999999998,2024-08-14,False,344.4402731396494,-339.7244260077624,7.316482291947693,-155.20371072415884,108.98897018579282,-589.2367337784318,True
2024-08-14,25,24150.0,24300.0,24000.0,1.0,0.21421679928433146,0.4480455260209073,24154.75,24135.55,105.38808166132458,3820.8892811594524,42.78565246597978,41.446609327349435,7.85,2024-08-14,True,342.62088928115946,1222.4398406024604,1255.9159190682192,2095.831152251955,98.38169937049315,1047.2802833316748,False
2024-08-21,25,24750.0,24900.0,24600.0,2.0,0.18912394622806455,0.36045851957138575,24736.95,24767.05,120.72721661968444,5989.553963072876,39.77593578449684,45.628164417682086,89.6,2024-08-22,False,344.7895539630729,1678.992466916617,1532.686751086986,433.39086152903826,108.40525171219633,1370.9433442294144,True
2024-08-22,25,24850.0,25000.0,24700.0,1.0,0.27489312314894054,0.29009296104966065,24829.35,24810.6,115.62273484315301,5057.933170693968,61.742279260031665,61.626781866777904,41.7,2024-08-22,True,343.85793317069397,1003.1534564073397,1006.0408912386838,1504.2104379081313,101.68570837970947,654.7277948212511,False
2024-09-04,25,25150.0,25300.0,25000.0,2.0,0.11587915947195143,0.434261914566509,25136.5,25210.1,104.49313055421862,3735.402904474813,60.512923630892935,56.938920723291524,98.35,2024-09-05,False,342.53540290447484,756.9697701786673,846.3198428687027,-188.9571390490091,105.06542700170849,771.2771813659139,True
2024-09-05,25,25150.0,25300.0,25000.0,1.0,0.31147688083816316,0.3771946716272425,25174.0,25152.7,119.80049480532671,5805.90982919457,60.86894249829379,60.95090669912054,6.200000000000001,2024-09-05,True,344.60590982919456,1128.6828978466283,1126.6337928259597,2495.4064603039733,79.29122203112615,115.95107849161451,False
2024-09-18,25,25500.0,25650.0,25350.0,2.0,0.14089117957744746,0.4775149761500074,25477.35,25382.35,112.52979069371486,4614.2813726090935,114.10443662429608,138.78937751663918,116.05000000000001,2024-09-19,False,343.4142813726091,-382.7804296371397,-999.9039519457172,-431.4195140297379,118.84629730446613,-224.86776436835785,True
2024-09-25,25,25900.0,26050.0,25750.0,2.0,0.12541837773751469,0.42890793131324434,25889.65,26017.55,108.71854306323348,4158.038047859736,114.80003392021544,111.34212226280266,101.55000000000001,2024-09-26,False,342.95803804785976,-494.99530947240874,-408.5475180370892,-163.74446146702297,110.20831625873961,-457.75097958475544,True
2024-09-26,25,26100.0,26250.0,25950.0,1.0,0.24419623088557274,0.4249380188866512,26081.35,26207.55,113.29790033527024,4718.422974503619,100.23592685775732,85.02051233246478,124.04999999999998,2024-09-26,True,343.5184229745036,-16.96908603668055,363.416277095633,-612.3209145927472,84.71823093042713,-731.4608211577585,False
2024-10-03,25,25400.0,25550.0,25250.0,2.0,0.28551646588835866,0.6282288965824917,25386.9,25258.45,130.8708296414843,9274.671247556398,118.18740710537315,114.33091459283204,144.3,2024-10-03,True,348.0746712475564,-30.989107844777607,65.4232049687501,-683.803930210449,118.56045452087892,-338.74848585991225,False
2024-10-09,25,25150.0,25300.0,25000.0,2.0,0.22926602454390377,0.5974586400514748,25149.55,24971.15,126.04469509592491,7373.08914609107,138.76298025467017,116.49518110016456,126.14999999999999,2024-10-10,False,346.17308914609106,-664.1302181147225,-107.43523925208231,-348.80571174796813,130.64164374113352,-549.2065019845072,True
2024-10-10,25,25050.0,25200.0,24900.0,1.0,0.42337416181806464,0.32409872365399245,25040.0,24998.55,127.41829271189454,7830.699145619656,83.13930440994181,81.26193646817376,51.2,2024-10-10,True,346.63069914561964,760.3440084031984,807.2782069473999,1558.8266186517437,109.48731485820372,312.0695620609279,False
2024-10-16,25,24950.0,25100.0,24800.0,2.0,0.2539637824660167,0.49269905225588345,24938.2,24968.2,128.1640419606265,8103.961592927908,52.12729969915796,50.76057276666188,97.55000000000003,2024-10-17,False,346.90396159292794,1554.0145949437854,1588.1827682561873,418.44708742273366,123.91110808036228,1447.6912479371802,True
2024-10-30,25,24450.0,24600.0,24300.0,2.0,0.20403123207855967,0.44090913810491084,24433.25,24334.2,122.47994526268303,6385.552279275998,108.91877496256596,96.50944969789771,104.1,2024-10-31,False,345.185552279276,-6.156294776349284,304.0768368403571,114.3130792877999,120.66981637738263,-51.4095169088593,True
2024-11-14,25,23500.0,23650.0,23350.0,1.0,0.39396358500700435,0.488738876228454,23522.5,23540.15,124.25805083334399,6852.997848001269,74.68368015149758,80.20516697950643,24.9,2024-11-14,True,345.6529978480013,893.7062691981588,755.6690984979376,2138.2982729855985,89.28311323034814,19.332829123262513,False
2024-12-11,75,24650.0,24800.0,24500.0,2.0,0.29825873299036176,0.24884233080181742,24651.6,24650.6,131.11422747102733,28204.642272786896,57.542785960245,59.509006454421325,86.10000000000001,2024-12-12,False,667.0046422727869,4850.853471035889,4703.386933972664,2709.0624180542627,117.45491853208841,3826.4053006154695,True
2024-12-18,75,24200.0,24350.0,24050.0,2.0,0.29667009595315896,0.47098766091049005,24199.95,24189.3,130.66836121855886,27541.187952714336,56.88481086260805,57.39264809609108,84.89999999999999,2024-12-19,False,666.3411879527143,4867.425088743596,4829.337296232368,2766.2859034392004,117.95171631957783,3913.6767213200187,True
2024-12-19,75,23950.0,24100.0,23800.0,1.0,0.4220788769936188,0.3191497965715477,23971.75,23945.55,126.35461332775958,22436.96441194661,74.56226223340877,74.88337922708865,2.8,2024-12-19,True,661.2369644119466,3223.1893676643635,3199.105593138373,8605.359035170022,116.85875831898556,2511.0002420063124,False
2025-01-01,75,23750.0,23900.0,23600.0,2.0,0.3033494183560833,0.5091618699373964,23761.95,23739.95,130.73645805655178,27653.80946421128,56.99395353852225,56.8789057277134,121.0,2025-01-02,False,666.4538094642112,4864.234029388004,4872.862615198667,63.78054477717251,114.30481476533987,3631.860782547111,True
2025-01-08,75,23500.0,23650.0,23350.0,2.0,0.2990863852156326,0.5853884416340787,23511.0,23705.2,130.2623132679073,26976.732200336573,141.24984251291758,132.89261140593175,125.34999999999998,2025-01-09,False,665.7767322003365,-1489.8414255761074,-863.0490925521697,-297.3532371072873,126.32175169074344,-1785.383543863397,True
2025-01-09,75,23550.0,23700.0,23400.0,1.0,0.24751870798412706,0.622958742902995,23565.65,23520.85,110.08011226798953,12948.55985923823,51.767781280015086,46.66976757571449,30.4,2025-01-09,True,651.7485598592382,3721.676264238845,4104.02729206139,5324.259860239977,116.53550659936991,4205.830839092373,False
2025-01-15,75,23250.0,23400.0,23100.0,2.0,0.15810029703658074,0.5890563703454674,23237.0,23214.55,113.20389049345613,14118.659379202018,41.97875899348669,34.371742545062034,78.35,2025-01-16,False,652.9186593792019,4688.966203118506,5259.492436750355,1961.1231276300082,116.53632051416571,4938.898454671725,True
2025-01-16,75,23300.0,23450.0,23150.0,1.0,0.20879583997186274,0.586629206988751,23313.85,23309.65,102.95925951262325,10810.034935523163,39.55046918299747,57.888792143922146,5.3500000000000005,2025-01-16,True,649.6100349355231,4106.049239786411,2730.6750177170597,6671.084428511221,90.32717114487559,3158.6426122053363,False
2025-01-22,75,23050.0,23200.0,22900.0,2.0,0.20537083746399726,0.55169430099412,23036.65,23164.25,121.04314045626506,18171.94914248803,108.26737404709993,106.3575591673782,103.94999999999999,2025-01-23,False,656.971949142488,301.21053154489664,444.44664752402696,625.0135850773927,123.48761335685958,484.5459990894856,True
2025-01-23,75,23250.0,23400.0,23100.0,1.0,0.3527778683090582,0.5291515045575954,23263.95,23201.25,121.04097995408938,18190.69548201869,72.1838295752543,67.63893142637176,43.25,2025-01-23,True,656.9906954820186,3007.295582930613,3348.162944096803,5177.3328010746845,102.1753508849215,1592.3734027430219,False
2025-01-29,75,23150.0,23300.0,23000.0,2.0,0.25551127066370083,0.5517515702241295,23131.9,23159.35,126.66670819055253,22708.1455262095,47.554427292563545,51.35134905638443,127.39999999999998,2025-01-30,False,661.5081455262094,5271.912921822964,4987.143789536397,-716.5050312347682,118.95020067823498,4693.1748583991475,True
2025-01-30,75,23300.0,23450.0,23150.0,1.0,0.3775845619151369,0.4708761884969942,23278.05,23249.55,122.9814644174703,19520.370833656943,75.42729627029945,67.03084776454023,63.65,2025-01-30,True,658.3203708336569,2908.2422402041575,3537.975878136099,3791.539460476616,110.95972454837465,2006.6117500219834,False
2025-02-05,75,23750.0,23900.0,23600.0,2.0,0.2572899241698905,0.25951532501507885,23741.25,23695.85,127.37140373488364,23442.84657862363,65.19564573661994,70.62254905571824,110.9,2025-02-06,False,662.2428465786236,4000.939003291154,3593.921254358782,573.1124335376492,121.77030868873862,3580.856874830278,True
2025-02-20,75,22900.0,23050.0,22750.0,1.0,0.22239607583265752,0.4772985834436111,22893.4,22917.15,104.77124369198918,11285.085881592204,42.85030989432364,40.89438880568669,13.45,2025-02-20,True,650.0850858815921,3993.9849489433236,4140.679030591095,6199.008191017597,94.1261216113071,3195.6007928921676,False
2025-03-19,75,22900.0,23050.0,22750.0,2.0,0.22889476605225356,0.34359956786861934,22907.0,22911.55,123.72433481736334,20115.39349080049,42.7602419574725,42.803691931093795,104.1,2025-03-20,False,658.9153934908004,5413.391571001013,5410.132822979416,812.9097178114507,115.11776853894207,4767.899100119417,True
2025-03-20,75,23100.0,23250.0,22950.0,1.0,0.3349635591031983,0.3444569426725306,23079.65,23183.85,119.43937741433183,17173.1858587601,86.30907528507933,77.24643264040554,95.75,2025-03-20,True,655.9731858587601,1828.7994738351772,2508.497672185711,1120.730120216127,106.4797143449232,856.8247436295297,False
2025-04-02,75,23300.0,23450.0,23150.0,2.0,0.20512797939125443,0.5458328088385761,23286.55,23337.75,121.30902888839773,18347.261938171367,49.3134560746737,45.708683414509274,92.75,2025-04-03,False,657.1472619381714,4742.520699091132,5012.878648603464,1484.7799046916587,102.6693575435329,3344.5453482262683,True
2025-04-09,75,22450.0,22600.0,22300.0,1.0,0.3502109960699453,0.35213539679775413,22441.7,22402.7,119.83531005033728,17417.241158527304,70.06853322654345,64.673783793995,51.4,2025-04-09,True,656.2172411585273,3076.2910206260103,3480.897228067144,4476.431012616769,125.3889440877465,3492.813573431701,False
2025-04-16,75,23350.0,23500.0,23200.0,2.0,0.1694402177026495,0.4271705203212907,23351.5,23424.55,115.60560811803771,15178.306433247417,75.0277887432576,83.04234121440517,95.94999999999997,2025-04-17,False,653.9783064332473,2389.3581466752607,1788.266711339193,820.1923024195826,122.02194178235095,2870.583171498754,True
2025-04-24,75,24250.0,24400.0,24100.0,1.0,0.26943896518554544,0.39622220023483334,24257.2,24250.15,114.03896846545558,14479.950516767167,51.648539246249015,51.78420236667313,5.3999999999999995,2025-04-24,True,653.2799505167671,4026.002240923725,4015.827506891917,7494.642684392402,90.57169926947654,2265.957051225297,False
2025-04-29,75,24350.0,24500.0,24200.0,2.0,0.18585679742973293,0.6216460301674582,24328.75,24326.45,119.82037229524576,17400.019187552745,40.840897073569245,41.24275871127445,75.6,2025-04-30,False,656.2000191875527,5267.260622438187,5237.120999610295,2660.32790295588,113.32791201574037,4780.3261014752825,True
2025-04-30,75,24350.0,24500.0,24200.0,1.0,0.3302602637326345,0.37666299257392666,24359.65,24349.4,120.47489299059544,17824.05896156106,62.220726405401365,97.17049005527525,15.7,2025-04-30,True,656.624058961561,3712.4384349279944,1091.2061611874528,7201.492915333097,99.79194183274467,2161.217098089187,False
2025-05-08,75,24400.0,24550.0,24250.0,1.0,0.1397276478959248,0.5183147106767195,24400.9,24309.15,86.19316940876206,7551.45503559952,90.37209232743949,149.97719443205375,102.35000000000001,2025-05-08,True,646.3514550355994,-959.7706739364066,-5430.153331782476,-1858.1137493784456,106.33824142923368,551.1097275989646,False
2025-05-14,75,24650.0,24800.0,24500.0,2.0,0.284304392109625,0.4486027761915893,24656.1,24669.55,130.20379935721758,26889.873307753987,57.050762271267985,61.44439464544544,105.05000000000001,2025-05-15,False,665.6898733077539,4820.787908138465,4491.265480075156,1220.8450784835634,128.13885227898027,4665.916877270667,True
2025-05-22,75,24550.0,24700.0,24400.0,1.0,0.31167507583741105,0.6105714013530152,24555.85,24606.25,119.02847034958813,16952.565043775667,72.67992578775946,87.86110528798594,55.99999999999999,2025-05-22,True,655.7525650437756,2820.388277093375,1681.799814576389,4071.3827111753353,98.39123772470066,1272.5958302268145,False
2025-05-28,75,24800.0,24950.0,24650.0,2.0,0.25098910036031163,0.34561952838572746,24792.1,24748.5,127.7741093909026,23879.120669573014,64.23031060123765,59.879534937604205,114.45,2025-05-29,False,662.679120669573,4103.105788555298,4429.413963327806,336.6290836481214,126.31112390555973,3993.3818771545825,True
2025-05-29,75,24750.0,24900.0,24600.0,1.0,0.30425158515106887,0.5733996610529728,24741.65,24850.75,118.56676144443281,16682.736966250104,95.36862308579403,111.79723302009012,52.800000000000004,2025-05-29,True,655.4827369662501,1084.377639931659,-147.7681051405479,4277.02437136621,112.31469871220543,615.4729350146049,False
2025-06-04,75,24600.0,24750.0,24450.0,2.0,0.20588816779199987,0.2751247517720283,24592.95,24616.9,122.84558861528967,19431.396717423602,42.577453043757515,41.489928777228194,95.2,2025-06-05,False,658.2313967174235,5361.878771147489,5443.443091137188,1415.1877494293017,127.38646558462096,5702.444543847336,True
2025-06-11,75,25200.0,25350.0,25050.0,2.0,0.17459833347704262,0.5353097614811463,25194.95,25144.95,118.91297937211584,16879.710184893658,59.237876760689545,74.24175764046988,100.05,2025-06-12,False,655.6797101848936,3819.952985672079,2694.661919688553,759.0437427237948,122.43992026556134,4084.4735526804916,True
2025-06-19,75,24800.0,24950.0,24650.0,1.0,0.2029098572814837,0.5958066336873225,24803.9,24791.75,104.2573797985051,11148.669242122105,40.63582417856645,61.62703361816182,5.05,2025-06-19,True,649.948669242122,4121.668002253276,2547.3272942836243,6790.60481564576,88.75573651552668,2959.044756029895,False
2025-06-25,75,25200.0,25350.0,25050.0,2.0,0.19449933745432652,0.33012188924378827,25206.65,25248.8,121.96591088974492,18809.224918018117,56.69957762211398,49.24082602042841,95.1,2025-06-26,False,657.6092249180181,4237.3657701543025,4796.772140280719,1357.3340918128513,117.39618816864368,3894.6365660717092,True
2025-07-09,75,25550.0,25700.0,25400.0,2.0,0.16439010196831072,0.30945881689035065,25536.85,25478.4,117.54282244935712,16127.650029133247,72.61425117796715,84.89568079935296,93.35000000000001,2025-07-10,False,654.9276500291332,2714.715195325114,1793.6079737211787,1159.53403367265,123.18237256377051,3137.681453906119,True
2025-07-23,75,25150.0,25300.0,25000.0,2.0,0.11838652921374887,0.5168950787609558,25167.55,25229.35,105.41165757141061,11474.153073462003,79.33065348083929,59.71554370901497,89.39999999999999,2025-07-24,False,650.274153073462,1305.8011537193875,2776.9343866062113,550.6001647823348,99.9876833419703,899.0030865113636,True
2025-08-07,75,24450.0,24600.0,24300.0,1.0,0.3177330415742471,0.4771352695927207,24431.95,24592.0,119.53769925259166,17233.502514293243,116.75911188833501,130.96238581588364,122.7,2025-08-07,True,656.0335025142932,-447.63945019504433,-1512.8849947611911,-893.2060585699186,82.19048838628169,-3248.680265168293,False
2025-08-13,75,24600.0,24750.0,24450.0,2.0,0.15981953158508988,0.3678364021155399,24614.05,24614.75,115.44356446723214,15109.890037099649,33.55701641171493,40.30705124881315,90.19999999999999,2025-08-14,False,653.9098900370996,5487.581214126691,4981.328601344325,1239.3574450053115,118.13371965662736,5689.342853331333,True
2025-08-14,75,24650.0,24800.0,24500.0,1.0,0.30057102376129474,0.22604165663292378,24647.95,24630.3,118.0611754856127,16409.515799607514,59.73449892230349,63.18793547486871,16.150000000000002,2025-08-14,True,655.2095157996075,3719.291226448583,3460.2834850061918,6988.128645621345,93.3491091093847,1865.8862482314833,False
2025-08-20,75,25050.0,25200.0,24900.0,2.0,0.13375786659773437,0.6147414660042909,25040.75,25048.75,109.8691568764425,12863.189401216596,26.752076559065532,26.829275416538717,79.35,2025-08-21,False,651.6631894012165,5582.117834402057,5576.327920091568,1637.2735763319715,118.44644993379643,6225.414813703602,True
2025-08-21,75,25100.0,25250.0,24950.0,1.0,0.2858319199038669,0.30284410365416303,25113.65,25081.5,117.10112815084813,15915.247145440662,57.958601526455936,58.8703659166724,15.099999999999998,2025-08-21,True,654.7152471454406,3780.974249683974,3712.5919204177394,6995.369364168169,85.70913672879351,1426.5748930298773,False
2025-09-08,75,24850.0,25000.0,24700.0,4.0,0.16525118397083133,0.25471282170238635,24831.45,24768.75,127.9641478031117,24079.924369301807,81.19996213227162,61.40907371886503,83.80000000000001,2025-09-09,False,662.8799243693018,2844.4340009437037,4328.750631949199,2649.4311608640746,118.00470936931924,2097.4761184092695,True
2025-09-09,75,24850.0,25000.0,24700.0,1.0,0.1345794287836179,0.46570863987645106,24853.3,24870.35,85.22301326601928,7410.16099242097,31.485395063854575,36.018499451410364,16.65,2025-09-09,True,646.2101609924209,3384.1112041699316,3044.128375103248,4496.765833959024,95.31499482606569,4141.009821173412,False
2025-09-15,75,25100.0,25250.0,24950.0,4.0,0.15239422530401503,0.23097083900362625,25110.2,25067.1,126.35564363387675,22427.262622020316,41.13618909779017,39.60194492823875,70.85,2025-09-16,False,661.2272626220202,5730.231827584473,5845.30014030083,3501.6960099187363,123.72498826789797,5532.932675136064,True
2025-09-16,75,25200.0,25350.0,25050.0,1.0,0.286548539600335,0.4344849914964386,25196.25,25240.65,117.27399982725547,15993.62977412261,64.37673191006901,70.081976976602,29.849999999999998,2025-09-16,True,654.7936297741226,3312.5014640148615,2884.608084024888,5902.006357270037,92.13469097957523,1427.0533004388435,False
2025-09-22,75,25300.0,25450.0,25150.0,4.0,0.13921006137970837,0.40891697928299214,25291.9,25195.55,124.3870300920189,20640.820681859666,102.88365825919814,98.65076002445241,88.20000000000002,2025-09-23,False,659.4408206818596,953.3120667796975,1270.7794343856274,2054.586436219557,121.29305595386904,721.2640064184579,True
2025-10-13,75,25200.0,25350.0,25050.0,4.0,0.10667652239557357,0.398671298767647,25182.8,25220.45,116.87130279112989,15780.99698337137,27.37902449695292,39.20719880249131,87.9,2025-10-14,False,654.5809969833713,6057.339875079901,5170.226802164521,1518.2667123513702,114.11881192970577,5850.903060473092,True
2025-11-03,75,25700.0,25850.0,25550.0,4.0,0.10147945765871555,0.5868873807857355,25713.0,25765.95,115.86424801406702,15306.29566965963,66.04200549172505,74.31948896006247,104.54999999999998,2025-11-04,False,654.1062956696596,3082.561893505988,2461.7506333806814,194.4623053853678,118.08269297607694,3248.9452656567323,True
2025-11-04,75,25650.0,25800.0,25500.0,1.0,0.43434313865844165,0.29648525836441497,25672.35,25600.0,128.4909665279174,24721.87961311247,84.86826167828929,87.90556425802038,49.65,2025-11-04,True,663.5218796131124,2608.1809841089967,2380.383290629165,5249.5506099806935,73.35310156429205,-1527.1588881629054,False
2025-11-10,75,25650.0,25800.0,25500.0,4.0,0.14353638971690091,0.4846070256938809,25633.5,25565.45,125.48789344235774,21589.859526825014,84.27687641179918,75.98955958736639,89.89999999999999,2025-11-11,False,660.3898595268249,2430.4364177650677,3051.9851795975273,2008.7021486500064,113.36550076809908,1521.2569671956678,True
2025-11-17,75,26000.0,26150.0,25850.0,4.0,0.1844542644219473,0.1837059270430832,25977.45,26012.4,131.07697016609563,28122.724141732215,39.51175242162835,39.925888966908,96.15,2025-11-18,False,666.9227241417321,6200.468606693314,6169.4083657973415,1952.60003831544,124.68179858189706,5720.83073787842,True
2025-11-18,75,25950.0,26100.0,25800.0,1.0,0.22829124788288024,0.617393186930903,25949.0,25897.75,110.58775645429068,13120.832036460888,63.31122232809735,65.09467948031511,31.15,2025-11-18,True,651.9208320364609,2893.819227428039,2760.059941011707,5305.910902035341,102.15686448805263,2261.5023299601853,False
2025-11-24,75,26100.0,26250.0,25950.0,4.0,0.11189336096402261,0.39376323398981333,26078.4,25954.4,119.40679122402526,17154.94265956345,136.08247065652182,141.44015348769298,100.0,2025-11-25,False,655.9549426595634,-1906.6309000968058,-2308.457112434643,799.5543991423308,126.47099261188123,-1376.8157960076078,True
2025-12-02,75,26050.0,26200.0,25900.0,1.0,0.41935225191060455,0.24861112243604483,26073.75,26036.75,128.07873590558484,24247.550544297337,79.05713250971007,78.77156299118724,25.55,2025-12-02,True,663.0475505442973,3013.5727041463097,3034.9904180355225,7026.607642374565,72.18143993201852,-1178.7244938711638,False
2025-12-08,75,26000.0,26150.0,25850.0,4.0,0.20104059111792594,0.3768141451518579,26015.45,25971.15,132.59133584239498,30652.48427192164,47.700873075644694,70.84663651333165,96.39999999999999,2025-12-09,False,669.4524842719215,5697.332223234351,3961.3999654078284,2044.8977039077026,113.53295507186976,4267.9536654449585,True
2025-12-15,75,26050.0,26200.0,25900.0,4.0,0.17988752015400677,0.31672861184259815,26025.85,26030.05,130.64640170499115,27484.771967877758,40.67524887028579,47.77885967429248,89.55000000000001,2025-12-16,False,666.2847719678778,6081.551690635024,5548.780880334523,2415.9453559064577,110.64383614064536,4581.35927330909,True
2025-12-16,75,25900.0,26050.0,25750.0,1.0,0.34185167211573564,0.29769626121862225,25905.9,25856.05,123.07871474020158,19615.270358135058,73.74365596805387,75.11629918778664,28.75,2025-12-16,True,658.415270358135,3041.7141375529427,2938.7658960729855,6416.238335156983,101.0179248312852,1387.1548943842145,False
2025-12-22,75,26150.0,26300.0,26000.0,4.0,0.17229200465139,0.2839577500315573,26137.3,26174.8,129.86148605310154,26405.541388124264,41.23675206246712,37.36974198971503,83.14999999999999,2025-12-23,False,665.2055413881242,5981.6495079094575,6271.675263365863,2838.1559125944923,109.8836049574229,4483.3084257335595,True
2025-12-23,75,26150.0,26300.0,26000.0,1.0,0.3166012048302217,0.2527997900907245,26167.1,26184.0,121.31303348716665,18371.250980726927,68.14532600837998,64.74891663707251,30.099999999999998,2025-12-23,True,657.1712509807269,3330.406809928273,3585.137512776334,6183.806260556772,99.74981450136056,1713.1653859928167,False
2025-12-29,75,25950.0,26100.0,25800.0,4.0,0.1369919893937186,0.5007066124930372,25959.75,25944.05,124.61213685212351,20843.469165719034,28.757258707644656,28.364483834948665,79.05000000000001,2025-12-30,False,659.643469165719,6529.472391670196,6558.930507122395,2757.5167947435434,98.85810149746794,4597.919740071028,True
2025-12-30,65,25900.0,26050.0,25750.0,1.0,0.2733899053884671,0.33074853812300065,25893.6,25942.0,116.66722111522722,13594.02983677568,64.1299449595696,77.74516341954559,37.6,2025-12-30,True,592.3940298367756,2822.52892028097,1937.5397203825305,4546.975342652993,88.27335751861756,976.9277865013416,False
2026-01-05,65,26350.0,26500.0,26200.0,4.0,0.19130852160509676,0.26030946584752157,26333.1,26249.25,131.97108226020464,25607.36407668708,97.27086095416286,100.88089671759008,106.15,2026-01-06,False,604.407364076687,1651.107020816029,1416.4546961932597,1073.9629828366142,130.2711236305895,1540.609709891045,True
2026-01-12,65,25700.0,25850.0,25550.0,4.0,0.18601597941946235,0.5764970067062616,25696.95,25778.5,130.99003317289316,24277.38063981531,79.08329388735287,101.84402039156215,106.50000000000001,2026-01-13,False,603.0773806398153,2770.8606729203043,1291.4134501467001,988.7747755982394,130.47017971148853,2737.070197929003,True
2026-01-13,65,25700.0,25850.0,25550.0,1.0,0.36777475041802965,0.5011115634910815,25708.8,25737.4,124.7313313484483,18151.618096324928,74.99860507663504,71.49121631053299,37.3,2026-01-13,True,596.9516180963249,2635.675589571536,2863.6558593681702,5086.084919552814,102.15024411337345,1167.9049192916711,False
2026-01-19,65,25550.0,25700.0,25400.0,4.0,0.11879500182811173,0.6257627014983408,25525.75,25591.15,120.5306992461501,15458.421955388076,43.60835440933881,24.616561629318944,93.45000000000002,2026-01-20,False,594.258421955388,4405.693992437346,5640.1605231386375,1165.9870290443678,126.9651347583058,4823.932300727466,True
2026-01-20,65,25450.0,25600.0,25300.0,1.0,0.30287053296808164,0.5086317012118964,25427.15,25217.05,119.34738841480794,14836.47757863414,144.63721995749742,143.39975678615875,151.35000000000002,2026-01-20,True,593.6364775786341,-2237.4755278534503,-2157.040421716437,-2673.8062306161196,81.04074927423358,-4727.407071990784,False
2026-02-10,65,25950.0,26100.0,25800.0,1.0,0.20651093070860949,0.4843259747055577,25956.05,25933.95,106.79878535832813,10292.571308555707,44.52971617379157,50.41347754339084,12.250000000000002,2026-02-10,True,589.0925713085556,3458.3969256863206,3075.952436662368,5556.578476982773,71.43032105311045,1159.4467458471713,False
2026-02-23,65,25650.0,25800.0,25500.0,4.0,0.1256861584680155,0.537262196399066,25654.8,25712.1,122.09073862567493,16375.85219390614,62.73779270821741,55.24557735566463,106.29999999999998,2026-02-24,False,595.1758521939062,3262.7656324408326,3749.7596303567625,431.22215847496545,120.39290650936073,3152.4065448804095,True
2026-03-09,65,23850.0,24000.0,23700.0,4.0,0.22395595574285831,0.5881203476195979,23844.15,24047.7,132.95905817747735,27124.216805354336,144.46518295957898,131.38638272578777,136.75,2026-03-10,False,605.9242168053543,-1353.8223276419608,-503.7003124455318,-852.3354352693268,128.8364381071442,-1621.792632213615,True
2026-03-10,65,24150.0,24300.0,24000.0,1.0,0.4509550925297663,0.4921715425539552,24160.0,24258.0,127.98731792963918,20915.143614996396,100.37822134051123,110.00299274143202,97.85,2026-03-10,True,599.7151436149964,1194.87613467832,569.2659936184684,1359.2105218115505,107.18787847290241,-157.08743000956963,False
2026-03-30,65,22500.0,22650.0,22350.0,3.0,0.274596340241842,0.5835410493818616,22516.65,22335.6,132.57409135760463,26542.11616358214,132.19641232184628,109.3440885336171,146.85,2026-03-30,True,605.3421161635821,-580.7929788392895,904.6080673956075,-1533.2761779192808,131.09936138556714,-676.6504270217266,False
2026-04-06,65,22650.0,22800.0,22500.0,5.0,0.2567694360436872,0.46963504422753705,22649.4,22989.35,136.1633614758448,33489.179161385895,149.98992799699727,149.94054195003721,135.8,2026-04-07,False,612.2891791613858,-1511.0160030362965,-1507.8059099838931,-588.6706832314749,136.6948941361461,-1476.4663801167114,True
2026-04-20,65,24450.0,24600.0,24300.0,4.0,0.18809586292598396,0.6064434511545947,24465.75,24381.8,130.2569935859574,23377.504246075605,70.30919843788278,112.4270681005059,116.05000000000001,2026-04-21,False,602.1775042460756,3294.4291803787737,556.7676523082707,321.277078841154,127.57247579404157,3119.935523904245,True
2026-04-27,65,24100.0,24250.0,23950.0,4.0,0.18083622687961903,0.47214496549611107,24075.15,24094.3,129.22584273214488,22158.992539952305,35.058853333451985,35.71885967759006,108.75000000000003,2026-04-28,False,600.9589925399523,5519.8953183750855,5476.994906006111,729.9707850494633,127.4178373379882,5402.374967754901,True
2026-05-04,65,24100.0,24250.0,23950.0,5.0,0.16939901038538668,0.5961734223108859,24108.65,24123.25,130.3777979922652,23517.530375753722,37.71991478930038,37.95912118296242,114.64999999999999,2026-05-05,False,602.3175303757537,5420.444877816958,5404.896462228927,419.989339121484,128.19220274466716,5278.381186723086,True
2026-05-11,65,23900.0,24050.0,23750.0,4.0,0.18346228416543453,0.3858764325425811,23924.7,23805.75,129.32881988655208,22316.252446438084,92.65655732036487,79.85413877893994,110.70000000000002,2026-05-12,False,601.116252446438,1782.580814355731,2614.738019548351,609.7570401794462,127.95821724468624,1693.4916426344512,True
2026-05-19,65,23750.0,23900.0,23600.0,1.0,0.23280582721810783,0.5837293503211379,23737.1,23624.55,108.08447433190213,10631.445759997132,114.07799585676551,124.99596432634372,120.30000000000001,2026-05-19,True,589.4314457599971,-979.010344876117,-1688.6782953987008,-1383.4406141863594,93.30831231729917,-1939.4608758253094,False
2026-05-25,65,23950.0,24100.0,23800.0,4.0,0.14230496815871452,0.2561570944328879,23961.35,24035.25,123.55794304917526,17322.75215003112,85.00017719105993,98.84051510300492,108.35000000000001,2026-05-26,False,596.1227521500311,1910.1320286274656,1010.5100643510414,392.3935460463605,126.28650145155825,2087.48832478236,True
2026-06-08,65,23200.0,23350.0,23050.0,4.0,0.14197687181178487,0.573244758643962,23221.9,23134.45,122.71169895919229,16774.384267932983,66.06747709037775,95.63796365237862,110.75,2026-06-09,False,595.5743842679329,3086.300037205012,1164.218410674956,181.93604807956592,123.89805615886598,3163.413255183802,True
2026-06-15,65,23900.0,24050.0,23750.0,4.0,0.15992913001682613,0.3721259064819709,23906.7,23843.6,126.33537408164466,19417.46208821636,58.669720810509695,48.28206088473867,106.75000000000003,2026-06-16,False,598.2174620882163,3800.050000535557,4475.247895710673,674.8318532186847,123.99057420450208,3647.6380085212895,True
2026-06-16,65,23900.0,24050.0,23750.0,1.0,0.20403365472797302,0.4382379082530022,23923.55,23987.0,103.28477739153323,9444.461709810694,86.16290767802236,92.74330524291722,86.65,2026-06-16,True,588.2444617098106,524.6770696683955,96.95122795022996,493.0160687398486,92.5443282090232,-173.45212719475586,False
2026-06-22,65,24100.0,24250.0,23950.0,4.0,0.11182055617216977,0.42021723296921654,24123.2,24105.65,116.98089211601746,13745.448491595725,21.97530787902073,24.00707395235028,94.15,2026-06-23,False,592.5454484915957,5582.817526913192,5450.752732146771,891.4625390495386,116.27767690795281,5537.1085383889895,True
2026-07-06,65,24450.0,24600.0,24300.0,4.0,0.16192331021185968,0.4995458450597024,24450.8,24437.2,127.13124724741101,20106.326246343226,33.21463671118696,38.167508028685575,89.64999999999999,2026-07-07,False,598.9063262463432,5505.67335860822,5183.73672297081,1837.374744835373,116.60425738044614,4821.419017255504,True
2026-07-20,65,24200.0,24350.0,24050.0,4.0,0.15042971003334965,0.3697325602668338,24175.85,24238.15,125.25166768627241,18521.03929599607,43.683906268457434,44.64585136873553,103.39999999999999,2026-07-21,False,597.321039295996,4704.583452861977,4642.057021343901,823.0373603117113,124.5572964786079,4659.4493243637835,True
2026-07-27,65,23950.0,24100.0,23800.0,4.0,0.11641065533738582,0.34914318406059136,23961.8,23987.15,117.94688998125093,14175.848769850272,39.52525686663398,54.230413270596266,97.94999999999999,2026-07-28,False,592.9758487698502,4504.430303680252,3548.5951374227034,706.8220000114611,117.3132128308398,4463.241288903529,True
2026-07-28,65,24000.0,24150.0,23850.0,1.0,0.1385382022196427,0.565748932793281,24017.25,23969.4,85.40410236341859,6447.098455544601,37.021033466692515,28.28866858534321,27.8,2026-07-28,True,585.2470984555446,2559.6523798316503,3127.256097119355,3159.019555166664,76.46875704535296,1978.8549341573842,False
2026-08-03,65,24600.0,24750.0,24450.0,4.0,0.1598624319722876,0.2876034915890703,24593.7,24573.55,126.98741757175958,19971.956274738943,38.19678759594336,143.4723504376993,85.35,2026-08-04,False,598.7719562747388,5172.618992153315,-1670.292592560821,2107.6601858896342,125.03268760003994,5045.561543991538,True
2026-08-10,65,24600.0,24750.0,24450.0,4.0,0.10696974094491452,0.49972866169816693,24609.4,24560.05,116.13317035258933,13375.399517157439,41.42415765838327,24.847927436587288,102.85000000000001,2026-08-11,False,592.1753995171574,4263.910425606236,5341.365390022976,271.2306734011486,126.4022108990348,4931.398061125191,True
2026-09-01,65,24100.0,24250.0,23950.0,1.0,0.2472668805392459,0.5380717597300458,24109.85,23984.45,110.83163551346934,11452.355874877685,106.41897241566487,59.130413652375026,43.7,2026-09-01,True,590.2523558748776,-303.42925451758714,2770.3270650962527,3773.3039525006293,66.82894668281381,-3163.6040285101967,False
2026-09-07,65,23750.0,23900.0,23600.0,4.0,0.15108642345760015,0.45528787658867953,23762.1,23759.4,124.84459611019338,18238.704110176386,29.612357097570772,37.5993491543025,95.10000000000001,2026-09-08,False,597.0387041101764,5593.056831710293,5073.902348022731,1336.360043052393,117.00834784102972,5083.700694214655,True
2026-09-21,65,23400.0,23550.0,23250.0,4.0,0.13696411500219258,0.44514735674193495,23414.9,23428.9,121.95428784376054,16299.9928928601,35.32708093968662,28.082886239428674,97.85,2026-09-22,False,595.0999928928601,5035.668455871944,5506.541111388711,971.6787169515754,116.10962209079662,4655.76518192929,True
