date,n_books,e011_pnl,e013_pnl,net_pnl,margin_used_ub,margin_breach_ub,cum_net
2021-01-06,1,0.0,2788.7,2788.7,83543.04,False,2788.7
2021-01-21,1,0.0,-7033.28,-7033.28,86703.54,False,-4244.58
2021-03-01,1,340.7931526707563,0.0,340.7931526707563,86443.06,False,-3903.7868473292438
2021-03-02,1,85.03000044918247,0.0,85.03000044918247,87323.29,False,-3818.7568468800614
2021-03-03,1,0.0,-2629.34,-2629.34,88778.0,False,-6448.096846880062
2021-03-08,1,455.9339884895478,0.0,455.9339884895478,88449.31,False,-5992.162858390514
2021-03-09,2,2476.00062730913,98.63,2574.63062730913,176949.19,False,-3417.532231081384
2021-03-16,1,2249.3602611483307,0.0,2249.3602611483307,88072.4,False,-1168.1719699330533
2021-03-17,2,2068.6695176248527,-2376.21,-307.54048237514735,174928.24,False,-1475.7124523082007
2021-03-18,1,630.3739039975242,0.0,630.3739039975242,87247.44,False,-845.3385483106765
2021-03-19,1,-5979.070501732155,0.0,-5979.070501732155,84807.24,False,-6824.409050042832
2021-04-05,1,-2783.753619370332,0.0,-2783.753619370332,86801.74,False,-9608.162669413165
2021-04-13,1,209.55866598922216,0.0,209.55866598922216,84190.43,False,-9398.604003423943
2021-04-29,1,640.96153806179,0.0,640.96153806179,88391.69,False,-8757.642465362153
2021-05-04,1,-344.96426114301335,0.0,-344.96426114301335,86416.01,False,-9102.606726505166
2021-05-05,2,1513.2654892337478,2463.56,3976.8254892337477,171376.13,False,-5125.781237271418
2021-05-06,2,4402.4271693718965,3504.18,7906.607169371897,172529.2,False,2780.825932100479
2021-05-07,1,-4531.345235106708,0.0,-4531.345235106708,87283.31,False,-1750.5193030062292
2021-05-19,1,0.0,1921.2,1921.2,88732.14,False,170.68069699377088
2021-05-20,1,1205.392257356369,0.0,1205.392257356369,88512.23,False,1376.07295435014
2021-05-21,1,-1597.381705017442,0.0,-1597.381705017442,88265.86,False,-221.3087506673021
2021-06-02,1,0.0,1054.47,1054.47,91132.94,False,833.1612493326979
2021-06-03,1,0.0,747.34,747.34,92029.06,False,1580.501249332698
2021-06-09,1,0.0,-4667.96,-4667.96,92807.57,False,-3087.458750667302
2021-06-17,1,1510.316862683531,0.0,1510.316862683531,92207.81,False,-1577.1418879837709
2021-06-30,1,0.0,-181.99,-181.99,93018.07,False,-1759.1318879837709
2021-07-09,1,-7107.639740679519,0.0,-7107.639740679519,61447.57,False,-8866.77162866329
2021-07-16,1,-2936.381978434155,0.0,-2936.381978434155,62484.02,False,-11803.153607097443
2021-09-01,1,-299.63872149642225,0.0,-299.63872149642225,67258.18,False,-12102.792328593865
2021-09-07,1,-104.94005953674036,0.0,-104.94005953674036,68115.1,False,-12207.732388130606
2021-09-08,2,-108.93752143804954,1654.73,1545.7924785619505,135987.16,False,-10661.939909568655
2021-09-14,1,525.0264910847699,0.0,525.0264910847699,68259.74,False,-10136.913418483886
2021-09-17,1,-3176.639187953081,0.0,-3176.639187953081,69482.39,False,-13313.552606436966
2021-09-21,1,-276.5579131129041,0.0,-276.5579131129041,68356.96,False,-13590.11051954987
2021-09-22,2,301.7539461452766,3331.45,3633.2039461452764,137846.8,False,-9956.906573404593
2021-09-23,1,633.6906431305712,0.0,633.6906431305712,69216.62,False,-9323.215930274022
2021-09-24,1,-2421.885495508531,0.0,-2421.885495508531,70299.32,False,-11745.101425782554
2021-09-28,1,-898.8746435646713,0.0,-898.8746435646713,69944.56,False,-12643.976069347225
2021-09-29,1,0.0,2057.92,2057.92,69166.44,False,-10586.056069347225
2021-09-30,2,1371.990799988473,2100.68,3472.670799988473,138611.98,False,-7113.385269358752
2021-10-07,1,3075.7517566886863,0.0,3075.7517566886863,69737.78,False,-4037.633512670066
2021-10-13,1,556.8164724880053,0.0,556.8164724880053,70830.28,False,-3480.8170401820607
2021-10-14,2,2471.404794964509,1154.09,3625.4947949645093,143385.95,False,144.67775478244857
2021-10-19,1,-1584.7081492042807,0.0,-1584.7081492042807,72765.98,False,-1440.0303944218322
2021-10-20,1,-527.2407001017497,0.0,-527.2407001017497,72199.74,False,-1967.2710945235817
2021-10-21,1,-440.9727869580895,0.0,-440.9727869580895,71890.84,False,-2408.2438814816715
2021-10-22,1,-6186.276930043434,0.0,-6186.276930043434,71546.08,False,-8594.520811525104
2021-10-26,1,-849.0472238968714,0.0,-849.0472238968714,71358.31,False,-9443.568035421977
2021-10-27,1,0.0,1114.24,1114.24,71790.49,False,-8329.328035421977
2021-11-10,1,0.0,1570.77,1570.77,70428.88,False,-6758.5580354219765
2021-11-12,1,-4531.9141427421655,0.0,-4531.9141427421655,70485.52,False,-11290.472178164142
2021-11-24,1,0.0,-2671.8,-2671.8,68946.53,False,-13962.272178164141
2021-12-01,1,0.0,3548.91,3548.91,67195.86,False,-10413.362178164141
2021-12-03,1,-1587.340015777045,0.0,-1587.340015777045,68512.0,False,-12000.702193941186
2021-12-08,1,0.0,3351.63,3351.63,68325.21,False,-8649.072193941185
2021-12-16,1,1110.793679852432,0.0,1110.793679852432,67985.74,False,-7538.278514088754
2021-12-17,1,-1744.6319001366774,0.0,-1744.6319001366774,67437.72,False,-9282.910414225431
2021-12-21,1,-468.7176754012239,0.0,-468.7176754012239,65767.21,False,-9751.628089626654
2021-12-22,2,1508.4024106832803,2607.87,4116.27241068328,132425.83000000002,False,-5635.355678943374
2021-12-29,1,0.0,3256.15,3256.15,67474.76,False,-2379.205678943374
2022-01-04,1,-710.0842030262191,0.0,-710.0842030262191,69314.22,False,-3089.2898819695934
2022-01-07,1,-2795.8753517237583,0.0,-2795.8753517237583,69895.56,False,-5885.165233693351
2022-01-11,1,1206.6900788287744,0.0,1206.6900788287744,70644.28,False,-4678.475154864576
2022-01-12,2,1559.8171400823055,3468.93,5028.747140082305,142520.81,False,350.2719852177288
2022-01-13,1,1555.6338178398091,0.0,1555.6338178398091,71491.0,False,1905.905803057538
2022-01-14,1,-2656.6337839577423,0.0,-2656.6337839577423,71080.58,False,-750.7279809002043
2022-01-18,1,-1099.4447476112916,0.0,-1099.4447476112916,71929.26,False,-1850.172728511496
2022-01-19,1,20.591430078080062,0.0,20.591430078080062,70770.11,False,-1829.581298433416
2022-01-21,1,-9170.712672914571,0.0,-9170.712672914571,68861.66,False,-11000.293971347986
2022-01-25,1,-1035.6962732658,0.0,-1035.6962732658,66079.24,False,-12035.990244613786
2022-01-31,1,1025.884876670718,0.0,1025.884876670718,67860.1,False,-11010.105367943068
2022-02-01,1,-130.01008818202172,0.0,-130.01008818202172,68592.16,False,-11140.11545612509
2022-02-02,1,0.0,3340.9,3340.9,69578.43,False,-7799.21545612509
2022-02-09,1,0.0,1766.73,1766.73,68278.56,False,-6032.48545612509
2022-02-15,1,-457.8667866808784,0.0,-457.8667866808784,66573.95,False,-6490.352242805969
2022-02-22,1,830.5814622779656,0.0,830.5814622779656,66325.03,False,-5659.770780528003
2022-02-23,2,1969.3786836455151,606.49,2575.8686836455154,134626.13,False,-3083.902096882488
2022-02-28,1,-419.6476267992697,0.0,-419.6476267992697,64522.02,False,-3503.5497236817578
2022-03-02,2,2379.484962403839,1040.52,3420.004962403839,129836.47,False,-83.54476127791895
2022-03-04,1,6844.75811174433,0.0,6844.75811174433,63711.76,False,6761.213350466411
2022-03-07,1,1539.20724737134,0.0,1539.20724737134,62164.54,False,8300.42059783775
2022-03-08,1,1600.328371356448,0.0,1600.328371356448,61961.48,False,9900.7489691942
2022-03-09,1,2407.2120378916284,0.0,2407.2120378916284,62926.19,False,12307.961007085827
2022-03-10,2,3113.1972684318907,2320.45,5433.647268431891,130735.52,False,17741.60827551772
2022-03-15,1,1572.0938057203332,0.0,1572.0938057203332,66221.54,False,19313.702081238054
2022-03-16,2,4138.4141300454485,1843.04,5981.454130045448,132522.86,False,25295.1562112835
2022-03-17,2,6634.316010326313,2444.01,9078.326010326313,135359.96000000002,False,34373.48222160981
2022-04-08,1,-1480.7254841778065,0.0,-1480.7254841778065,69360.28,False,32892.756737432006
2022-04-27,1,0.0,3513.12,3513.12,66758.78,False,36405.87673743201
2022-05-20,1,-2300.622736118539,0.0,-2300.622736118539,63003.42,False,34105.25400131347
2022-05-26,1,1309.7302814923917,0.0,1309.7302814923917,63061.43,False,35414.98428280586
2022-06-01,1,0.0,3473.2,3473.2,64961.06,False,38888.18428280586
2022-06-14,1,204.35399263916,0.0,204.35399263916,61691.98,False,39092.53827544502
2022-06-15,2,2501.1849219316928,2398.1,4899.284921931692,123435.9,False,43991.82319737671
2022-06-16,1,21.82318294410584,0.0,21.82318294410584,62107.5,False,44013.64638032082
2022-07-07,2,3636.4149581411302,2081.38,5717.79495814113,126295.93,False,49731.44133846195
2022-07-13,1,0.0,423.74,423.74,63001.26,False,50155.181338461945
2022-07-14,1,1841.7481981948245,0.0,1841.7481981948245,62820.74,False,51996.92953665677
2022-07-20,1,0.0,409.22,409.22,64984.19,False,52406.14953665677
2022-07-28,1,1912.9867062616663,0.0,1912.9867062616663,65761.53,False,54319.13624291844
2022-08-10,1,0.0,3194.09,3194.09,68639.4,False,57513.226242918434
2022-08-11,2,4776.878138334472,2593.16,7370.038138334472,138623.94,False,64883.264381252906
2022-08-19,1,-2362.991048559036,0.0,-2362.991048559036,70424.76,False,62520.27333269387
2022-08-25,1,0.0,-4076.9,-4076.9,69368.12,False,58443.37333269387
2022-09-02,1,-1540.845649187358,0.0,-1540.845649187358,68936.14,False,56902.52768350651
2022-09-07,2,1719.0776356975568,3128.08,4847.1576356975565,137917.55,False,61749.685319204065
2022-09-08,2,4468.479592417595,1577.21,6045.689592417595,139088.26,False,67795.37491162166
2022-09-15,1,357.7106601247659,0.0,357.7106601247659,70888.3,False,68153.08557174643
2022-09-20,1,1536.551109228641,0.0,1536.551109228641,69798.15,False,69689.63668097508
2022-09-21,1,1290.9353577333832,0.0,1290.9353577333832,69746.01,False,70980.57203870846
2022-09-22,1,6046.621476994026,0.0,6046.621476994026,69096.08,False,77027.19351570249
2022-09-27,1,655.6927007808238,0.0,655.6927007808238,67155.87,False,77682.88621648331
2022-10-06,1,0.0,3308.68,3308.68,68107.06,False,80991.5662164833
2022-10-13,1,3066.63172993706,0.0,3066.63172993706,66977.12,False,84058.19794642036
2022-10-19,1,0.0,2667.03,2667.03,68726.81,False,86725.22794642036
2022-11-02,1,0.0,3392.58,3392.58,70877.32,False,90117.80794642036
2022-11-03,1,4458.07742557684,0.0,4458.07742557684,70640.16,False,94575.8853719972
2022-11-04,1,-2174.8238809049926,0.0,-2174.8238809049926,70895.16,False,92401.0614910922
2022-11-11,1,-1483.8675481620571,0.0,-1483.8675481620571,71620.56,False,90917.19394293014
2022-11-16,1,0.0,3201.2,3201.2,72220.71,False,94118.39394293014
2022-11-17,1,0.0,-715.38,-715.38,72093.5,False,93403.01394293013
2022-11-18,1,-734.4459263127335,0.0,-734.4459263127335,71916.91,False,92668.5680166174
2022-11-23,1,0.0,2721.09,2721.09,71620.95,False,95389.6580166174
2022-11-30,1,0.0,-1216.55,-1216.55,73107.22,False,94173.10801661739
2022-12-01,1,0.0,1105.25,1105.25,73872.79,False,95278.35801661739
2022-12-02,1,2798.727153313048,0.0,2798.727153313048,73534.5,False,98077.08516993045
2022-12-07,1,0.0,2267.67,2267.67,72888.09,False,100344.75516993045
2022-12-09,1,-586.1316931686022,0.0,-586.1316931686022,73111.33,False,99758.62347676184
2022-12-14,1,0.0,3290.59,3290.59,73196.2,False,103049.21347676184
2022-12-28,1,0.0,2955.77,2955.77,71088.42,False,106004.98347676184
2022-12-29,1,0.0,-4370.11,-4370.11,70634.68,False,101634.87347676184
2023-01-06,1,-1671.42552869494,0.0,-1671.42552869494,70479.25,False,99963.44794806691
2023-01-13,1,-3296.231522739954,0.0,-3296.231522739954,69839.9,False,96667.21642532696
2023-01-30,1,-2830.525550330464,0.0,-2830.525550330464,68467.9,False,93836.6908749965
2023-01-31,1,1931.466201275747,0.0,1931.466201275747,69050.02,False,95768.15707627224
2023-02-01,1,-1987.2024188890575,0.0,-1987.2024188890575,69641.35,False,93780.95465738318
2023-02-02,1,494.6078418696487,0.0,494.6078418696487,68499.84,False,94275.56249925282
2023-02-03,1,-3376.3047347449487,0.0,-3376.3047347449487,69386.16,False,90899.25776450787
2023-02-10,1,104.50041698424376,0.0,104.50041698424376,69953.97,False,91003.75818149211
2023-03-01,1,0.0,2103.36,2103.36,68269.15,False,93107.11818149211
2023-03-03,1,-957.497690215713,0.0,-957.497690215713,68431.64,False,92149.62049127641
2023-03-10,1,-2516.5755245213977,0.0,-2516.5755245213977,68198.79,False,89633.04496675501
2023-03-15,1,552.4922260546281,0.0,552.4922260546281,67433.8,False,90185.53719280964
2023-03-17,1,-1218.9656751402435,0.0,-1218.9656751402435,67036.9,False,88966.57151766939
2023-03-22,1,0.0,3482.72,3482.72,67244.86,False,92449.2915176694
2023-04-10,1,-1927.622362492148,0.0,-1927.622362492148,69134.88,False,90521.66915517724
2023-04-12,1,0.0,724.12,724.12,69663.69,False,91245.78915517723
2023-04-17,1,-1446.6817694467304,0.0,-1446.6817694467304,69278.75,False,89799.1073857305
2023-04-19,1,0.0,2518.25,2518.25,69236.22,False,92317.3573857305
2023-04-21,1,-1856.429177992952,0.0,-1856.429177992952,69165.26,False,90460.92820773755
2023-05-03,1,0.0,3081.51,3081.51,70872.82,False,93542.43820773755
2023-05-04,1,662.7429830279015,0.0,662.7429830279015,70949.26,False,94205.18119076545
2023-05-05,1,-4799.714463226208,0.0,-4799.714463226208,71181.32,False,89405.46672753924
2023-05-12,1,-943.1639720466228,0.0,-943.1639720466228,71570.77,False,88462.30275549262
2023-05-19,1,-2564.996204229245,0.0,-2564.996204229245,71135.26,False,85897.30655126338
2023-06-01,2,2544.965726632025,436.3,2981.2657266320252,145488.84,False,88878.57227789541
2023-06-02,1,-1225.1193339370752,0.0,-1225.1193339370752,72787.74,False,87653.45294395833
2023-06-07,1,0.0,-215.63,-215.63,73157.59,False,87437.82294395832
2023-06-08,1,416.5923864974404,0.0,416.5923864974404,73481.38,False,87854.41533045577
2023-06-09,1,-1578.6012314756492,0.0,-1578.6012314756492,73167.19,False,86275.81409898012
2023-06-14,1,0.0,3031.87,3031.87,73461.0,False,89307.68409898011
2023-06-16,1,-1345.8087312634357,0.0,-1345.8087312634357,73484.71,False,87961.87536771668
2023-06-23,1,-25.66314416857938,0.0,-25.66314416857938,73313.02,False,87936.21222354811
2023-07-05,1,0.0,3094.9,3094.9,75983.71,False,91031.1122235481
2023-07-06,1,978.9706213640654,0.0,978.9706213640654,76051.53,False,92010.08284491216
2023-07-07,1,-3420.5850580747788,0.0,-3420.5850580747788,76246.35,False,88589.49778683738
2023-07-14,1,-4646.528922461083,0.0,-4646.528922461083,76411.58,False,83942.9688643763
2023-08-03,1,430.1484015468616,0.0,430.1484015468616,76390.8,False,84373.11726592315
2023-08-04,1,-1243.4662865201203,0.0,-1243.4662865201203,76374.73,False,83129.65097940303
2023-08-11,1,-1130.06822428059,0.0,-1130.06822428059,76419.81,False,81999.58275512244
2023-08-16,1,0.0,1271.15,1271.15,76052.31,False,83270.73275512243
2023-08-18,1,-4493.209725329998,0.0,-4493.209725329998,75682.85,False,78777.52302979243
2023-08-30,1,0.0,-1620.2,-1620.2,76219.7,False,77157.32302979243
2023-09-06,1,0.0,463.46,463.46,76600.13,False,77620.78302979244
2023-09-13,1,-182.32715895860255,0.0,-182.32715895860255,78339.63,False,77438.45587083383
2023-09-14,1,1850.2484544941576,0.0,1850.2484544941576,78915.48,False,79288.70432532798
2023-09-15,1,-2511.04582387055,0.0,-2511.04582387055,79010.74,False,76777.65850145744
2023-09-21,1,561.3642446645856,0.0,561.3642446645856,77701.85,False,77339.02274612202
2023-09-22,1,-3409.97086882765,0.0,-3409.97086882765,77523.1,False,73929.05187729438
2023-10-11,2,1044.2972769779788,3345.19,4389.487276977979,155217.11,False,78318.53915427235
2023-10-12,2,1638.799194460782,2052.39,3691.189194460782,155402.52,False,82009.72834873313
2023-10-13,1,-1483.3323901264107,0.0,-1483.3323901264107,77281.23,False,80526.39595860672
2023-10-17,1,643.5459493056991,0.0,643.5459493056991,77676.37,False,81169.94190791242
2023-10-18,1,-444.9852832739453,0.0,-444.9852832739453,77562.3,False,80724.95662463848
2023-10-19,1,6.016299713720855,0.0,6.016299713720855,76592.88,False,80730.9729243522
2023-10-20,1,-4420.57452998161,0.0,-4420.57452998161,76686.57,False,76310.3983943706
2023-11-01,1,0.0,1455.94,1455.94,74660.32,False,77766.3383943706
2023-11-03,1,4282.723447172836,0.0,4282.723447172836,75453.53,False,82049.06184154343
2023-11-08,1,0.0,3322.3,3322.3,76171.28,False,85371.36184154343
2023-11-09,2,2893.317245114705,175.71,3069.0272451147052,152321.6,False,88440.38908665814
2023-11-10,1,1226.5823708492153,0.0,1226.5823708492153,75867.09,False,89666.97145750734
2023-11-15,1,0.0,2780.87,2780.87,76952.93,False,92447.84145750734
2023-11-17,1,-2021.7613884402483,0.0,-2021.7613884402483,77377.86,False,90426.08006906709
2023-11-24,1,136.2225169735185,0.0,136.2225169735185,77678.92,False,90562.3025860406
2023-12-04,1,-63.8313022204627,0.0,-63.8313022204627,80472.11,False,90498.47128382014
2023-12-05,1,-45.20451428984302,0.0,-45.20451428984302,81239.65,False,90453.2667695303
2023-12-06,2,1100.3761303950605,2720.72,3821.0961303950603,163969.87,False,94274.36289992536
2023-12-07,2,3213.280940520924,2418.51,5631.790940520925,163739.38,False,99906.15384044628
2023-12-08,1,4539.121444542103,0.0,4539.121444542103,82109.89,False,104445.27528498838
2023-12-14,1,2215.967151118549,0.0,2215.967151118549,82746.5,False,106661.24243610693
2023-12-15,1,924.3058267269683,0.0,924.3058267269683,83365.86,False,107585.5482628339
2023-12-20,1,0.0,-2893.76,-2893.76,84343.5,False,104691.7882628339
2023-12-22,1,-2541.454094747097,0.0,-2541.454094747097,83459.74,False,102150.3341680868
2023-12-27,1,0.0,-964.8,-964.8,84438.56,False,101185.5341680868
2024-01-05,1,4567.852465470109,0.0,4567.852465470109,85229.62,False,105753.3866335569
2024-01-12,1,-1473.3359108589214,0.0,-1473.3359108589214,85198.46,False,104280.05072269798
2024-01-19,1,-542.149380759919,0.0,-542.149380759919,84850.56,False,103737.90134193806
2024-01-31,1,1890.8867560693288,0.0,1890.8867560693288,84193.56,False,105628.7880980074
2024-02-01,1,7797.910135458662,0.0,7797.910135458662,85123.78,False,113426.69823346606
2024-02-02,1,-6703.731408899306,0.0,-6703.731408899306,85920.72,False,106722.96682456676
2024-02-09,1,-2799.029313246264,0.0,-2799.029313246264,84991.09,False,103923.93751132049
2024-02-16,1,1526.8843887859384,0.0,1526.8843887859384,86259.21,False,105450.82190010643
2024-02-21,1,0.0,0.78,0.78,87114.75,False,105451.60190010643
2024-03-07,1,0.0,2464.72,2464.72,88124.54,False,107916.32190010643
2024-03-11,1,-1641.2110420711938,0.0,-1641.2110420711938,88186.28,False,106275.11085803523
2024-03-14,1,1380.5211048743004,0.0,1380.5211048743004,85968.15,False,107655.63196290954
2024-03-15,1,-819.6833993795357,0.0,-819.6833993795357,86590.84,False,106835.94856353001
2024-03-22,1,-1788.63571181175,0.0,-1788.63571181175,86107.31,False,105047.31285171826
2024-04-05,1,1224.2427180389773,0.0,1224.2427180389773,88060.06,False,106271.55556975724
2024-04-09,1,0.0,1857.61,1857.61,88936.76,False,108129.16556975724
2024-04-10,1,0.0,998.02,998.02,88989.49,False,109127.18556975725
2024-04-12,1,-6000.425162893843,0.0,-6000.425162893843,89000.46,False,103126.76040686341
2024-04-19,1,-2943.440244507045,0.0,-2943.440244507045,85500.69,False,100183.32016235637
2024-04-24,1,0.0,2327.05,2327.05,88025.56,False,102510.37016235637
2024-05-03,1,-1096.9897795030815,0.0,-1096.9897795030815,44628.42,False,101413.38038285328
2024-05-10,1,-484.87432393037545,0.0,-484.87432393037545,43062.08,False,100928.50605892291
2024-05-17,1,-1357.813017887436,0.0,-1357.813017887436,43890.77,False,99570.69304103547
2024-05-22,1,0.0,1168.86,1168.86,44242.0,False,100739.55304103547
2024-05-29,1,0.0,1383.8,1383.8,44569.62,False,102123.35304103547
2024-06-03,1,1321.5329227265345,0.0,1321.5329227265345,45365.38,False,103444.885963762
2024-06-04,1,-6472.72203366926,0.0,-6472.72203366926,44786.78,False,96972.16393009275
2024-06-05,1,570.5368453845697,0.0,570.5368453845697,43060.02,False,97542.70077547732
2024-06-12,1,0.0,666.41,666.41,45885.46,False,98209.11077547733
2024-07-03,1,0.0,1743.45,1743.45,47601.05,False,99952.56077547732
2024-07-04,2,1929.457758887188,666.61,2596.067758887188,95438.87,False,102548.62853436451
2024-07-05,1,-2538.374485676676,0.0,-2538.374485676676,47436.8,False,100010.25404868784
2024-07-09,1,806.7035996925455,0.0,806.7035996925455,47761.18,False,100816.95764838038
2024-07-10,1,57.605180693434704,0.0,57.605180693434704,47814.79,False,100874.56282907382
2024-07-11,1,2495.7102133829844,0.0,2495.7102133829844,47737.76,False,103370.27304245681
2024-07-12,1,-2059.9592307896187,0.0,-2059.9592307896187,47735.02,False,101310.31381166719
2024-07-18,1,-434.5088402073145,0.0,-434.5088402073145,48151.91,False,100875.80497145987
2024-07-23,1,-806.1597243293088,0.0,-806.1597243293088,48113.2,False,100069.64524713057
2024-07-31,1,0.0,1270.58,1270.58,48849.86,False,101340.22524713057
2024-08-01,2,3180.7996991010696,1200.53,4381.329699101069,98068.89,False,105721.55494623164
2024-08-02,1,285.51220420770176,0.0,285.51220420770176,48666.6,False,106007.06715043934
2024-08-06,1,376.28547490642,0.0,376.28547490642,47701.5,False,106383.35262534575
2024-08-07,1,0.0,1117.41,1117.41,47540.78,False,107500.76262534576
2024-08-13,1,0.0,-339.72,-339.72,47547.44,False,107161.04262534576
2024-08-14,1,0.0,1222.44,1222.44,47343.31,False,108383.48262534576
2024-08-21,1,0.0,1678.99,1678.99,48484.42,False,110062.47262534576
2024-08-22,2,5088.49443247775,1003.15,6091.644432477749,97325.26999999999,False,116154.11705782352
2024-08-30,1,633.2206346376878,0.0,633.2206346376878,49469.62,False,116787.33769246121
2024-09-04,1,0.0,756.97,756.97,49267.54,False,117544.30769246121
2024-09-05,2,5169.9057615716365,1128.68,6298.585761571637,98813.69,False,123842.89345403285
2024-09-06,1,-1161.1427965136518,0.0,-1161.1427965136518,49174.64,False,122681.7506575192
2024-09-13,1,4680.4029205288025,0.0,4680.4029205288025,49672.87,False,127362.15357804799
2024-09-18,1,0.0,-382.78,-382.78,49935.61,False,126979.37357804799
2024-09-19,1,1832.7460660771808,0.0,1832.7460660771808,50085.15,False,128812.11964412517
2024-09-20,1,-1155.567849207127,0.0,-1155.567849207127,49966.57,False,127656.55179491804
2024-09-25,1,0.0,-495.0,-495.0,50743.71,False,127161.55179491804
2024-09-26,2,3315.956208507112,-16.97,3298.986208507112,102144.42,False,130460.53800342514
2024-10-03,2,1634.049959877528,-30.99,1603.059959877528,99797.12,False,132063.59796330266
2024-10-04,1,3545.8802793620894,0.0,3545.8802793620894,49330.36,False,135609.47824266474
2024-10-08,1,1314.2463548593455,0.0,1314.2463548593455,48569.0,False,136923.7245975241
2024-10-09,1,0.0,-664.13,-664.13,49293.12,False,136259.5945975241
2024-10-10,2,8311.17260256922,760.34,9071.51260256922,98178.75,False,145331.1072000933
2024-10-11,1,879.7127486386873,0.0,879.7127486386873,48908.27,False,146210.81994873198
2024-10-16,1,0.0,1554.01,1554.01,48878.87,False,147764.829948732
2024-10-17,1,4148.0125108288685,0.0,4148.0125108288685,48915.82,False,151912.84245956087
2024-10-18,1,4184.05679203934,0.0,4184.05679203934,48230.41,False,156096.8992516002
2024-10-30,1,0.0,-6.16,-6.16,47889.17,False,156090.7392516002
2024-11-08,1,7925.037238977295,0.0,7925.037238977295,47208.36,False,164015.7764905775
2024-11-14,2,6729.219312228779,893.71,7622.929312228779,92369.7,False,171638.70580280627
2024-11-18,1,1007.462649768148,0.0,1007.462649768148,46121.94,False,172646.16845257443
2024-11-29,1,16640.145817360528,0.0,16640.145817360528,140940.95,False,189286.31426993496
2024-12-05,1,5214.611807081144,0.0,5214.611807081144,144046.48,False,194500.9260770161
2024-12-06,1,25455.03592631702,0.0,25455.03592631702,145171.61,False,219955.96200333312
2024-12-11,1,0.0,4850.85,4850.85,144951.41,False,224806.81200333312
2024-12-13,1,8455.92321203339,0.0,8455.92321203339,143883.6,False,233262.73521536653
2024-12-18,1,0.0,4867.43,4867.43,142295.71,False,238130.16521536652
2024-12-19,2,23459.66353378483,3223.19,26682.85353378483,281600.55000000005,True,264813.0187491514
2024-12-20,1,2795.8244284016496,0.0,2795.8244284016496,140681.94,False,267608.84317755303
2024-12-27,1,8123.356761146973,0.0,8123.356761146973,140078.65,False,275732.1999387
2025-01-01,1,0.0,4864.23,4864.23,139720.27,False,280596.4299387
2025-01-02,1,10474.144740239744,0.0,10474.144740239744,139874.62,False,291070.5746789397
2025-01-03,1,1602.4740762586011,0.0,1602.4740762586011,142155.17,False,292673.0487551983
2025-01-08,1,0.0,-1489.84,-1489.84,138244.68,False,291183.2087551983
2025-01-09,1,0.0,3721.68,3721.68,138566.02,False,294904.8887551983
2025-01-10,1,7231.256141932268,0.0,7231.256141932268,138539.86,False,302136.14489713055
2025-01-15,1,0.0,4688.97,4688.97,136633.56,False,306825.1148971305
2025-01-16,1,0.0,4106.05,4106.05,137085.44,False,310931.1648971305
2025-01-17,1,-3820.998136598604,0.0,-3820.998136598604,136287.82,False,307110.1667605319
2025-01-22,1,0.0,301.21,301.21,135455.5,False,307411.3767605319
2025-01-23,1,0.0,3007.3,3007.3,136792.03,False,310418.6767605319
2025-01-24,1,-919.4325552020846,0.0,-919.4325552020846,136861.7,False,309499.2442053298
2025-01-29,1,0.0,5271.91,5271.91,136015.57,False,314771.1542053298
2025-01-30,1,0.0,2908.24,2908.24,136874.93,False,317679.39420532977
2025-01-31,1,8992.88922065884,0.0,8992.88922065884,137011.06,False,326672.28342598863
2025-02-05,1,0.0,4000.94,4000.94,139598.55,False,330673.22342598863
2025-02-07,1,24338.15514030747,0.0,24338.15514030747,138673.33,False,355011.3785662961
2025-02-14,1,12646.603482005978,0.0,12646.603482005978,135781.25,False,367657.9820483021
2025-02-20,1,0.0,3993.98,3993.98,134613.19,False,371651.96204830206
2025-02-28,1,-1811.8001048538197,0.0,-1811.8001048538197,131241.89,False,369840.16194344824
2025-03-07,1,10968.117123962227,0.0,10968.117123962227,132654.86,False,380808.27906741045
2025-03-17,1,11373.55976515266,0.0,11373.55976515266,132324.7,False,392181.8388325631
2025-03-19,1,0.0,5413.39,5413.39,134693.16,False,397595.2288325631
2025-03-20,1,0.0,1828.8,1828.8,135708.34,False,399424.0288325631
2025-03-21,1,486.6602477724675,0.0,486.6602477724675,136386.6,False,399910.68908033555
2025-03-28,1,6217.642895311591,0.0,6217.642895311591,138796.81,False,406128.33197564713
2025-04-02,1,0.0,4742.52,4742.52,136924.91,False,410870.85197564715
2025-04-04,1,-6417.215426527969,0.0,-6417.215426527969,135796.54,False,404453.6365491192
2025-04-09,1,0.0,3076.29,3076.29,131957.2,False,407529.9265491192
2025-04-11,1,-5589.017812924332,0.0,-5589.017812924332,133864.37,False,401940.90873619483
2025-04-16,1,0.0,2389.36,2389.36,137306.82,False,404330.2687361948
2025-04-21,1,3663.37777040092,0.0,3663.37777040092,140881.27,False,407993.6465065957
2025-04-24,1,0.0,4026.0,4026.0,142632.34,False,412019.6465065957
2025-04-25,1,-2636.533162925709,0.0,-2636.533162925709,143044.82,False,409383.11334367003
2025-04-29,1,0.0,5267.26,5267.26,143053.05,False,414650.37334367004
2025-04-30,1,0.0,3712.44,3712.44,143234.74,False,418362.81334367004
2025-05-02,1,-3016.2431738393607,0.0,-3016.2431738393607,143532.56,False,415346.5701698307
2025-05-08,1,0.0,-959.77,-959.77,143477.29,False,414386.8001698307
2025-05-14,1,0.0,4820.79,4820.79,144977.87,False,419207.59016983066
2025-05-16,1,4987.447974349072,0.0,4987.447974349072,147020.58,False,424195.03814417974
2025-05-22,1,0.0,2820.39,2820.39,144388.4,False,427015.42814417975
2025-05-23,1,-1904.289764756596,0.0,-1904.289764756596,144803.82,False,425111.1383794232
2025-05-28,1,0.0,4103.11,4103.11,145777.55,False,429214.24837942317
2025-05-29,1,0.0,1084.38,1084.38,145480.9,False,430298.6283794232
2025-06-04,1,0.0,5361.88,5361.88,144606.55,False,435660.5083794232
2025-06-06,1,-5085.557390993788,0.0,-5085.557390993788,145527.94,False,430574.95098842937
2025-06-11,1,0.0,3819.95,3819.95,148146.31,False,434394.9009884294
2025-06-13,1,8593.582274315757,0.0,8593.582274315757,144675.05,False,442988.48326274514
2025-06-19,1,0.0,4121.67,4121.67,145846.93,False,447110.1532627451
2025-06-20,1,987.5528356945256,0.0,987.5528356945256,146183.56,False,448097.70609843964
2025-06-25,1,0.0,4237.37,4237.37,148215.1,False,452335.07609843963
2025-06-27,1,10680.675116719463,0.0,10680.675116719463,150515.06,False,463015.7512151591
2025-07-04,1,-280.4652622465371,0.0,-280.4652622465371,149422.27,False,462735.2859529125
2025-07-09,1,0.0,2714.72,2714.72,150156.68,False,465450.0059529125
2025-07-23,1,0.0,1305.8,1305.8,147985.19,False,466755.8059529125
2025-07-25,1,130.2719820651962,0.0,130.2719820651962,146618.09,False,466886.07793497766
2025-08-07,2,13841.99840986675,-447.64,13394.35840986675,287832.77,True,480280.4363448444
2025-08-08,1,-1839.0717142490896,0.0,-1839.0717142490896,144491.3,False,478441.3646305953
2025-08-13,1,0.0,5487.58,5487.58,144730.61,False,483928.94463059533
2025-08-14,2,17835.977651644476,3719.29,21555.267651644477,289814.03,True,505484.2122822398
2025-08-18,1,4013.070813524857,0.0,4013.070813524857,146676.89,False,509497.2830957647
2025-08-20,1,0.0,5582.12,5582.12,147239.61,False,515079.4030957647
2025-08-21,2,15614.758367614146,3780.97,19395.728367614145,295107.5,True,534475.1314633788
2025-08-29,1,9757.900582055992,0.0,9757.900582055992,144111.16,False,544233.0320454348
2025-09-03,1,14567.845386698464,0.0,14567.845386698464,144302.26,False,558800.8774321333
2025-09-08,1,0.0,2844.43,2844.43,146008.93,False,561645.3074321334
2025-09-09,1,0.0,3384.11,3384.11,146137.4,False,565029.4174321333
2025-09-10,1,1214.6525690177054,0.0,1214.6525690177054,146782.44,False,566244.0700011511
2025-09-15,1,0.0,5730.23,5730.23,147647.98,False,571974.300001151
2025-09-16,2,12729.096578935349,3312.5,16041.596578935349,295784.58,True,588015.8965800864
2025-09-17,1,20836.865359856605,0.0,20836.865359856605,148743.13,False,608852.7619399431
2025-09-22,1,0.0,953.31,953.31,148716.37,False,609806.0719399431
2025-09-24,1,-1789.1380399178236,0.0,-1789.1380399178236,147543.9,False,608016.9339000253
2025-10-08,1,8206.373472877829,0.0,8206.373472877829,147864.36,False,616223.3073729031
2025-10-13,1,0.0,6057.34,6057.34,148074.86,False,622280.6473729031
2025-10-15,1,8079.650672423073,0.0,8079.650672423073,148422.96,False,630360.2980453261
2025-10-23,1,5343.202914354697,0.0,5343.202914354697,152898.82,False,635703.5009596809
2025-10-29,1,7610.056025057077,0.0,7610.056025057077,152765.63,False,643313.556984738
2025-11-03,1,0.0,3082.56,3082.56,151192.44,False,646396.116984738
2025-11-04,2,22840.940745207008,2608.18,25449.12074520701,302390.47,True,671845.237729945
2025-11-06,1,-3273.438956783518,0.0,-3273.438956783518,150904.91,False,668571.7987731615
2025-11-10,1,0.0,2430.44,2430.44,150724.98,False,671002.2387731614
2025-11-12,1,26653.18678955977,0.0,26653.18678955977,151754.57,False,697655.4255627212
2025-11-17,1,0.0,6200.47,6200.47,152747.41,False,703855.8955627212
2025-11-18,1,0.0,2893.82,2893.82,152580.12,False,706749.7155627211
2025-11-19,1,13748.355307242164,0.0,13748.355307242164,152048.57,False,720498.0708699633
2025-11-24,1,0.0,-1906.63,-1906.63,153340.99,False,718591.4408699633
2025-11-26,1,10083.67602817572,0.0,10083.67602817572,152702.72,False,728675.116898139
2025-12-02,2,23356.881092698342,3013.57,26370.451092698342,307025.95999999996,True,755045.5679908374
2025-12-03,1,22329.15598715571,0.0,22329.15598715571,153054.93,False,777374.7239779931
2025-12-08,1,0.0,5697.33,5697.33,152970.85,False,783072.0539779931
2025-12-10,1,12738.595002100525,0.0,12738.595002100525,152176.75,False,795810.6489800937
2025-12-15,1,0.0,6081.55,6081.55,153032.0,False,801892.1989800937
2025-12-16,1,0.0,3041.71,3041.71,152326.69,False,804933.9089800937
2025-12-17,1,24953.753846450854,0.0,24953.753846450854,152135.89,False,829887.6628265445
2025-12-22,1,0.0,5981.65,5981.65,153687.32,False,835869.3128265445
2025-12-23,1,0.0,3330.41,3330.41,153862.55,False,839199.7228265445
2025-12-24,1,23335.66666371968,0.0,23335.66666371968,154059.82,False,862535.3894902642
2025-12-29,1,0.0,6529.47,6529.47,152643.33,False,869064.8594902642
2025-12-30,1,0.0,2822.53,2822.53,131953.79,False,871887.3894902642
2026-01-05,1,0.0,1651.11,1651.11,134193.48,False,873538.4994902642
2026-01-07,1,16115.279648551032,0.0,16115.279648551032,133150.84,False,889653.7791388152
2026-01-12,1,0.0,2770.86,2770.86,130951.66,False,892424.6391388152
2026-01-13,1,0.0,2635.68,2635.68,131012.04,False,895060.3191388153
2026-01-19,1,0.0,4405.69,4405.69,130079.22,False,899466.0091388152
2026-01-20,1,0.0,-2237.48,-2237.48,129576.76,False,897228.5291388152
2026-01-21,1,11648.20152765575,0.0,11648.20152765575,128618.96,False,908876.730666471
2026-02-10,1,0.0,3458.4,3458.4,132272.03,False,912335.130666471
2026-02-23,1,0.0,3262.77,3262.77,130736.86,False,915597.900666471
2026-02-25,1,14791.4849061269,0.0,14791.4849061269,130264.97,False,930389.3855725979
2026-03-04,1,17900.537986035648,0.0,17900.537986035648,124280.74,False,948289.9235586335
2026-03-09,1,0.0,-1353.82,-1353.82,121509.79,False,946936.1035586336
2026-03-10,2,19287.49181462924,1194.88,20482.37181462924,246191.33000000002,True,967418.4753732629
2026-03-11,1,-2139.16552746372,0.0,-2139.16552746372,123775.72,False,965279.3098457991
2026-03-18,1,2059.964634881184,0.0,2059.964634881184,120885.27,False,967339.2744806804
2026-03-24,1,17554.431501534644,0.0,17554.431501534644,116136.82,False,984893.705982215
2026-03-25,1,96.5810776830324,0.0,96.5810776830324,118034.57,False,984990.287059898
2026-03-30,1,0.0,-580.79,-580.79,114744.85,False,984409.497059898
2026-04-01,1,-568.8966479128314,0.0,-568.8966479128314,116640.31,False,983840.6004119852
2026-04-06,1,0.0,-1511.02,-1511.02,115421.34,False,982329.5804119852
2026-04-07,1,8895.551221834177,0.0,8895.551221834177,116055.03,False,991225.1316338193
2026-04-08,1,15618.42079644402,0.0,15618.42079644402,121784.21,False,1006843.5524302634
2026-04-20,1,0.0,3294.43,3294.43,124677.46,False,1010137.9824302634
2026-04-27,1,0.0,5519.9,5519.9,122686.96,False,1015657.8824302634
2026-05-04,1,0.0,5420.44,5420.44,122857.68,False,1021078.3224302634
2026-05-06,1,10190.1297439784,0.0,10190.1297439784,123217.2,False,1031268.4521742418
2026-05-11,1,0.0,1782.58,1782.58,121920.27,False,1033051.0321742417
2026-05-13,1,-640.6928416876106,0.0,-640.6928416876106,119274.17,False,1032410.3393325541
2026-05-19,1,0.0,-979.01,-979.01,120964.26,False,1031431.3293325541
2026-05-25,1,0.0,1910.13,1910.13,122107.04,False,1033341.4593325541
2026-05-27,1,-686.5740092492492,0.0,-686.5740092492492,121926.9,False,1032654.8853233049
2026-06-03,1,-2519.3347844723044,0.0,-2519.3347844723044,118736.29,False,1030135.5505388326
2026-06-08,1,0.0,3086.3,3086.3,118338.8,False,1033221.8505388326
2026-06-10,1,9099.47391237381,0.0,9099.47391237381,118873.37,False,1042321.3244512064
2026-06-15,1,0.0,3800.05,3800.05,121828.54,False,1046121.3744512064
2026-06-16,1,0.0,524.68,524.68,121914.41,False,1046646.0544512065
2026-06-22,1,0.0,5582.82,5582.82,122931.83,False,1052228.8744512065
2026-07-06,1,0.0,5505.67,5505.67,124601.28,False,1057734.5444512065
2026-07-08,1,-2983.26894549017,0.0,-2983.26894549017,123758.91,False,1054751.2755057162
2026-07-15,1,-5759.348355661059,0.0,-5759.348355661059,123056.42,False,1048991.927150055
2026-07-20,1,0.0,4704.58,4704.58,123200.13,False,1053696.5071500551
2026-07-22,1,384.9595149586983,0.0,384.9595149586983,122796.27,False,1054081.466665014
2026-07-27,1,0.0,4504.43,4504.43,122109.33,False,1058585.8966650139
2026-07-28,1,0.0,2559.65,2559.65,122391.91,False,1061145.5466650138
2026-08-03,2,2168.931806654424,5172.62,7341.551806654424,250335.14,True,1068487.098471668
2026-08-05,1,9544.562281387418,0.0,9544.562281387418,125547.6,False,1078031.6607530555
2026-08-07,1,1703.5076250242796,0.0,1703.5076250242796,125327.2,False,1079735.1683780798
2026-08-10,1,0.0,4263.91,4263.91,125409.5,False,1083999.0783780797
2026-08-11,1,9608.7839005087,0.0,9608.7839005087,124869.84,False,1093607.8622785883
2026-08-12,1,17776.403326265987,0.0,17776.403326265987,124392.85,False,1111384.2656048543
2026-08-19,1,-193.0700561086533,0.0,-193.0700561086533,122914.25,False,1111191.1955487456
2026-08-26,1,6040.190502271479,0.0,6040.190502271479,123919.18,False,1117231.386051017
2026-09-01,2,9202.841270133578,-303.43,8899.411270133578,245384.63,True,1126130.7973211508
2026-09-02,1,-2955.2867508655745,0.0,-2955.2867508655745,121408.89,False,1123175.5105702851
2026-09-07,1,0.0,5593.06,5593.06,121091.66,False,1128768.5705702852
2026-09-09,1,2915.0173405862465,0.0,2915.0173405862465,119757.78,False,1131683.5879108715
2026-09-16,1,8005.695298563267,0.0,8005.695298563267,118470.02,False,1139689.2832094347
2026-09-21,1,0.0,5035.67,5035.67,119322.33,False,1144724.9532094346
2026-09-23,1,13568.323698673075,0.0,13568.323698673075,119286.4,False,1158293.2769081078
