trade_date,expiry,dte,lot,atm,w_short,w_long,sigma_gk,spot_entry,spot_exit,entry_credit_pts,exit_debit_pts,gross_pts,gross,friction,net,win,min_leg_volume_entry,min_leg_volume_exit,identity_ok,cum_net,peak,drawdown
2021-04-30,2021-05-06,6,75,14700.0,300.0,600.0,0.1557709102278379,14690.8,14769.95,87.35,0.0,87.35,6551.25,1105.6803745075,5445.569625492501,True,89019,91558,True,5445.569625492501,5445.569625492501,0.0
2021-05-07,2021-05-12,5,75,14850.0,250.0,500.0,0.14372478145770118,14869.55,14710.05,53.849999999999994,0.0,53.849999999999994,4038.7499999999995,1099.3539067525,2939.3960932474993,True,29795,10685,True,8384.96571874,8384.96571874,0.0
2021-05-21,2021-05-27,6,75,15200.0,200.0,400.0,0.10203394286966513,15206.2,15333.55,57.849999999999994,0.0,57.849999999999994,4338.75,1100.9076220675,3237.8423779325003,True,200498,153893,True,11622.808096672501,11622.808096672501,0.0
2021-09-13,2021-09-16,3,50,17350.0,150.0,300.0,0.08769405158575297,17359.3,17611.25,37.400000000000006,111.25,-73.85,-3692.4999999999995,793.45663575,-4485.95663575,False,182351,42765,True,7136.851460922501,11622.808096672501,-4485.95663575
2021-09-24,2021-09-30,6,50,17850.0,250.0,500.0,0.10304021437754346,17853.6,17621.75,52.599999999999994,0.0,52.599999999999994,2629.9999999999995,795.53064838,1834.4693516199995,True,44547,23329,True,8971.3208125425,11622.808096672501,-2651.4872841300003
2021-10-01,2021-10-07,6,50,17550.0,300.0,600.0,0.13005894047388528,17530.2,17808.15,52.5,0.0,52.5,2625.0,794.67829461,1830.32170539,True,45612,12046,True,10801.642517932502,11622.808096672501,-821.1655787399995
2021-10-04,2021-10-07,3,50,17700.0,200.0,400.0,0.12135314210826252,17706.25,17808.15,42.3,0.0,42.3,2115.0,793.92543142,1321.07456858,True,363487,284534,True,12122.7170865125,12122.7170865125,0.0
2021-10-08,2021-10-14,6,50,17900.0,250.0,500.0,0.11479588694026814,17900.1,18355.0,42.4,205.0,-162.6,-8130.0,793.81675462,-8923.81675462,False,192837,48914,True,3198.9003318925006,12122.7170865125,-8923.81675462
2021-10-18,2021-10-21,3,50,18500.0,150.0,300.0,0.09041467064267522,18495.4,18202.9,55.4,147.09999999999854,-91.69999999999854,-4584.999999999927,797.22618975,-5382.2261897499275,False,295668,218808,True,-2183.325857857427,12122.7170865125,-14306.042944369929
2021-10-22,2021-10-28,6,50,18150.0,250.0,500.0,0.10865694600299987,18144.55,17882.75,65.4,17.25,48.150000000000006,2407.5000000000005,797.58534664,1609.9146533600006,True,84789,56197,True,-573.4112044974263,12122.7170865125,-12696.128291009927
2021-12-17,2021-12-23,6,50,17000.0,300.0,600.0,0.13967810216276028,17023.5,17078.45,63.90000000000001,0.0,63.90000000000001,3195.0000000000005,796.460174,2398.539826,True,225252,137990,True,1825.1286215025739,12122.7170865125,-10297.588465009927
2022-01-10,2022-01-13,3,50,18050.0,150.0,300.0,0.10101322119082871,18048.2,18287.25,60.45,87.25,-26.799999999999997,-1339.9999999999998,798.5346639649999,-2138.5346639649997,False,267142,75721,True,-313.40604246242583,12122.7170865125,-12436.123128974927
2022-01-14,2022-01-20,6,50,18300.0,200.0,400.0,0.09037410623271579,18295.0,17804.1,68.85,200.0,-131.15,-6557.5,798.316177125,-7355.816177125,False,418690,155084,True,-7669.222219587426,12122.7170865125,-19791.93930609993
2022-01-31,2022-02-03,3,50,17350.0,300.0,600.0,0.20323413732652854,17361.95,17547.1,133.45000000000002,0.0,133.45000000000002,6672.500000000001,810.415177765,5862.084822235001,True,70329,18355,True,-1807.1373973524242,12122.7170865125,-13929.854483864925
2022-02-28,2022-03-03,3,50,16800.0,300.0,600.0,0.18839542842658216,16794.25,16505.6,114.80000000000001,0.0,114.80000000000001,5740.000000000001,808.7880137300001,4931.211986270001,True,659550,305966,True,3124.074588917577,12122.7170865125,-8998.642497594923
2022-03-04,2022-03-10,6,50,16250.0,400.0,800.0,0.18481359753480586,16258.95,16611.9,128.25,0.0,128.25,6412.5,806.800481245,5605.699518755,True,60059,28797,True,8729.774107672576,12122.7170865125,-3392.9429788399248
2022-03-07,2022-03-10,3,50,15850.0,300.0,600.0,0.191902680853126,15872.2,16611.9,129.2,300.0,-170.8,-8540.0,810.37044371,-9350.37044371,False,91667,7745,True,-620.5963360374244,12122.7170865125,-12743.313422549925
2022-03-11,2022-03-17,6,50,16650.0,500.0,1000.0,0.22967901059940404,16647.75,17322.05,94.19999999999999,172.04999999999927,-77.84999999999928,-3892.499999999964,799.85028202,-4692.350282019964,False,58653,5088,True,-5312.946618057388,12122.7170865125,-17435.663704569888
2022-03-21,2022-03-24,3,50,17150.0,300.0,600.0,0.20044162204675323,17158.65,17242.8,101.35000000000001,0.0,101.35000000000001,5067.5,802.620674095,4264.879325905,True,84716,53202,True,-1048.0672921523883,12122.7170865125,-13170.784378664888
2022-05-27,2022-06-02,6,50,16350.0,350.0,700.0,0.16162598002108122,16326.9,16621.2,70.0,0.0,70.0,3500.0,796.80808224,2703.1919177600003,True,94219,34341,True,1655.124625607612,12122.7170865125,-10467.592460904889
2022-06-03,2022-06-09,6,50,16600.0,300.0,600.0,0.1346875194445373,16604.65,16475.45,74.2,0.0,74.2,3710.0,797.58209813,2912.41790187,True,592063,115655,True,4567.542527477612,12122.7170865125,-7555.174559034889
2022-06-17,2022-06-23,6,50,15300.0,350.0,700.0,0.16600977253104335,15319.25,15572.95,90.05,0.0,90.05,4502.5,800.385702325,3702.1142976749998,True,261353,147323,True,8269.656825152611,12122.7170865125,-3853.0602613598894
2022-07-01,2022-07-07,6,50,15750.0,250.0,500.0,0.129113989694753,15754.25,16148.15,82.75,148.14999999999964,-65.39999999999964,-3269.999999999982,799.908702465,-4069.9087024649816,False,291519,52925,True,4199.74812268763,12122.7170865125,-7922.968963824871
2022-07-08,2022-07-14,6,50,16250.0,250.0,500.0,0.11942441054820287,16225.2,15932.55,63.2,67.45000000000073,-4.250000000000725,-212.50000000003624,796.70428823,-1009.2042882300362,False,162409,25878,True,3190.5438344575937,12122.7170865125,-8932.173252054907
2022-07-15,2022-07-21,6,50,16050.0,250.0,500.0,0.12417162107700713,16068.3,16597.5,54.05,250.0,-195.95,-9797.5,795.057520145,-10592.557520145,False,266256,24668,True,-7402.013685687405,12122.7170865125,-19524.730772199906
2022-07-29,2022-08-04,6,50,17200.0,200.0,400.0,0.08992114507371614,17201.85,17387.85,62.95,0.0,62.95,3147.5,797.834241635,2349.665758365,True,1008140,1262859,True,-5052.347927322406,12122.7170865125,-17175.06501383491
2022-08-12,2022-08-18,6,50,17700.0,250.0,500.0,0.11290370557509946,17713.05,17980.35,41.15,30.349999999998545,10.800000000001454,540.0000000000726,793.605901695,-253.6059016949273,False,319512,247905,True,-5305.953829017333,12122.7170865125,-17428.670915529834
2022-09-09,2022-09-15,6,50,17850.0,250.0,500.0,0.11022402429715457,17866.45,17891.8,65.19999999999999,0.0,65.19999999999999,3259.9999999999995,796.73056787,2463.2694321299996,True,159238,105307,True,-2842.6843968873336,12122.7170865125,-14965.401483399834
2022-09-16,2022-09-22,6,50,17550.0,200.0,400.0,0.0966266472946888,17566.15,17647.6,93.05000000000001,0.0,93.05000000000001,4652.500000000001,805.0302913950001,3847.469708605001,True,200604,323874,True,1004.7853117176674,12122.7170865125,-11117.931774794833
2022-09-23,2022-09-29,6,50,17350.0,300.0,600.0,0.12545464671614226,17335.85,16814.0,97.35000000000001,236.0,-138.64999999999998,-6932.499999999999,801.412656095,-7733.912656094999,False,156711,21525,True,-6729.127344377332,12122.7170865125,-18851.844430889832
2022-10-14,2022-10-20,6,50,17200.0,300.0,600.0,0.13972969830034054,17195.5,17540.7,62.800000000000004,40.70000000000073,22.099999999999277,1104.9999999999638,795.71689239,309.28310760996385,True,441161,151839,True,-6419.844236767368,12122.7170865125,-18542.561323279868
2022-11-04,2022-11-10,6,50,18200.0,200.0,400.0,0.07971951457624395,18194.0,18092.65,60.89999999999999,0.0,60.89999999999999,3044.9999999999995,796.73739467,2248.2626053299996,True,706035,604822,True,-4171.581631437368,12122.7170865125,-16294.298717949869
2022-12-09,2022-12-15,6,50,18600.0,200.0,400.0,0.07884287051191437,18583.65,18467.0,47.050000000000004,0.0,47.050000000000004,2352.5,794.8155539750001,1557.684446025,True,965995,725517,True,-2613.897185412368,12122.7170865125,-14736.61427192487
2023-02-03,2023-02-09,6,50,17900.0,400.0,800.0,0.17952827553423337,17902.15,17945.85,26.549999999999997,0.0,26.549999999999997,1327.4999999999998,791.896409735,535.6035902649998,True,211798,66525,True,-2078.2935951473683,12122.7170865125,-14201.010681659869
2023-02-24,2023-03-02,6,50,17550.0,200.0,400.0,0.09849297449431663,17559.25,17399.4,49.45,0.0,49.45,2472.5,795.134843205,1677.365156795,True,510258,129598,True,-400.9284383523682,12122.7170865125,-12523.645524864869
2023-03-03,2023-03-09,6,50,17650.0,250.0,500.0,0.10504668564440019,17671.55,17645.1,20.400000000000002,0.0,20.400000000000002,1020.0000000000001,791.35563839,228.64436161000015,True,106849,91911,True,-172.28407674236803,12122.7170865125,-12295.001163254869
2023-03-17,2023-03-23,6,50,17200.0,300.0,600.0,0.14287536014402916,17178.15,17087.5,39.25,0.0,39.25,1962.5,793.5098308849999,1168.990169115,True,753509,189468,True,996.706092372632,12122.7170865125,-11126.01099413987
2023-03-24,2023-03-29,5,50,16950.0,300.0,600.0,0.14587555372582584,16955.05,17064.1,36.300000000000004,0.0,36.300000000000004,1815.0000000000002,792.74668468,1022.2533153200002,True,216088,54773,True,2018.9594076926323,12122.7170865125,-10103.757678819868
2023-03-31,2023-04-06,6,50,17450.0,250.0,500.0,0.11176512463879906,17442.65,17644.2,37.449999999999996,0.0,37.449999999999996,1872.4999999999998,793.6272784949999,1078.8727215049998,True,140124,137398,True,3097.832129197632,12122.7170865125,-9024.88495731487
2023-04-17,2023-04-20,3,50,17750.0,100.0,200.0,0.07428325635014661,17760.1,17655.8,36.39999999999999,0.0,36.39999999999999,1819.9999999999995,794.83782352,1025.1621764799995,True,1287878,858888,True,4122.994305677632,12122.7170865125,-7999.722780834869
2023-05-05,2023-05-11,6,50,18150.0,150.0,300.0,0.0719787078681341,18129.7,18353.4,46.250000000000014,53.400000000001455,-7.150000000001441,-357.5000000000721,795.384993515,-1152.884993515072,False,1007762,265172,True,2970.10931216256,12122.7170865125,-9152.60777434994
2023-05-12,2023-05-18,6,50,18350.0,200.0,400.0,0.07692352695570276,18333.4,18175.45,33.8,0.0,33.8,1689.9999999999998,793.08047107,896.9195289299997,True,289431,260117,True,3867.0288410925596,12122.7170865125,-8255.68824541994
2023-06-02,2023-06-08,6,50,18650.0,150.0,300.0,0.07139341741011318,18635.95,18709.95,42.599999999999994,0.0,42.599999999999994,2129.9999999999995,794.7826351900001,1335.2173648099995,True,498189,689334,True,5202.246205902559,12122.7170865125,-6920.470880609942
2023-06-09,2023-06-15,6,50,18650.0,150.0,300.0,0.06316245409857238,18631.55,18745.45,42.35,0.0,42.35,2117.5,794.546036455,1322.953963545,True,792457,522378,True,6525.200169447559,12122.7170865125,-5597.5169170649415
2023-06-16,2023-06-22,6,50,18900.0,150.0,300.0,0.0595882898889896,18899.15,18830.05,34.099999999999994,0.0,34.099999999999994,1704.9999999999998,793.70991615,911.2900838499997,True,1179610,1121618,True,7436.490253297559,12122.7170865125,-4686.2268332149415
2023-07-07,2023-07-13,6,50,19400.0,150.0,300.0,0.06447033148185442,19398.5,19474.8,47.199999999999996,0.0,47.199999999999996,2360.0,795.6830079700001,1564.31699203,True,1239287,1225977,True,9000.80724532756,12122.7170865125,-3121.909841184941
2023-07-14,2023-07-20,6,50,19600.0,200.0,400.0,0.07885535791413244,19598.85,19970.2,29.75,170.20000000000073,-140.45000000000073,-7022.500000000036,792.651730715,-7815.151730715036,False,1131154,855934,True,1185.6555146125238,12122.7170865125,-10937.061571899976
2023-07-28,2023-08-03,6,50,19750.0,250.0,500.0,0.08981205256296985,19751.8,19468.15,35.6,31.849999999998545,3.7500000000014566,187.50000000007282,792.84636657,-605.3463665699271,False,329967,151102,True,580.3091480425967,12122.7170865125,-11542.407938469903
2023-08-04,2023-08-10,6,50,19600.0,250.0,500.0,0.10129197114437008,19576.25,19596.8,28.4,0.0,28.4,1420.0,792.19402883,627.80597117,True,638455,623545,True,1208.1151192125967,12122.7170865125,-10914.601967299905
2023-09-15,2023-09-21,6,50,20250.0,200.0,400.0,0.07539596902267265,20249.6,19778.7,31.900000000000002,200.0,-168.1,-8405.0,792.97329008,-9197.97329008,False,370132,56106,True,-7989.858170867405,12122.7170865125,-20112.575257379904
2023-09-22,2023-09-28,6,50,19700.0,200.0,400.0,0.0761829682266592,19708.25,19522.95,37.05,0.0,37.05,1852.4999999999998,793.439815615,1059.0601843849997,True,736174,1997662,True,-6930.797986482405,12122.7170865125,-19053.515072994905
2023-10-13,2023-10-19,6,50,19750.0,200.0,400.0,0.07753208984953701,19742.05,19618.75,40.6,0.0,40.6,2030.0,793.84532079,1236.15467921,True,458405,475729,True,-5694.643307272405,12122.7170865125,-17817.360393784904
2023-10-20,2023-10-26,6,50,19550.0,150.0,300.0,0.0646288498874823,19527.85,18856.7,50.64999999999999,150.0,-99.35000000000001,-4967.5,796.069422875,-5763.569422875,False,512960,37339,True,-11458.212730147405,12122.7170865125,-23580.929816659904
2023-10-27,2023-11-02,6,50,19150.0,250.0,500.0,0.10092619826025384,19131.35,19238.85,43.8,0.0,43.8,2190.0,794.35066272,1395.64933728,True,264186,435002,True,-10062.563392867405,12122.7170865125,-22185.280479379908
2023-11-03,2023-11-09,6,50,19300.0,250.0,500.0,0.10778981746141753,19303.6,19484.6,29.5,0.0,29.5,1475.0,792.20403856,682.79596144,True,458611,404099,True,-9379.767431427405,12122.7170865125,-21502.484517939905
2023-11-10,2023-11-16,6,50,19500.0,150.0,300.0,0.06907932391223098,19482.65,19829.7,42.35000000000001,150.0,-107.64999999999999,-5382.5,794.434934655,-6176.934934655,False,814635,1461252,True,-15556.702366082405,12122.7170865125,-27679.419452594906
2023-12-04,2023-12-07,3,50,20800.0,100.0,200.0,0.05725295706339479,20798.9,21030.8,54.35,100.0,-45.65,-2282.5,801.875335485,-3084.375335485,False,929182,4173484,True,-18641.077701567407,12122.7170865125,-30763.794788079907
2023-12-08,2023-12-14,6,50,21100.0,150.0,300.0,0.06344629703512589,21075.0,21327.65,59.4,77.65000000000146,-18.250000000001457,-912.5000000000729,798.5175341,-1711.017534100073,False,648846,3960484,True,-20352.09523566748,12122.7170865125,-32474.81232217998
2023-12-15,2023-12-21,6,50,21550.0,200.0,400.0,0.0728780619282397,21557.1,21350.4,55.39999999999999,0.0,55.39999999999999,2769.9999999999995,797.89280055,1972.1071994499996,True,400974,738559,True,-18379.98803621748,12122.7170865125,-30502.70512272998
2024-01-05,2024-01-11,6,50,21800.0,200.0,400.0,0.07782873369080524,21793.85,21678.45,54.75,0.0,54.75,2737.5,795.985529905,1941.514470095,True,648067,1284630,True,-16438.47356612248,12122.7170865125,-28561.19065263498
2024-01-19,2024-01-25,6,50,21650.0,300.0,600.0,0.1035667526339748,21672.15,21325.45,63.45,24.549999999999272,38.90000000000073,1945.0000000000366,796.918666605,1148.0813333950366,True,228244,209773,True,-15290.392232727443,12122.7170865125,-27413.109319239942
2024-02-02,2024-02-08,6,50,21950.0,400.0,800.0,0.1453707011395804,21951.4,21814.6,55.15,0.0,55.15,2757.5,794.806440645,1962.6935593550002,True,226334,195634,True,-13327.698673372442,12122.7170865125,-25450.41575988494
2024-03-01,2024-03-07,6,50,22450.0,300.0,600.0,0.10278274070871732,22443.2,22552.35,70.8,0.0,70.8,3540.0,798.39401762,2741.60598238,True,283634,773680,True,-10586.092690992442,12122.7170865125,-22708.809777504943
2024-03-11,2024-03-14,3,50,22400.0,150.0,300.0,0.08562351448302824,22421.35,22264.55,67.0,0.0,67.0,3350.0,799.83507246,2550.16492754,True,781082,1806416,True,-8035.927763452442,12122.7170865125,-20158.64484996494
2024-03-15,2024-03-21,6,50,22150.0,350.0,700.0,0.1223738516387393,22133.2,22102.5,54.3,0.0,54.3,2715.0,794.5830673600001,1920.41693264,True,287917,122208,True,-6115.510830812443,12122.7170865125,-18238.227917324944
2024-04-05,2024-04-10,5,50,22600.0,250.0,500.0,0.10037429917530666,22595.5,22812.4,49.7,0.0,49.7,2485.0,794.83259821,1690.16740179,True,481952,1754448,True,-4425.343429022443,12122.7170865125,-16548.060515534944
2024-05-31,2024-06-06,6,25,22700.0,300.0,600.0,0.10967923682233288,22700.7,22899.5,190.89999999999998,0.0,190.89999999999998,4772.499999999999,518.0707367250001,4254.429263274999,True,173695,5847958,True,-170.9141657474438,12122.7170865125,-12293.631252259944
2024-06-03,2024-06-06,3,25,23400.0,200.0,400.0,0.09685892604776324,23407.9,22899.5,133.85000000000002,200.0,-66.14999999999998,-1653.7499999999995,515.3555639425,-2169.1055639424994,False,806615,88280,True,-2340.0197296899432,12122.7170865125,-14462.736816202443
2024-06-21,2024-06-27,6,25,23500.0,300.0,600.0,0.10006351351548573,23487.3,24038.05,53.5,238.04999999999927,-184.54999999999927,-4613.749999999982,491.81515584,-5105.565155839982,False,1115369,1024375,True,-7445.5848855299255,12122.7170865125,-19568.301972042427
2024-06-28,2024-07-04,6,25,24150.0,300.0,600.0,0.08972538584791984,24132.25,24359.45,67.0,0.0,67.0,1675.0,493.03986553,1181.96013447,True,339463,470390,True,-6263.624751059926,12122.7170865125,-18386.34183757243
2024-07-05,2024-07-11,6,25,24400.0,250.0,500.0,0.08452421072177249,24379.4,24382.65,52.849999999999994,0.0,52.849999999999994,1321.2499999999998,492.03642205250003,829.2135779474997,True,875513,1323451,True,-5434.411173112427,12122.7170865125,-17557.12825962493
2024-07-12,2024-07-18,6,25,24750.0,250.0,500.0,0.0806846479011645,24767.3,24809.05,75.3,0.0,75.3,1882.5,493.90155036,1388.5984496400001,True,214004,567746,True,-4045.8127234724266,12122.7170865125,-16168.529809984928
2024-07-19,2024-07-25,6,25,24550.0,250.0,500.0,0.0862270445397871,24529.1,24405.25,129.20000000000002,0.0,129.20000000000002,3230.0000000000005,501.27674676000004,2728.7232532400003,True,235062,2403195,True,-1317.0894702324263,12122.7170865125,-13439.806556744927
2024-07-22,2024-07-25,3,25,24500.0,200.0,400.0,0.09805322960918858,24509.1,24405.25,108.00000000000003,0.0,108.00000000000003,2700.000000000001,501.93073152,2198.069268480001,True,697430,3182093,True,880.9797982475748,12122.7170865125,-11241.737288264925
2024-08-02,2024-08-08,6,25,24850.0,350.0,700.0,0.11706096374392358,24835.8,24136.55,73.44999999999999,350.0,-276.55,-6913.75,493.22778480750003,-7406.9777848075,False,418327,101801,True,-6525.997986559925,12122.7170865125,-18648.715073072424
2024-08-09,2024-08-14,5,25,24550.0,350.0,700.0,0.11944969956467463,24529.4,24174.65,64.35,25.349999999998545,39.00000000000145,975.0000000000363,492.8091398125,482.19086018753626,True,194164,253193,True,-6043.807126372389,12122.7170865125,-18166.52421288489
2024-08-16,2024-08-22,6,25,24600.0,400.0,800.0,0.11965970212644685,24585.5,24840.45,33.349999999999994,0.0,33.349999999999994,833.7499999999999,490.8000683525,342.9499316474999,True,240690,405250,True,-5700.857194724888,12122.7170865125,-17823.57428123739
2024-08-23,2024-08-29,6,25,25100.0,300.0,600.0,0.08730895843931935,25092.35,25265.2,78.94999999999999,0.0,78.94999999999999,1973.7499999999998,493.7027714225,1480.0472285774997,True,344945,1026880,True,-4220.809966147389,12122.7170865125,-16343.52705265989
2024-09-06,2024-09-12,6,25,24900.0,150.0,300.0,0.053203814166123645,24906.0,25594.15,83.5,150.0,-66.5,-1662.5,498.13118477499995,-2160.631184775,False,1153698,10107038,True,-6381.441150922388,12122.7170865125,-18504.158237434887
2024-09-20,2024-09-26,6,25,25750.0,350.0,700.0,0.10894404628744364,25767.75,26226.5,43.64999999999999,126.5,-82.85000000000001,-2071.25,492.16096337749997,-2563.4109633775,False,443964,453221,True,-8944.852114299889,12122.7170865125,-21067.569200812388
2024-09-27,2024-10-03,6,25,26450.0,250.0,500.0,0.0788113639169249,26459.15,25623.5,76.35,250.0,-173.65,-4341.25,494.4128509375,-4835.6628509375005,False,235696,38524,True,-13780.51496523739,12122.7170865125,-25903.23205174989
2024-10-04,2024-10-10,6,25,25350.0,350.0,700.0,0.1045865892466171,25327.2,25117.9,111.00000000000003,0.0,111.00000000000003,2775.000000000001,497.50081416,2277.499185840001,True,404218,643514,True,-11503.015779397389,12122.7170865125,-23625.73286590989
2024-10-11,2024-10-17,6,25,25200.0,450.0,900.0,0.139613109537063,25189.3,25137.3,57.45,0.0,57.45,1436.25,491.9894278875,944.2605721125,True,304260,870281,True,-10558.755207284888,12122.7170865125,-22681.47229379739
2024-10-18,2024-10-24,6,25,24950.0,400.0,800.0,0.12771667993305558,24949.15,24452.0,38.5,98.0,-59.5,-1487.5,491.04999639,-1978.54999639,False,222885,309151,True,-12537.305203674889,12122.7170865125,-24660.02229018739
2024-11-08,2024-11-14,6,25,24350.0,450.0,900.0,0.14520085553599413,24374.7,23745.2,53.150000000000006,154.79999999999927,-101.64999999999927,-2541.249999999982,491.68175624749995,-3032.9317562474816,False,191552,132847,True,-15570.236959922371,12122.7170865125,-27692.954046434872
2024-11-18,2024-11-21,3,25,23800.0,350.0,700.0,0.15135857724774798,23823.75,23348.7,94.6,101.29999999999927,-6.699999999999278,-167.49999999998195,493.80503500500004,-661.305035004982,False,1149959,2301707,True,-16231.541994927353,12122.7170865125,-28354.259081439854
2024-11-22,2024-11-28,6,75,24200.0,450.0,900.0,0.140752889917743,24189.95,24283.45,102.65000000000002,0.0,102.65000000000002,7698.750000000002,1110.1032546474999,6588.646745352502,True,211497,2218554,True,-9642.89524957485,12122.7170865125,-21765.612336087353
2024-12-06,2024-12-12,6,75,25100.0,500.0,1000.0,0.1491299195693565,25089.6,24980.7,112.85000000000001,0.0,112.85000000000001,8463.75,1107.2995457125,7356.4504542875,True,704307,1781720,True,-2286.4447952873506,12122.7170865125,-14409.161881799851
2024-12-20,2024-12-26,6,75,23650.0,350.0,700.0,0.11362653397212634,23625.65,23919.75,84.0,0.0,84.0,6300.0,1105.97098369,5194.02901631,True,553453,602335,True,2907.584221022649,12122.7170865125,-9215.132865489852
2025-01-03,2025-01-09,6,75,24400.0,400.0,800.0,0.12867817143434343,24384.6,23789.3,126.6,210.70000000000073,-84.10000000000073,-6307.500000000055,1109.628715345,-7417.128715345055,False,532848,60644,True,-4509.544494322406,12122.7170865125,-16632.261580834907
2025-01-24,2025-01-30,6,75,23250.0,350.0,700.0,0.11292091167590344,23246.65,23568.3,79.75,0.0,79.75,5981.25,1103.3957594725,4877.8542405275,True,758826,795902,True,368.3097462050946,12122.7170865125,-11754.407340307407
2025-01-31,2025-02-06,6,75,23900.0,350.0,700.0,0.11942040160224092,23899.4,23976.55,138.79999999999998,0.0,138.79999999999998,10409.999999999998,1127.621019655,9282.378980344998,True,130720,353208,True,9650.688726550092,12122.7170865125,-2472.028359962409
2025-02-14,2025-02-20,6,75,23300.0,350.0,700.0,0.12468440739060707,23277.85,22942.5,117.00000000000001,7.5,109.50000000000001,8212.500000000002,1111.53765943,7100.962340570002,True,585776,267315,True,16751.651067120096,16751.651067120096,0.0
2025-03-07,2025-03-13,6,75,22650.0,300.0,600.0,0.10439251192669877,22649.95,22591.1,56.60000000000001,0.0,56.60000000000001,4245.000000000001,1098.916483045,3146.083516955001,True,466745,310147,True,19897.734584075097,19897.734584075097,0.0
2025-03-21,2025-03-27,6,75,23650.0,300.0,600.0,0.10309112060402653,23651.2,23777.65,86.35,0.0,86.35,6476.25,1105.0690476925,5371.1809523075,True,154063,699853,True,25268.915536382596,25268.915536382596,0.0
2025-03-28,2025-04-03,6,75,23750.0,300.0,600.0,0.10278745332352267,23765.45,23325.95,63.900000000000006,124.04999999999927,-60.14999999999927,-4511.249999999945,1101.14018977,-5612.390189769945,False,307310,168438,True,19656.525346612652,25268.915536382596,-5612.390189769943
2025-04-11,2025-04-17,6,75,22900.0,400.0,800.0,0.136237070097369,22917.65,24060.2,118.14999999999999,400.0,-281.85,-21138.75,1117.0248676525,-22255.7748676525,False,318909,275810,True,-2599.2495210398483,25268.915536382596,-27868.165057422444
2025-04-25,2025-04-30,5,75,24150.0,350.0,700.0,0.11989427061509125,24139.1,24520.5,71.1,20.5,50.599999999999994,3794.9999999999995,1106.28501388,2688.7149861199996,True,383120,410419,True,89.46546508015126,25268.915536382596,-25179.450071302446
2025-05-02,2025-05-08,6,75,24400.0,400.0,800.0,0.12826899066495645,24400.7,24362.6,60.0,0.0,60.0,4500.0,1103.239806085,3396.760193915,True,441870,1233861,True,3486.225658995151,25268.915536382596,-21782.689877387445
2025-05-23,2025-05-29,6,75,24900.0,450.0,900.0,0.14298140945353693,24879.9,24814.2,83.80000000000001,0.0,83.80000000000001,6285.000000000001,1103.305598125,5181.694401875001,True,348071,885491,True,8667.920060870152,25268.915536382596,-16600.99547551244
2025-05-30,2025-06-05,6,75,24850.0,350.0,700.0,0.10730356206881307,24871.2,24861.4,106.44999999999999,0.0,106.44999999999999,7983.749999999999,1109.0665781125,6874.683421887499,True,209932,321648,True,15542.603482757651,25268.915536382596,-9726.312053624944
2025-06-06,2025-06-12,6,75,25350.0,350.0,700.0,0.10634403859624474,25339.8,25169.6,109.79999999999998,0.0,109.79999999999998,8234.999999999998,1110.717472885,7124.282527114998,True,298399,391770,True,22666.88600987265,25268.915536382596,-2602.029526509945
2025-06-27,2025-07-03,6,75,25850.0,300.0,600.0,0.09127744193084346,25859.1,25508.6,71.9,41.400000000001455,30.49999999999855,2287.4999999998913,1103.34769582,1184.1523041798914,True,232074,182266,True,23851.03831405254,25268.915536382596,-1417.8772223300548
2025-08-01,2025-08-07,6,75,24900.0,300.0,600.0,0.09242860040610783,24892.4,24673.4,105.85,0.0,105.85,7938.75,1111.8278532025,6826.9221467975,True,760533,1160184,True,30677.96046085004,30677.96046085004,0.0
2025-08-08,2025-08-14,6,75,24450.0,300.0,600.0,0.09274397610283182,24441.1,24822.5,55.0,72.5,-17.5,-1312.5,1099.174923175,-2411.674923175,False,352268,375787,True,28266.28553767504,30677.96046085004,-2411.674923175
2025-08-18,2025-08-21,3,75,25200.0,200.0,400.0,0.08654869258520798,25224.1,25122.5,92.85,0.0,92.85,6963.75,1109.7051164725,5854.0448835275,True,699740,1305841,True,34120.33042120254,34120.33042120254,0.0
2025-08-22,2025-08-28,6,75,25050.0,250.0,500.0,0.08014384595199718,25039.2,24773.9,59.55000000000001,26.099999999998545,33.45000000000147,2508.75000000011,1100.5278299125,1408.22217008761,True,251410,308083,True,35528.55259129015,35528.55259129015,0.0
2025-09-17,2025-09-23,6,75,25650.0,200.0,400.0,0.06801395565462458,25664.1,25255.8,88.9,194.20000000000073,-105.30000000000072,-7897.500000000055,1109.140637155,-9006.640637155055,False,213928,95289,True,26521.911954135096,35528.55259129015,-9006.640637155055
2025-10-29,2025-11-04,6,75,26400.0,300.0,600.0,0.08673960628233703,26411.2,25708.3,95.05,300.0,-204.95,-15371.25,1107.6769848175,-16478.9269848175,False,549046,25623,True,10042.984969317597,35528.55259129015,-25485.567621972554
2025-11-06,2025-11-11,5,75,25650.0,250.0,500.0,0.08354190799786289,25627.2,26165.0,47.150000000000006,250.0,-202.85,-15213.75,1097.1353597575,-16310.8853597575,False,383489,799646,True,-6267.900390439903,35528.55259129015,-41796.45298173005
2025-11-12,2025-11-18,6,75,26000.0,300.0,600.0,0.08649014019412479,25986.1,26316.4,52.14999999999999,16.400000000001455,35.749999999998536,2681.2499999998904,1098.8921027725,1582.3578972273904,True,369399,864274,True,-4685.542493212513,35528.55259129015,-40214.09508450267
2025-11-19,2025-11-25,6,75,26250.0,250.0,500.0,0.07963832038993522,26253.7,26234.6,82.85,0.0,82.85,6213.75,1106.8665738775,5106.8834261225,True,238197,387075,True,421.3409329099868,35528.55259129015,-35107.21165838016
2025-12-03,2025-12-09,6,75,26150.0,250.0,500.0,0.07545675681478048,26136.2,26131.2,64.74999999999999,0.0,64.74999999999999,4856.249999999999,1100.9502936925,3755.299706307499,True,269808,549840,True,4176.640639217486,35528.55259129015,-31351.911952072664
2025-12-10,2025-12-16,6,75,26050.0,250.0,500.0,0.07966208017473478,26032.4,26257.4,94.55,0.0,94.55,7091.25,1108.1337575125,5983.1162424875,True,268022,653691,True,10159.756881704987,35528.55259129015,-25368.795709585163
2025-12-17,2025-12-23,6,75,26050.0,250.0,500.0,0.07868509913121108,26061.8,26536.3,71.25,236.29999999999927,-165.04999999999927,-12378.749999999945,1102.0283273275,-13480.778327327445,False,173426,563352,True,-3321.0214456224585,35528.55259129015,-38849.57403691261
2025-12-24,2025-12-30,6,75,26150.0,200.0,400.0,0.06417426136822209,26173.1,25936.8,32.35,13.200000000000728,19.149999999999274,1436.2499999999454,1094.4138593875,341.83614061244543,True,249834,399199,True,-2979.185305010013,35528.55259129015,-38507.73789630016
2025-12-31,2026-01-06,6,65,26600.0,200.0,400.0,0.05854149453846401,26617.1,26427.7,135.05,0.0,135.05,8778.25,999.0083319395001,7779.2416680605,True,73235,744181,True,4800.056363050488,35528.55259129015,-30728.496228239663
2026-01-02,2026-01-06,4,65,26750.0,150.0,300.0,0.05612189068012037,26772.6,26427.7,132.94999999999996,150.0,-17.05000000000004,-1108.2500000000025,1003.7733912125,-2112.0233912125022,False,44523,17839,True,2688.0329718379853,35528.55259129015,-32840.51961945216
2026-01-14,2026-01-20,6,65,26050.0,300.0,600.0,0.09549989239618067,26046.9,25592.7,117.85,157.29999999999927,-39.44999999999928,-2564.249999999953,987.8792114175,-3552.129211417453,False,286714,121955,True,-864.0962395794677,35528.55259129015,-36392.64883086962
2026-01-21,2026-01-27,6,65,25500.0,350.0,700.0,0.11376499790713528,25499.7,25164.2,100.35000000000002,0.0,100.35000000000002,6522.750000000002,986.8147891105,5535.935210889502,True,750129,578604,True,4671.838971310034,35528.55259129015,-30856.713619980117
2026-02-18,2026-02-24,6,65,26150.0,250.0,500.0,0.07894409357753894,26144.5,25768.8,102.75,131.20000000000073,-28.450000000000728,-1849.2500000000473,989.8152039955,-2839.0652039955476,False,195218,80644,True,1832.7737673144866,35528.55259129015,-33695.77882397566
2026-02-25,2026-03-02,5,65,25900.0,350.0,700.0,0.10914961300169675,25905.7,25235.5,117.1,314.5,-197.4,-12831.0,989.151847919,-13820.151847919,False,324846,13815,True,-11987.378080604514,35528.55259129015,-47515.93067189466
2026-03-06,2026-03-10,4,65,24550.0,350.0,700.0,0.1350060451147052,24545.7,24393.6,115.25,0.0,115.25,7491.25,992.7873837645,6498.4626162355,True,437392,268021,True,-5488.915464369014,35528.55259129015,-41017.46805565916
2026-03-11,2026-03-17,6,65,24250.0,400.0,800.0,0.13220925305293854,24231.2,23767.4,161.85,82.59999999999854,79.25000000000145,5151.250000000095,1008.7357908495001,4142.514209150595,True,224341,24691,True,-1346.4012552184195,35528.55259129015,-36874.95384650857
2026-03-13,2026-03-17,4,65,23350.0,350.0,700.0,0.14494639369577925,23352.7,23767.4,131.45,67.40000000000146,64.04999999999853,4163.2499999999045,998.1726802395,3165.0773197604044,True,451779,1167835,True,1818.676064541985,35528.55259129015,-33709.876526748165
2026-03-18,2026-03-24,6,65,23800.0,500.0,1000.0,0.16485393533330125,23776.4,23055.9,78.55,244.09999999999854,-165.54999999999853,-10760.749999999905,983.2100108425,-11743.960010842406,False,305430,104383,True,-9925.28394630042,35528.55259129015,-45453.83653759057
2026-03-25,2026-03-30,5,65,23300.0,500.0,1000.0,0.18262613239977038,23300.0,22565.4,129.6,234.59999999999854,-104.99999999999855,-6824.999999999905,992.405670751,-7817.405670750905,False,294517,188396,True,-17742.689617051325,35528.55259129015,-53271.24220834147
2026-04-02,2026-04-07,5,65,22750.0,450.0,900.0,0.1759281197863109,22766.6,23452.2,139.5,252.20000000000073,-112.70000000000073,-7325.500000000047,994.508729267,-8320.008729267047,False,170445,265788,True,-26062.69834631837,35528.55259129015,-61591.25093760852
2026-04-08,2026-04-13,5,65,24350.0,550.0,1100.0,0.19369454548642692,24332.4,23858.7,102.1,0.0,102.1,6636.5,985.385915567,5651.114084433,True,48951,17598,True,-20411.58426188537,35528.55259129015,-55940.13685317552
2026-04-22,2026-04-28,6,65,24650.0,350.0,700.0,0.11372244155843568,24653.6,24069.0,132.3,231.0,-98.69999999999999,-6415.499999999999,995.061683903,-7410.561683902999,False,120086,128805,True,-27822.14594578837,35528.55259129015,-63350.69853707852
2026-05-06,2026-05-12,6,65,24450.0,350.0,700.0,0.1121873441045721,24447.4,23528.4,95.0,350.0,-255.0,-16575.0,984.43270475,-17559.43270475,False,201590,45284,True,-45381.57865053837,35528.55259129015,-80910.13124182852
2026-05-13,2026-05-19,6,65,23450.0,350.0,700.0,0.12326518201437994,23462.4,23701.2,113.7,0.0,113.7,7390.5,990.337332362,6400.162667638,True,283996,471776,True,-38981.41598290038,35528.55259129015,-74509.96857419053
2026-06-17,2026-06-23,6,65,24300.0,350.0,700.0,0.1057700793823432,24285.6,23852.5,82.2,97.5,-15.299999999999997,-994.4999999999998,981.2633054390001,-1975.7633054389999,False,176454,1527482,True,-40957.17928833938,35528.55259129015,-76485.73187962953
2026-07-24,2026-07-28,4,65,23850.0,200.0,400.0,0.07686490585856483,23874.6,23973.4,57.199999999999996,0.0,57.199999999999996,3717.9999999999995,979.420824357,2738.5791756429994,True,802786,966027,True,-38218.60011269638,35528.55259129015,-73747.15270398653
2026-07-29,2026-08-04,6,65,24300.0,250.0,500.0,0.07494670624778998,24311.5,24820.5,60.3,250.0,-189.7,-12330.5,979.135806156,-13309.635806156,False,423971,871356,True,-51528.235918852384,35528.55259129015,-87056.78851014253
2026-08-06,2026-08-11,5,65,25000.0,250.0,500.0,0.07853061092649934,24994.3,24809.1,107.05000000000001,0.0,107.05000000000001,6958.250000000001,988.0659194585,5970.184080541501,True,242270,80870,True,-45558.05183831089,35528.55259129015,-81086.60442960104
2026-08-07,2026-08-11,4,65,24650.0,200.0,400.0,0.07439160294747839,24655.0,24809.1,54.35,0.0,54.35,3532.75,977.6375089205001,2555.1124910794997,True,555499,756363,True,-43002.93934723139,35528.55259129015,-78531.49193852153
2026-08-12,2026-08-18,6,65,24600.0,250.0,500.0,0.07268073387388531,24602.9,24230.1,69.35,119.90000000000146,-50.55000000000146,-3285.750000000095,979.9807827235,-4265.730782723595,False,430545,468881,True,-47268.67012995498,35528.55259129015,-82797.22272124514
2026-09-02,2026-09-08,6,65,24000.0,200.0,400.0,0.07004434828370465,24000.3,23749.6,67.45,50.400000000001455,17.049999999998548,1108.2499999999056,981.7985056435,126.45149435640565,True,561348,1436602,True,-47142.218635598576,35528.55259129015,-82670.77122688873
2026-09-09,2026-09-15,6,65,23750.0,200.0,400.0,0.07042102177986238,23768.6,23332.0,85.35,200.0,-114.65,-7452.25,987.5623673835,-8439.8123673835,False,405377,713570,True,-55582.031002982076,35528.55259129015,-91110.58359427223
2026-09-11,2026-09-15,4,65,23700.0,150.0,300.0,0.06442061115825273,23686.0,23332.0,77.14999999999999,150.0,-72.85000000000001,-4735.250000000001,988.9503910595,-5724.200391059501,False,283227,1259146,True,-61306.23139404158,35528.55259129015,-96834.78398533173
