date,signal_bar,fill_bar,side,wall,credit_pts,wall_oi_age_min,fillable,max_quote_age,exit_reason,bars_held,net_pnl
2021-01-06,2021-01-06 14:05:00,2021-01-06 14:10:00,put,14100.0,,35.0,False,,,,
2021-01-06,2021-01-06 14:30:00,2021-01-06 14:35:00,put,14100.0,,60.0,False,,,,
2021-01-13,2021-01-13 13:45:00,2021-01-13 13:50:00,put,14500.0,,55.0,False,,,,
2021-01-14,2021-01-14 13:45:00,2021-01-14 13:50:00,call,14600.0,,205.0,False,,,,
2021-01-14,2021-01-14 14:20:00,2021-01-14 14:25:00,call,14600.0,,240.0,False,,,,
2021-01-14,2021-01-14 15:05:00,2021-01-14 15:10:00,call,14600.0,,285.0,False,,,,
2021-01-21,2021-01-21 15:05:00,2021-01-21 15:10:00,put,14600.0,,25.0,False,,,,
2021-01-27,2021-01-27 14:10:00,2021-01-27 14:15:00,put,14000.0,,75.0,False,,,,
2021-01-28,2021-01-28 12:35:00,2021-01-28 12:40:00,put,13800.0,,140.0,False,,,,
2021-01-28,2021-01-28 13:55:00,2021-01-28 14:00:00,put,13800.0,,220.0,False,,,,
2021-01-28,2021-01-28 14:25:00,2021-01-28 14:30:00,put,13800.0,,250.0,False,,,,
2021-01-28,2021-01-28 14:40:00,2021-01-28 14:45:00,put,13800.0,,265.0,False,,,,
2021-02-10,2021-02-10 13:40:00,2021-02-10 13:45:00,put,15000.0,,35.0,False,,,,
2021-02-17,2021-02-17 13:35:00,2021-02-17 13:40:00,put,15200.0,,50.0,False,,,,
2021-02-17,2021-02-17 14:40:00,2021-02-17 14:45:00,put,15200.0,,115.0,False,,,,
2021-02-17,2021-02-17 15:25:00,,put,15200.0,,160.0,False,,,,
2021-02-25,2021-02-25 09:20:00,2021-02-25 09:25:00,call,15000.0,,0.0,False,,,,
2021-03-03,2021-03-03 10:40:00,2021-03-03 10:45:00,call,15000.0,,0.0,False,,,,
2021-03-03,2021-03-03 11:20:00,2021-03-03 11:25:00,call,15000.0,,15.0,False,,,,
2021-03-03,2021-03-03 14:45:00,2021-03-03 14:50:00,call,15200.0,,95.0,False,,,,
2021-03-03,2021-03-03 15:00:00,2021-03-03 15:05:00,call,15200.0,,110.0,False,,,,
2021-03-04,2021-03-04 09:45:00,2021-03-04 09:50:00,put,15000.0,,25.0,False,,,,
2021-03-09,2021-03-09 13:00:00,2021-03-09 13:05:00,put,15000.0,,75.0,False,,,,
2021-03-09,2021-03-09 15:10:00,2021-03-09 15:15:00,call,15100.0,,15.0,False,,,,
2021-03-17,2021-03-17 14:00:00,2021-03-17 14:05:00,put,14800.0,,120.0,False,,,,
2021-03-18,2021-03-18 13:15:00,2021-03-18 13:20:00,put,14700.0,,25.0,False,,,,
2021-03-18,2021-03-18 14:15:00,2021-03-18 14:20:00,put,14500.0,,25.0,False,,,,
2021-04-01,2021-04-01 15:05:00,2021-04-01 15:10:00,call,14800.0,108.55,200.0,True,5.0,EOD,4.0,2011.57
2021-04-08,2021-04-08 14:30:00,2021-04-08 14:35:00,put,14900.0,,55.0,False,,,,
2021-04-15,2021-04-15 14:05:00,2021-04-15 14:10:00,call,14500.0,,45.0,False,,,,
2021-04-15,2021-04-15 14:30:00,2021-04-15 14:35:00,call,14500.0,,70.0,False,,,,
2021-04-15,2021-04-15 14:45:00,2021-04-15 14:50:00,call,14500.0,,85.0,False,,,,
2021-04-22,2021-04-22 15:15:00,2021-04-22 15:20:00,call,14400.0,,150.0,False,,,,
2021-05-06,2021-05-06 14:35:00,2021-05-06 14:40:00,call,14700.0,,195.0,False,,,,
2021-05-06,2021-05-06 15:00:00,2021-05-06 15:05:00,call,14700.0,,220.0,False,,,,
2021-05-12,2021-05-12 14:50:00,2021-05-12 14:55:00,put,14700.0,,325.0,False,,,,
2021-05-12,2021-05-12 15:25:00,,put,14700.0,,360.0,False,,,,
2021-05-20,2021-05-20 14:50:00,2021-05-20 14:55:00,put,14900.0,,45.0,False,,,,
2021-05-26,2021-05-26 11:00:00,2021-05-26 11:05:00,call,15300.0,,75.0,False,,,,
2021-05-26,2021-05-26 12:20:00,2021-05-26 12:25:00,call,15300.0,,155.0,False,,,,
2021-05-26,2021-05-26 13:25:00,2021-05-26 13:30:00,call,15300.0,,220.0,False,,,,
2021-05-26,2021-05-26 14:05:00,2021-05-26 14:10:00,call,15300.0,,260.0,False,,,,
2021-05-26,2021-05-26 14:20:00,2021-05-26 14:25:00,call,15300.0,,275.0,False,,,,
2021-05-26,2021-05-26 15:10:00,2021-05-26 15:15:00,call,15300.0,,325.0,False,,,,
2021-06-09,2021-06-09 13:10:00,2021-06-09 13:15:00,put,15700.0,,15.0,False,,,,
2021-06-09,2021-06-09 14:40:00,2021-06-09 14:45:00,put,15600.0,,25.0,False,,,,
2021-06-16,2021-06-16 10:20:00,2021-06-16 10:25:00,put,15800.0,,50.0,False,,,,
2021-06-16,2021-06-16 10:50:00,2021-06-16 10:55:00,put,15800.0,,80.0,False,,,,
2021-06-16,2021-06-16 14:55:00,2021-06-16 15:00:00,put,15800.0,,325.0,False,,,,
2021-06-24,2021-06-24 14:05:00,2021-06-24 14:10:00,call,15800.0,,285.0,False,,,,
2021-06-24,2021-06-24 14:50:00,2021-06-24 14:55:00,call,15800.0,,330.0,False,,,,
2021-07-08,2021-07-08 12:05:00,2021-07-08 12:10:00,put,15800.0,,145.0,False,,,,
2021-07-08,2021-07-08 14:30:00,2021-07-08 14:35:00,put,15700.0,,110.0,False,,,,
2021-07-28,2021-07-28 13:45:00,2021-07-28 13:50:00,call,15700.0,,100.0,False,,,,
2021-07-28,2021-07-28 15:00:00,2021-07-28 15:05:00,call,15700.0,,175.0,False,,,,
2021-08-05,2021-08-05 12:45:00,2021-08-05 12:50:00,call,16300.0,,195.0,False,,,,
2021-08-11,2021-08-11 10:35:00,2021-08-11 10:40:00,put,16200.0,,65.0,False,,,,
2021-08-11,2021-08-11 11:10:00,2021-08-11 11:15:00,put,16200.0,,100.0,False,,,,
2021-08-11,2021-08-11 11:35:00,2021-08-11 11:40:00,put,16200.0,,125.0,False,,,,
2021-08-17,2021-08-17 10:40:00,2021-08-17 10:45:00,call,16500.0,,0.0,False,,,,
2021-08-17,2021-08-17 15:00:00,2021-08-17 15:05:00,call,16600.0,,115.0,False,,,,
2021-08-18,2021-08-18 12:55:00,2021-08-18 13:00:00,put,16600.0,,105.0,False,,,,
2021-08-18,2021-08-18 13:15:00,2021-08-18 13:20:00,put,16600.0,,125.0,False,,,,
2021-08-18,2021-08-18 15:00:00,2021-08-18 15:05:00,put,16600.0,,230.0,False,,,,
2021-09-01,2021-09-01 09:20:00,2021-09-01 09:25:00,call,17100.0,,0.0,False,,,,
2021-09-02,2021-09-02 14:00:00,2021-09-02 14:05:00,call,17200.0,,210.0,False,,,,
2021-09-08,2021-09-08 12:35:00,2021-09-08 12:40:00,put,17300.0,,200.0,False,,,,
2021-09-08,2021-09-08 12:55:00,2021-09-08 13:00:00,put,17300.0,,220.0,False,,,,
2021-09-15,2021-09-15 12:25:00,2021-09-15 12:30:00,call,17400.0,,0.0,False,,,,
2021-09-15,2021-09-15 13:30:00,2021-09-15 13:35:00,call,17500.0,,225.0,False,,,,
2021-09-16,2021-09-16 14:00:00,2021-09-16 14:05:00,call,17600.0,,245.0,False,,,,
2021-09-23,2021-09-23 14:30:00,2021-09-23 14:35:00,call,17800.0,,170.0,False,,,,
2021-09-23,2021-09-23 15:00:00,2021-09-23 15:05:00,call,17800.0,,200.0,False,,,,
2021-09-30,2021-09-30 14:25:00,2021-09-30 14:30:00,put,17600.0,,85.0,False,,,,
2021-09-30,2021-09-30 15:20:00,2021-09-30 15:25:00,put,17600.0,,140.0,False,,,,
2021-10-06,2021-10-06 14:30:00,2021-10-06 14:35:00,put,17700.0,,30.0,False,,,,
2021-10-20,2021-10-20 12:15:00,2021-10-20 12:20:00,put,18300.0,,35.0,False,,,,
2021-10-20,2021-10-20 12:40:00,2021-10-20 12:45:00,put,18300.0,,60.0,False,,,,
2021-10-20,2021-10-20 13:30:00,2021-10-20 13:35:00,put,18300.0,,110.0,False,,,,
2021-10-21,2021-10-21 10:40:00,2021-10-21 10:45:00,put,18200.0,,45.0,False,,,,
2021-10-21,2021-10-21 15:25:00,2021-10-21 15:30:00,call,18200.0,,60.0,False,,,,
2021-10-27,2021-10-27 15:20:00,2021-10-27 15:25:00,put,18200.0,,70.0,False,,,,
2021-10-28,2021-10-28 12:25:00,2021-10-28 12:30:00,put,18000.0,,30.0,False,,,,
2021-10-28,2021-10-28 13:30:00,2021-10-28 13:35:00,put,18000.0,,95.0,False,,,,
2021-10-28,2021-10-28 14:45:00,2021-10-28 14:50:00,put,17900.0,,60.0,False,,,,
2021-10-28,2021-10-28 15:05:00,2021-10-28 15:10:00,put,17900.0,,80.0,False,,,,
2021-11-03,2021-11-03 12:00:00,2021-11-03 12:05:00,put,17900.0,,50.0,False,,,,
2021-11-03,2021-11-03 14:25:00,2021-11-03 14:30:00,put,17800.0,,25.0,False,,,,
2021-11-03,2021-11-03 14:50:00,2021-11-03 14:55:00,put,17800.0,,50.0,False,,,,
2021-11-17,2021-11-17 15:10:00,2021-11-17 15:15:00,put,17900.0,,70.0,False,,,,
2021-11-18,2021-11-18 10:10:00,2021-11-18 10:15:00,put,17800.0,,45.0,False,,,,
2021-11-18,2021-11-18 14:50:00,2021-11-18 14:55:00,call,17800.0,,110.0,False,,,,
2021-11-24,2021-11-24 14:30:00,2021-11-24 14:35:00,put,17500.0,,40.0,False,,,,
2021-11-25,2021-11-25 12:05:00,2021-11-25 12:10:00,call,17500.0,,75.0,False,,,,
2021-11-25,2021-11-25 13:05:00,2021-11-25 13:10:00,call,17500.0,,135.0,False,,,,
2021-11-25,2021-11-25 13:35:00,2021-11-25 13:40:00,call,17500.0,,165.0,False,,,,
2021-11-25,2021-11-25 14:10:00,2021-11-25 14:15:00,call,17500.0,,200.0,False,,,,
2021-12-02,2021-12-02 15:20:00,2021-12-02 15:25:00,call,17400.0,,65.0,False,,,,
2021-12-09,2021-12-09 12:35:00,2021-12-09 12:40:00,call,17500.0,,75.0,False,,,,
2021-12-09,2021-12-09 13:55:00,2021-12-09 14:00:00,call,17500.0,,155.0,False,,,,
2021-12-09,2021-12-09 15:00:00,2021-12-09 15:05:00,call,17500.0,,220.0,False,,,,
2021-12-16,2021-12-16 14:40:00,2021-12-16 14:45:00,put,17200.0,,105.0,False,,,,
2022-01-19,2022-01-19 09:35:00,2022-01-19 09:40:00,put,18000.0,,10.0,False,,,,
2022-01-19,2022-01-19 10:50:00,2022-01-19 10:55:00,put,18000.0,,85.0,False,,,,
2022-01-20,2022-01-20 11:20:00,2022-01-20 11:25:00,put,17800.0,,95.0,False,,,,
2022-01-20,2022-01-20 13:40:00,2022-01-20 13:45:00,put,17700.0,,35.0,False,,,,
2022-01-20,2022-01-20 13:55:00,2022-01-20 14:00:00,put,17700.0,,50.0,False,,,,
2022-01-20,2022-01-20 14:15:00,2022-01-20 14:20:00,put,17700.0,,70.0,False,,,,
2022-01-27,2022-01-27 12:00:00,2022-01-27 12:05:00,put,17000.0,,0.0,False,,,,
2022-01-27,2022-01-27 13:10:00,2022-01-27 13:15:00,call,17000.0,,15.0,False,,,,
2022-01-27,2022-01-27 13:30:00,2022-01-27 13:35:00,call,17000.0,,35.0,False,,,,
2022-01-27,2022-01-27 15:05:00,2022-01-27 15:10:00,call,17100.0,,95.0,False,,,,
2022-02-03,2022-02-03 13:45:00,2022-02-03 13:50:00,put,17600.0,,60.0,False,,,,
2022-02-03,2022-02-03 14:55:00,2022-02-03 15:00:00,put,17600.0,,130.0,False,,,,
2022-02-10,2022-02-10 11:35:00,2022-02-10 11:40:00,call,17600.0,,75.0,False,,,,
2022-02-10,2022-02-10 12:40:00,2022-02-10 12:45:00,call,17600.0,,140.0,False,,,,
2022-02-10,2022-02-10 14:00:00,2022-02-10 14:05:00,call,17600.0,,220.0,False,,,,
2022-02-10,2022-02-10 14:55:00,2022-02-10 15:00:00,call,17600.0,,275.0,False,,,,
2022-02-10,2022-02-10 15:15:00,2022-02-10 15:20:00,call,17600.0,,295.0,False,,,,
2022-02-17,2022-02-17 15:10:00,2022-02-17 15:15:00,put,17300.0,,80.0,False,,,,
2022-02-24,2022-02-24 09:45:00,2022-02-24 09:50:00,put,16500.0,,10.0,False,,,,
2022-02-24,2022-02-24 12:45:00,2022-02-24 12:50:00,put,16500.0,,35.0,False,,,,
2022-02-24,2022-02-24 13:15:00,2022-02-24 13:20:00,put,16500.0,,65.0,False,,,,
2022-02-24,2022-02-24 14:55:00,2022-02-24 15:00:00,put,16400.0,,0.0,False,,,,
2022-02-24,2022-02-24 15:10:00,2022-02-24 15:15:00,put,16300.0,,25.0,False,,,,
2022-03-10,2022-03-10 13:40:00,2022-03-10 13:45:00,put,16600.0,,75.0,False,,,,
2022-03-10,2022-03-10 14:00:00,2022-03-10 14:05:00,put,16500.0,,20.0,False,,,,
2022-03-23,2022-03-23 11:55:00,2022-03-23 12:00:00,put,17300.0,,60.0,False,,,,
2022-03-24,2022-03-24 12:10:00,2022-03-24 12:15:00,put,17200.0,,35.0,False,,,,
2022-03-24,2022-03-24 13:35:00,2022-03-24 13:40:00,put,17200.0,,120.0,False,,,,
2022-03-24,2022-03-24 15:25:00,2022-03-24 15:30:00,put,17200.0,,230.0,False,,,,
2022-04-06,2022-04-06 13:25:00,2022-04-06 13:30:00,put,17800.0,,40.0,False,,,,
2022-04-06,2022-04-06 14:10:00,2022-04-06 14:15:00,put,17800.0,,85.0,False,,,,
2022-04-06,2022-04-06 14:55:00,2022-04-06 15:00:00,put,17800.0,,130.0,False,,,,
2022-04-06,2022-04-06 15:25:00,2022-04-06 15:30:00,put,17800.0,,160.0,False,,,,
2022-04-07,2022-04-07 13:40:00,2022-04-07 13:45:00,put,17700.0,,60.0,False,,,,
2022-04-12,2022-04-12 10:00:00,2022-04-12 10:05:00,put,17500.0,,35.0,False,,,,
2022-04-12,2022-04-12 11:30:00,2022-04-12 11:35:00,put,17500.0,,125.0,False,,,,
2022-04-12,2022-04-12 12:30:00,2022-04-12 12:35:00,put,17500.0,,185.0,False,,,,
2022-04-12,2022-04-12 13:00:00,2022-04-12 13:05:00,put,17500.0,,215.0,False,,,,
2022-04-13,2022-04-13 11:40:00,2022-04-13 11:45:00,put,17600.0,107.8,0.0,True,5.0,EOD,45.0,-1166.41
2022-04-13,2022-04-13 12:10:00,2022-04-13 12:15:00,put,17500.0,,130.0,False,,,,
2022-04-13,2022-04-13 14:55:00,2022-04-13 15:00:00,put,17500.0,,295.0,False,,,,
2022-04-21,2022-04-21 14:25:00,2022-04-21 14:30:00,call,17400.0,,170.0,False,,,,
2022-04-21,2022-04-21 14:50:00,2022-04-21 14:55:00,call,17400.0,,195.0,False,,,,
2022-04-21,2022-04-21 15:25:00,2022-04-21 15:30:00,call,17400.0,,230.0,False,,,,
2022-04-27,2022-04-27 12:50:00,2022-04-27 12:55:00,put,17000.0,,160.0,False,,,,
2022-04-28,2022-04-28 12:30:00,2022-04-28 12:35:00,call,17200.0,,70.0,False,,,,
2022-04-28,2022-04-28 14:25:00,2022-04-28 14:30:00,call,17300.0,,90.0,False,,,,
2022-05-04,2022-05-04 10:20:00,2022-05-04 10:25:00,put,17000.0,,65.0,False,,,,
2022-05-04,2022-05-04 14:30:00,2022-05-04 14:35:00,put,16800.0,,35.0,False,,,,
2022-05-05,2022-05-05 13:35:00,2022-05-05 13:40:00,put,16800.0,,45.0,False,,,,
2022-05-05,2022-05-05 14:05:00,2022-05-05 14:10:00,put,16700.0,,30.0,False,,,,
2022-05-05,2022-05-05 15:00:00,2022-05-05 15:05:00,put,16700.0,,85.0,False,,,,
2022-05-12,2022-05-12 15:00:00,2022-05-12 15:05:00,put,15800.0,,105.0,False,,,,
2022-05-19,2022-05-19 14:40:00,2022-05-19 14:45:00,put,15800.0,,155.0,False,,,,
2022-05-19,2022-05-19 15:05:00,2022-05-19 15:10:00,put,15800.0,,180.0,False,,,,
2022-05-26,2022-05-26 10:25:00,2022-05-26 10:30:00,put,16000.0,,60.0,False,,,,
2022-05-26,2022-05-26 12:50:00,2022-05-26 12:55:00,call,16000.0,,55.0,False,,,,
2022-05-26,2022-05-26 13:15:00,2022-05-26 13:20:00,call,16100.0,,20.0,False,,,,
2022-05-26,2022-05-26 14:20:00,2022-05-26 14:25:00,call,16100.0,,85.0,False,,,,
2022-05-26,2022-05-26 15:25:00,2022-05-26 15:30:00,call,16200.0,,55.0,False,,,,
2022-06-01,2022-06-01 13:40:00,2022-06-01 13:45:00,put,16500.0,,40.0,False,,,,
2022-06-01,2022-06-01 14:05:00,2022-06-01 14:10:00,put,16500.0,,65.0,False,,,,
2022-06-02,2022-06-02 15:05:00,2022-06-02 15:10:00,call,16600.0,,225.0,False,,,,
2022-06-08,2022-06-08 13:35:00,2022-06-08 13:40:00,put,16400.0,,80.0,False,,,,
2022-06-08,2022-06-08 14:45:00,2022-06-08 14:50:00,put,16400.0,,150.0,False,,,,
2022-06-09,2022-06-09 14:25:00,2022-06-09 14:30:00,call,16400.0,,250.0,False,,,,
2022-06-15,2022-06-15 15:00:00,2022-06-15 15:05:00,put,15700.0,,135.0,False,,,,
2022-06-16,2022-06-16 13:00:00,2022-06-16 13:05:00,put,15500.0,,25.0,False,,,,
2022-06-23,2022-06-23 13:35:00,2022-06-23 13:40:00,call,15500.0,,10.0,False,,,,
2022-06-23,2022-06-23 14:15:00,2022-06-23 14:20:00,call,15500.0,,50.0,False,,,,
2022-07-06,2022-07-06 13:10:00,2022-07-06 13:15:00,call,16000.0,,30.0,False,,,,
2022-07-13,2022-07-13 13:25:00,2022-07-13 13:30:00,put,16000.0,,65.0,False,,,,
2022-07-14,2022-07-14 14:10:00,2022-07-14 14:15:00,put,15900.0,,75.0,False,,,,
2022-07-14,2022-07-14 14:45:00,2022-07-14 14:50:00,put,15900.0,,110.0,False,,,,
2022-07-20,2022-07-20 15:25:00,,put,16500.0,,150.0,False,,,,
2022-07-21,2022-07-21 15:05:00,2022-07-21 15:10:00,call,16600.0,,75.0,False,,,,
2022-07-28,2022-07-28 15:00:00,2022-07-28 15:05:00,call,16900.0,,290.0,False,,,,
2022-08-03,2022-08-03 15:10:00,2022-08-03 15:15:00,call,17400.0,,35.0,False,,,,
2022-08-04,2022-08-04 11:25:00,2022-08-04 11:30:00,put,17300.0,,15.0,False,,,,
2022-08-25,2022-08-25 14:55:00,2022-08-25 15:00:00,put,17600.0,,35.0,False,,,,
2022-09-01,2022-09-01 13:55:00,2022-09-01 14:00:00,put,17500.0,,65.0,False,,,,
2022-09-08,2022-09-08 15:05:00,2022-09-08 15:10:00,call,17800.0,,75.0,False,,,,
2022-09-08,2022-09-08 15:25:00,,call,17800.0,,95.0,False,,,,
2022-09-14,2022-09-14 12:05:00,2022-09-14 12:10:00,call,18000.0,,85.0,False,,,,
2022-09-14,2022-09-14 15:10:00,2022-09-14 15:15:00,put,18000.0,,30.0,False,,,,
2022-09-15,2022-09-15 09:55:00,2022-09-15 10:00:00,put,18000.0,,35.0,False,,,,
2022-09-15,2022-09-15 10:45:00,2022-09-15 10:50:00,put,17900.0,,25.0,False,,,,
2022-09-15,2022-09-15 15:05:00,2022-09-15 15:10:00,put,17900.0,,285.0,False,,,,
2022-09-21,2022-09-21 11:55:00,2022-09-21 12:00:00,put,17700.0,,35.0,False,,,,
2022-09-21,2022-09-21 12:20:00,2022-09-21 12:25:00,put,17700.0,,60.0,False,,,,
2022-09-22,2022-09-22 14:05:00,2022-09-22 14:10:00,call,17700.0,,55.0,False,,,,
2022-09-28,2022-09-28 14:40:00,2022-09-28 14:45:00,put,16900.0,,65.0,False,,,,
2022-09-29,2022-09-29 13:20:00,2022-09-29 13:25:00,put,16800.0,,50.0,False,,,,
2022-09-29,2022-09-29 15:05:00,2022-09-29 15:10:00,put,16800.0,,25.0,False,,,,
2022-10-13,2022-10-13 11:20:00,2022-10-13 11:25:00,put,17000.0,,95.0,False,,,,
2022-10-13,2022-10-13 11:40:00,2022-10-13 11:45:00,put,17000.0,,115.0,False,,,,
2022-10-13,2022-10-13 12:25:00,2022-10-13 12:30:00,put,17000.0,,160.0,False,,,,
2022-10-13,2022-10-13 13:30:00,2022-10-13 13:35:00,put,17000.0,,225.0,False,,,,
2022-10-19,2022-10-19 10:00:00,2022-10-19 10:05:00,call,17500.0,125.9,0.0,True,5.0,EOD,65.0,2678.79
2022-10-19,2022-10-19 14:50:00,2022-10-19 14:55:00,put,17500.0,,195.0,False,,,,
2022-11-24,2022-11-24 14:10:00,2022-11-24 14:15:00,call,18400.0,,280.0,False,,,,
2022-11-24,2022-11-24 14:55:00,2022-11-24 15:00:00,call,18400.0,,325.0,False,,,,
2022-11-30,2022-11-30 15:00:00,2022-11-30 15:05:00,call,18700.0,,255.0,False,,,,
2022-11-30,2022-11-30 15:20:00,2022-11-30 15:25:00,call,18800.0,,20.0,False,,,,
2022-12-15,2022-12-15 14:25:00,2022-12-15 14:30:00,put,18500.0,,195.0,False,,,,
2022-12-15,2022-12-15 15:10:00,2022-12-15 15:15:00,put,18450.0,,55.0,False,,,,
2022-12-21,2022-12-21 12:30:00,2022-12-21 12:35:00,put,18300.0,,40.0,False,,,,
2022-12-21,2022-12-21 13:15:00,2022-12-21 13:20:00,put,18300.0,,85.0,False,,,,
2022-12-21,2022-12-21 14:00:00,2022-12-21 14:05:00,put,18200.0,,20.0,False,,,,
2022-12-21,2022-12-21 14:15:00,2022-12-21 14:20:00,put,18200.0,,35.0,False,,,,
2022-12-29,2022-12-29 14:35:00,2022-12-29 14:40:00,call,18100.0,,100.0,False,,,,
2022-12-29,2022-12-29 15:20:00,2022-12-29 15:25:00,call,18200.0,,45.0,False,,,,
2023-01-05,2023-01-05 11:50:00,2023-01-05 11:55:00,put,18000.0,,135.0,False,,,,
2023-01-05,2023-01-05 13:35:00,2023-01-05 13:40:00,put,17900.0,,80.0,False,,,,
2023-01-05,2023-01-05 15:15:00,2023-01-05 15:20:00,call,18000.0,,60.0,False,,,,
2023-01-12,2023-01-12 13:25:00,2023-01-12 13:30:00,put,17800.0,,210.0,False,,,,
2023-01-24,2023-01-24 09:20:00,2023-01-24 09:25:00,call,18100.0,,0.0,False,,,,
2023-01-24,2023-01-24 13:40:00,2023-01-24 13:45:00,put,18100.0,,235.0,False,,,,
2023-01-24,2023-01-24 14:20:00,2023-01-24 14:25:00,put,18100.0,,275.0,False,,,,
2023-01-25,2023-01-25 09:40:00,2023-01-25 09:45:00,put,18100.0,,0.0,False,,,,
2023-01-25,2023-01-25 11:20:00,2023-01-25 11:25:00,put,17900.0,,80.0,False,,,,
2023-02-01,2023-02-01 13:30:00,2023-02-01 13:35:00,put,17800.0,,15.0,False,,,,
2023-02-01,2023-02-01 13:55:00,2023-02-01 14:00:00,put,17700.0,,25.0,False,,,,
2023-02-01,2023-02-01 14:10:00,2023-02-01 14:15:00,put,17700.0,,40.0,False,,,,
2023-02-02,2023-02-02 14:50:00,2023-02-02 14:55:00,call,17600.0,,50.0,False,,,,
2023-02-09,2023-02-09 15:20:00,2023-02-09 15:25:00,call,17900.0,,335.0,False,,,,
2023-02-15,2023-02-15 15:00:00,2023-02-15 15:05:00,call,18000.0,,75.0,False,,,,
2023-02-23,2023-02-23 15:00:00,2023-02-23 15:05:00,put,17500.0,,70.0,False,,,,
2023-03-09,2023-03-09 15:10:00,2023-03-09 15:15:00,put,17600.0,,180.0,False,,,,
2023-03-15,2023-03-15 15:00:00,2023-03-15 15:05:00,put,17000.0,,135.0,False,,,,
2023-03-16,2023-03-16 14:05:00,2023-03-16 14:10:00,call,17000.0,,95.0,False,,,,
2023-03-16,2023-03-16 15:15:00,2023-03-16 15:20:00,call,17000.0,,165.0,False,,,,
2023-03-23,2023-03-23 14:40:00,2023-03-23 14:45:00,put,17100.0,,65.0,False,,,,
2023-03-28,2023-03-28 14:10:00,2023-03-28 14:15:00,put,17000.0,,0.0,False,,,,
2023-03-29,2023-03-29 15:20:00,2023-03-29 15:25:00,call,17100.0,,25.0,False,,,,
2023-04-19,2023-04-19 09:20:00,2023-04-19 09:25:00,put,17700.0,94.35,0.0,True,5.0,EOD,73.0,-219.03
2023-04-19,2023-04-19 10:00:00,2023-04-19 10:05:00,put,17700.0,,0.0,False,,,,
2023-04-19,2023-04-19 11:25:00,2023-04-19 11:30:00,put,17700.0,,80.0,False,,,,
2023-04-19,2023-04-19 13:40:00,2023-04-19 13:45:00,put,17700.0,,0.0,False,,,,
2023-04-20,2023-04-20 10:30:00,2023-04-20 10:35:00,put,17600.0,,55.0,False,,,,
2023-04-26,2023-04-26 12:35:00,2023-04-26 12:40:00,call,17800.0,,165.0,False,,,,
2023-04-26,2023-04-26 15:05:00,2023-04-26 15:10:00,call,17800.0,,315.0,False,,,,
2023-05-04,2023-05-04 14:20:00,2023-05-04 14:25:00,call,18200.0,,245.0,False,,,,
2023-05-10,2023-05-10 14:20:00,2023-05-10 14:25:00,call,18300.0,,255.0,False,,,,
2023-05-10,2023-05-10 15:00:00,2023-05-10 15:05:00,call,18300.0,,295.0,False,,,,
2023-05-17,2023-05-17 10:45:00,2023-05-17 10:50:00,put,18300.0,,0.0,False,,,,
2023-05-24,2023-05-24 13:15:00,2023-05-24 13:20:00,put,18300.0,,105.0,False,,,,
2023-05-24,2023-05-24 14:00:00,2023-05-24 14:05:00,put,18300.0,,150.0,False,,,,
2023-05-24,2023-05-24 14:40:00,2023-05-24 14:45:00,put,18300.0,,190.0,False,,,,
2023-05-25,2023-05-25 15:00:00,2023-05-25 15:05:00,call,18300.0,,60.0,False,,,,
2023-06-01,2023-06-01 15:05:00,2023-06-01 15:10:00,put,18500.0,,230.0,False,,,,
2023-06-07,2023-06-07 12:45:00,2023-06-07 12:50:00,call,18600.0,,0.0,False,,,,
2023-06-08,2023-06-08 11:55:00,2023-06-08 12:00:00,put,18700.0,,70.0,False,,,,
2023-06-08,2023-06-08 12:15:00,2023-06-08 12:20:00,put,18700.0,,90.0,False,,,,
2023-06-08,2023-06-08 12:30:00,2023-06-08 12:35:00,put,18700.0,,105.0,False,,,,
2023-06-08,2023-06-08 13:05:00,2023-06-08 13:10:00,put,18700.0,,140.0,False,,,,
2023-06-08,2023-06-08 14:05:00,2023-06-08 14:10:00,put,18700.0,,200.0,False,,,,
2023-06-15,2023-06-15 14:20:00,2023-06-15 14:25:00,put,18700.0,,200.0,False,,,,
2023-06-15,2023-06-15 15:10:00,2023-06-15 15:15:00,put,18700.0,,250.0,False,,,,
2023-06-22,2023-06-22 12:55:00,2023-06-22 13:00:00,put,18800.0,,145.0,False,,,,
2023-06-22,2023-06-22 14:25:00,2023-06-22 14:30:00,put,18800.0,,235.0,False,,,,
2023-06-22,2023-06-22 14:55:00,2023-06-22 15:00:00,put,18800.0,,265.0,False,,,,
2023-06-28,2023-06-28 13:35:00,2023-06-28 13:40:00,call,19000.0,,155.0,False,,,,
2023-07-06,2023-07-06 15:10:00,2023-07-06 15:15:00,call,19500.0,,310.0,False,,,,
2023-07-12,2023-07-12 15:05:00,2023-07-12 15:10:00,put,19400.0,,245.0,False,,,,
2023-07-13,2023-07-13 14:50:00,2023-07-13 14:55:00,put,19400.0,,50.0,False,,,,
2023-07-26,2023-07-26 10:05:00,2023-07-26 10:10:00,call,19800.0,,50.0,False,,,,
2023-07-26,2023-07-26 11:45:00,2023-07-26 11:50:00,call,19800.0,,150.0,False,,,,
2023-07-27,2023-07-27 13:30:00,2023-07-27 13:35:00,put,19700.0,,140.0,False,,,,
2023-07-27,2023-07-27 13:45:00,2023-07-27 13:50:00,put,19700.0,,155.0,False,,,,
2023-07-27,2023-07-27 14:00:00,2023-07-27 14:05:00,put,19700.0,,170.0,False,,,,
2023-07-27,2023-07-27 15:25:00,2023-07-27 15:30:00,call,19700.0,,30.0,False,,,,
2023-08-02,2023-08-02 13:20:00,2023-08-02 13:25:00,put,19500.0,,160.0,False,,,,
2023-08-03,2023-08-03 12:40:00,2023-08-03 12:45:00,put,19400.0,,35.0,False,,,,
2023-08-03,2023-08-03 15:15:00,2023-08-03 15:20:00,call,19400.0,,25.0,False,,,,
2023-08-09,2023-08-09 15:00:00,2023-08-09 15:05:00,call,19600.0,,40.0,False,,,,
2023-08-24,2023-08-24 10:55:00,2023-08-24 11:00:00,put,19500.0,,65.0,False,,,,
2023-08-24,2023-08-24 14:55:00,2023-08-24 15:00:00,put,19400.0,,190.0,False,,,,
2023-08-31,2023-08-31 12:20:00,2023-08-31 12:25:00,put,19300.0,,140.0,False,,,,
2023-08-31,2023-08-31 13:10:00,2023-08-31 13:15:00,put,19300.0,,190.0,False,,,,
2023-08-31,2023-08-31 13:50:00,2023-08-31 13:55:00,put,19300.0,,230.0,False,,,,
2023-09-06,2023-09-06 13:20:00,2023-09-06 13:25:00,put,19500.0,,150.0,False,,,,
2023-09-06,2023-09-06 15:05:00,2023-09-06 15:10:00,call,19600.0,,45.0,False,,,,
2023-09-07,2023-09-07 14:35:00,2023-09-07 14:40:00,call,19700.0,,85.0,False,,,,
2023-09-20,2023-09-20 09:20:00,2023-09-20 09:25:00,put,20100.0,,5.0,False,,,,
2023-09-20,2023-09-20 13:40:00,2023-09-20 13:45:00,put,20000.0,,0.0,False,,,,
2023-09-20,2023-09-20 14:00:00,2023-09-20 14:05:00,put,19900.0,,240.0,False,,,,
2023-09-27,2023-09-27 13:30:00,2023-09-27 13:35:00,call,19700.0,,125.0,False,,,,
2023-09-27,2023-09-27 13:50:00,2023-09-27 13:55:00,call,19700.0,,145.0,False,,,,
2023-09-27,2023-09-27 15:05:00,2023-09-27 15:10:00,call,19700.0,,220.0,False,,,,
2023-09-28,2023-09-28 13:05:00,2023-09-28 13:10:00,put,19600.0,,125.0,False,,,,
2023-09-28,2023-09-28 15:10:00,2023-09-28 15:15:00,put,19500.0,,55.0,False,,,,
2023-10-04,2023-10-04 09:20:00,2023-10-04 09:25:00,put,19500.0,,0.0,False,,,,
2023-10-18,2023-10-18 11:55:00,2023-10-18 12:00:00,put,19700.0,,75.0,False,,,,
2023-10-18,2023-10-18 12:15:00,2023-10-18 12:20:00,put,19700.0,,95.0,False,,,,
2023-10-18,2023-10-18 12:30:00,2023-10-18 12:35:00,put,19700.0,,110.0,False,,,,
2023-10-18,2023-10-18 14:35:00,2023-10-18 14:40:00,put,19700.0,,235.0,False,,,,
2023-11-01,2023-11-01 15:00:00,2023-11-01 15:05:00,put,19000.0,,320.0,False,,,,
2023-11-16,2023-11-16 12:10:00,2023-11-16 12:15:00,call,19800.0,,75.0,False,,,,
2023-11-16,2023-11-16 12:35:00,2023-11-16 12:40:00,call,19800.0,,100.0,False,,,,
2023-11-16,2023-11-16 13:25:00,2023-11-16 13:30:00,call,19800.0,,150.0,False,,,,
2023-11-16,2023-11-16 13:40:00,2023-11-16 13:45:00,call,19800.0,,165.0,False,,,,
2023-11-22,2023-11-22 14:35:00,2023-11-22 14:40:00,call,19800.0,,130.0,False,,,,
2023-11-30,2023-11-30 15:20:00,2023-11-30 15:25:00,call,20150.0,,60.0,False,,,,
2023-12-13,2023-12-13 10:20:00,2023-12-13 10:25:00,put,20900.0,,0.0,False,,,,
2023-12-13,2023-12-13 11:30:00,2023-12-13 11:35:00,put,20800.0,,105.0,False,,,,
2023-12-14,2023-12-14 15:20:00,2023-12-14 15:25:00,call,21200.0,,360.0,False,,,,
2023-12-20,2023-12-20 13:05:00,2023-12-20 13:10:00,put,21500.0,,125.0,False,,,,
2023-12-20,2023-12-20 13:30:00,2023-12-20 13:35:00,put,21400.0,,25.0,False,,,,
2023-12-20,2023-12-20 13:45:00,2023-12-20 13:50:00,put,21400.0,,40.0,False,,,,
2024-01-10,2024-01-10 15:05:00,2024-01-10 15:10:00,call,21600.0,,40.0,False,,,,
2024-01-17,2024-01-17 11:35:00,2024-01-17 11:40:00,put,21800.0,,0.0,False,,,,
2024-01-18,2024-01-18 10:25:00,2024-01-18 10:30:00,call,21400.0,,25.0,False,,,,
2024-01-18,2024-01-18 10:45:00,2024-01-18 10:50:00,call,21400.0,,45.0,False,,,,
2024-01-25,2024-01-25 15:15:00,2024-01-25 15:20:00,call,21350.0,,20.0,False,,,,
2024-01-31,2024-01-31 11:35:00,2024-01-31 11:40:00,call,21700.0,,50.0,False,,,,
2024-02-07,2024-02-07 11:30:00,2024-02-07 11:35:00,put,21900.0,,40.0,False,,,,
2024-02-07,2024-02-07 11:50:00,2024-02-07 11:55:00,put,21900.0,,60.0,False,,,,
2024-02-07,2024-02-07 12:20:00,2024-02-07 12:25:00,put,21900.0,,90.0,False,,,,
2024-02-07,2024-02-07 12:45:00,2024-02-07 12:50:00,put,21900.0,,115.0,False,,,,
2024-02-07,2024-02-07 13:00:00,2024-02-07 13:05:00,put,21900.0,,130.0,False,,,,
2024-02-07,2024-02-07 13:25:00,2024-02-07 13:30:00,put,21900.0,,155.0,False,,,,
2024-02-08,2024-02-08 11:00:00,2024-02-08 11:05:00,put,21800.0,111.3,10.0,True,5.0,EOD,53.0,1846.27
2024-02-08,2024-02-08 14:35:00,2024-02-08 14:40:00,put,21700.0,,50.0,False,,,,
2024-02-08,2024-02-08 14:50:00,2024-02-08 14:55:00,put,21700.0,,65.0,False,,,,
2024-02-08,2024-02-08 15:25:00,2024-02-08 15:30:00,call,21750.0,,30.0,False,,,,
2024-02-21,2024-02-21 14:20:00,2024-02-21 14:25:00,put,22100.0,,40.0,False,,,,
2024-02-22,2024-02-22 13:35:00,2024-02-22 13:40:00,call,22000.0,,130.0,False,,,,
2024-02-22,2024-02-22 15:00:00,2024-02-22 15:05:00,call,22200.0,,20.0,False,,,,
2024-02-29,2024-02-29 15:15:00,2024-02-29 15:20:00,call,22000.0,,15.0,False,,,,
2024-03-06,2024-03-06 14:10:00,2024-03-06 14:15:00,call,22400.0,,35.0,False,,,,
2024-03-20,2024-03-20 10:05:00,2024-03-20 10:10:00,put,21800.0,,30.0,False,,,,
2024-03-28,2024-03-28 14:35:00,2024-03-28 14:40:00,call,22500.0,,50.0,False,,,,
2024-03-28,2024-03-28 15:00:00,2024-03-28 15:05:00,put,22400.0,75.5,20.0,True,5.0,EOD,5.0,674.54
2024-04-03,2024-04-03 12:40:00,2024-04-03 12:45:00,call,22500.0,,160.0,False,,,,
2024-04-03,2024-04-03 13:35:00,2024-04-03 13:40:00,call,22500.0,,215.0,False,,,,
2024-04-04,2024-04-04 13:20:00,2024-04-04 13:25:00,call,22500.0,,45.0,False,,,,
2024-04-18,2024-04-18 13:25:00,2024-04-18 13:30:00,put,22200.0,,5.0,False,,,,
2024-04-18,2024-04-18 14:20:00,2024-04-18 14:25:00,put,22150.0,,60.0,False,,,,
2024-04-18,2024-04-18 15:00:00,2024-04-18 15:05:00,put,22000.0,,25.0,False,,,,
2024-04-25,2024-04-25 13:45:00,2024-04-25 13:50:00,call,22500.0,,50.0,False,,,,
2024-04-25,2024-04-25 14:00:00,2024-04-25 14:05:00,call,22500.0,,65.0,False,,,,
2024-04-25,2024-04-25 15:05:00,2024-04-25 15:10:00,call,22500.0,,5.0,False,,,,
2024-05-09,2024-05-09 14:40:00,2024-05-09 14:45:00,put,22000.0,,115.0,False,,,,
2024-05-16,2024-05-16 14:50:00,2024-05-16 14:55:00,call,22300.0,,15.0,False,,,,
2024-05-16,2024-05-16 15:15:00,2024-05-16 15:20:00,call,22400.0,,30.0,False,,,,
2024-05-30,2024-05-30 14:30:00,2024-05-30 14:35:00,put,22500.0,,80.0,False,,,,
2024-05-30,2024-05-30 15:10:00,2024-05-30 15:15:00,put,22500.0,,15.0,False,,,,
2024-05-30,2024-05-30 15:20:00,2024-05-30 15:25:00,call,22500.0,,25.0,False,,,,
2024-06-05,2024-06-05 09:20:00,2024-06-05 09:25:00,put,22000.0,117.65,0.0,True,5.0,EOD,73.0,2223.79
2024-06-05,2024-06-05 09:35:00,2024-06-05 09:40:00,put,22000.0,77.0,0.0,True,5.0,TARGET,65.0,1753.45
2024-06-05,2024-06-05 10:20:00,2024-06-05 10:25:00,put,22000.0,,25.0,False,,,,
2024-06-06,2024-06-06 15:00:00,2024-06-06 15:05:00,call,22800.0,,10.0,False,,,,
2024-06-20,2024-06-20 13:20:00,2024-06-20 13:25:00,call,23600.0,,165.0,False,,,,
2024-06-27,2024-06-27 12:10:00,2024-06-27 12:15:00,call,24000.0,,35.0,False,,,,
2024-06-27,2024-06-27 12:45:00,2024-06-27 12:50:00,call,24000.0,,70.0,False,,,,
2024-06-27,2024-06-27 14:45:00,2024-06-27 14:50:00,call,24000.0,,15.0,False,,,,
2024-07-04,2024-07-04 15:05:00,2024-07-04 15:10:00,put,24300.0,,295.0,False,,,,
2024-07-10,2024-07-10 15:25:00,,call,24300.0,,80.0,False,,,,
2024-07-11,2024-07-11 12:45:00,2024-07-11 12:50:00,call,24300.0,,45.0,False,,,,
2024-07-11,2024-07-11 13:15:00,2024-07-11 13:20:00,call,24300.0,,75.0,False,,,,
2024-07-11,2024-07-11 13:50:00,2024-07-11 13:55:00,call,24300.0,,110.0,False,,,,
2024-07-11,2024-07-11 15:05:00,2024-07-11 15:10:00,call,24300.0,,185.0,False,,,,
2024-07-25,2024-07-25 15:00:00,2024-07-25 15:05:00,call,24400.0,,220.0,False,,,,
2024-07-25,2024-07-25 15:20:00,2024-07-25 15:25:00,call,24400.0,,240.0,False,,,,
2024-08-08,2024-08-08 15:15:00,2024-08-08 15:20:00,put,24100.0,,30.0,False,,,,
2024-08-28,2024-08-28 11:40:00,2024-08-28 11:45:00,call,25100.0,,45.0,False,,,,
2024-08-29,2024-08-29 14:55:00,2024-08-29 15:00:00,call,25150.0,,10.0,False,,,,
2024-08-29,2024-08-29 15:25:00,,call,25150.0,,40.0,False,,,,
2024-09-11,2024-09-11 12:30:00,2024-09-11 12:35:00,call,25100.0,,150.0,False,,,,
2024-09-11,2024-09-11 14:00:00,2024-09-11 14:05:00,put,25000.0,,75.0,False,,,,
2024-09-12,2024-09-12 14:00:00,2024-09-12 14:05:00,call,25100.0,70.4,5.0,True,5.0,EOD,17.0,-2158.3
2024-09-12,2024-09-12 14:45:00,2024-09-12 14:50:00,call,25300.0,,30.0,False,,,,
2024-09-12,2024-09-12 15:25:00,,put,25400.0,,0.0,False,,,,
2024-09-18,2024-09-18 13:00:00,2024-09-18 13:05:00,put,25400.0,,20.0,False,,,,
2024-09-19,2024-09-19 10:40:00,2024-09-19 10:45:00,put,25500.0,,55.0,False,,,,
2024-09-19,2024-09-19 11:15:00,2024-09-19 11:20:00,put,25500.0,,90.0,False,,,,
2024-09-25,2024-09-25 15:10:00,2024-09-25 15:15:00,call,26000.0,,75.0,False,,,,
2024-10-03,2024-10-03 13:35:00,2024-10-03 13:40:00,put,25300.0,,45.0,False,,,,
2024-10-09,2024-10-09 15:00:00,2024-10-09 15:05:00,put,25000.0,,45.0,False,,,,
2024-10-10,2024-10-10 14:55:00,2024-10-10 15:00:00,put,25000.0,,265.0,False,,,,
2024-10-10,2024-10-10 15:10:00,2024-10-10 15:15:00,put,25000.0,,280.0,False,,,,
2024-10-16,2024-10-16 11:15:00,2024-10-16 11:20:00,put,25000.0,,85.0,False,,,,
2024-10-16,2024-10-16 14:00:00,2024-10-16 14:05:00,call,25000.0,,135.0,False,,,,
2024-10-16,2024-10-16 14:45:00,2024-10-16 14:50:00,put,25000.0,,180.0,False,,,,
2024-10-23,2024-10-23 14:10:00,2024-10-23 14:15:00,put,24500.0,,130.0,False,,,,
2024-10-31,2024-10-31 12:45:00,2024-10-31 12:50:00,put,24200.0,,160.0,False,,,,
2024-11-06,2024-11-06 12:10:00,2024-11-06 12:15:00,call,24400.0,,85.0,False,,,,
2024-11-14,2024-11-14 11:10:00,2024-11-14 11:15:00,put,23500.0,,25.0,False,,,,
2024-11-27,2024-11-27 13:15:00,2024-11-27 13:20:00,call,24300.0,,60.0,False,,,,
2024-11-28,2024-11-28 10:35:00,2024-11-28 10:40:00,put,24200.0,,10.0,False,,,,
2024-11-28,2024-11-28 13:00:00,2024-11-28 13:05:00,put,24000.0,,35.0,False,,,,
2024-11-28,2024-11-28 13:35:00,2024-11-28 13:40:00,put,24000.0,,70.0,False,,,,
2024-11-28,2024-11-28 14:10:00,2024-11-28 14:15:00,put,24000.0,125.75,105.0,True,5.0,EOD,16.0,3466.66
2025-01-02,2025-01-02 14:50:00,2025-01-02 14:55:00,call,24200.0,,55.0,False,,,,
2025-01-15,2025-01-15 13:15:00,2025-01-15 13:20:00,put,23200.0,,140.0,False,,,,
2025-01-15,2025-01-15 14:45:00,2025-01-15 14:50:00,put,23200.0,,230.0,False,,,,
2025-01-16,2025-01-16 15:10:00,2025-01-16 15:15:00,call,23250.0,,60.0,False,,,,
2025-01-22,2025-01-22 13:40:00,2025-01-22 13:45:00,put,23000.0,,155.0,False,,,,
2025-01-22,2025-01-22 14:20:00,2025-01-22 14:25:00,call,23100.0,,20.0,False,,,,
2025-01-23,2025-01-23 15:25:00,,call,23200.0,,355.0,False,,,,
2025-01-29,2025-01-29 10:05:00,2025-01-29 10:10:00,call,23000.0,112.15,0.0,True,5.0,EOD,64.0,-935.42
2025-01-29,2025-01-29 11:20:00,2025-01-29 11:25:00,put,23000.0,,5.0,False,,,,
2025-01-29,2025-01-29 11:30:00,2025-01-29 11:35:00,call,23000.0,,0.0,False,,,,
2025-02-13,2025-02-13 13:35:00,2025-02-13 13:40:00,put,23100.0,,30.0,False,,,,
2025-02-27,2025-02-27 11:55:00,2025-02-27 12:00:00,put,22600.0,,0.0,False,,,,
2025-03-06,2025-03-06 13:45:00,2025-03-06 13:50:00,call,22500.0,,90.0,False,,,,
2025-03-06,2025-03-06 14:30:00,2025-03-06 14:35:00,call,22500.0,,135.0,False,,,,
2025-03-13,2025-03-13 11:35:00,2025-03-13 11:40:00,put,22450.0,,65.0,False,,,,
2025-03-13,2025-03-13 12:15:00,2025-03-13 12:20:00,put,22450.0,,105.0,False,,,,
2025-03-13,2025-03-13 12:45:00,2025-03-13 12:50:00,put,22450.0,,135.0,False,,,,
2025-03-20,2025-03-20 12:45:00,2025-03-20 12:50:00,call,23100.0,,150.0,False,,,,
2025-03-20,2025-03-20 15:15:00,2025-03-20 15:20:00,call,23150.0,,185.0,False,,,,
2025-04-16,2025-04-16 14:00:00,2025-04-16 14:05:00,call,23400.0,,10.0,False,,,,
2025-04-17,2025-04-17 09:45:00,2025-04-17 09:50:00,call,23400.0,,15.0,False,,,,
2025-04-17,2025-04-17 10:30:00,2025-04-17 10:35:00,call,23400.0,,60.0,False,,,,
2025-04-17,2025-04-17 11:05:00,2025-04-17 11:10:00,call,23400.0,,95.0,False,,,,
2025-04-17,2025-04-17 11:25:00,2025-04-17 11:30:00,call,23500.0,,20.0,False,,,,
2025-04-17,2025-04-17 14:15:00,2025-04-17 14:20:00,call,23800.0,,95.0,False,,,,
2025-04-23,2025-04-23 14:00:00,2025-04-23 14:05:00,call,24300.0,,85.0,False,,,,
2025-04-23,2025-04-23 14:50:00,2025-04-23 14:55:00,call,24300.0,,135.0,False,,,,
2025-04-30,2025-04-30 15:20:00,2025-04-30 15:25:00,put,24300.0,,15.0,False,,,,
2025-05-07,2025-05-07 10:15:00,2025-05-07 10:20:00,put,24300.0,,35.0,False,,,,
2025-05-08,2025-05-08 14:50:00,2025-05-08 14:55:00,put,24350.0,,0.0,False,,,,
2025-05-08,2025-05-08 15:15:00,2025-05-08 15:20:00,put,24300.0,59.35,120.0,True,5.0,EOD,2.0,-6231.75
2025-05-14,2025-05-14 12:50:00,2025-05-14 12:55:00,put,24600.0,,40.0,False,,,,
2025-05-15,2025-05-15 13:45:00,2025-05-15 13:50:00,call,25000.0,,20.0,False,,,,
2025-05-21,2025-05-21 12:00:00,2025-05-21 12:05:00,put,24800.0,,45.0,False,,,,
2025-05-22,2025-05-22 14:15:00,2025-05-22 14:20:00,put,24500.0,,130.0,False,,,,
2025-05-22,2025-05-22 14:55:00,2025-05-22 15:00:00,call,24600.0,,20.0,False,,,,
2025-05-29,2025-05-29 15:05:00,2025-05-29 15:10:00,call,24800.0,,135.0,False,,,,
2025-06-05,2025-06-05 12:05:00,2025-06-05 12:10:00,call,24800.0,,20.0,False,,,,
2025-06-05,2025-06-05 13:00:00,2025-06-05 13:05:00,call,24800.0,,75.0,False,,,,
2025-06-12,2025-06-12 09:55:00,2025-06-12 10:00:00,put,25100.0,,25.0,False,,,,
2025-06-12,2025-06-12 10:10:00,2025-06-12 10:15:00,put,25100.0,,40.0,False,,,,
2025-06-12,2025-06-12 10:30:00,2025-06-12 10:35:00,put,25100.0,,60.0,False,,,,
2025-06-12,2025-06-12 13:25:00,2025-06-12 13:30:00,put,25000.0,,120.0,False,,,,
2025-06-18,2025-06-18 11:30:00,2025-06-18 11:35:00,put,24800.0,,65.0,False,,,,
2025-06-18,2025-06-18 11:50:00,2025-06-18 11:55:00,put,24800.0,,85.0,False,,,,
2025-06-18,2025-06-18 12:20:00,2025-06-18 12:25:00,put,24800.0,,115.0,False,,,,
2025-06-18,2025-06-18 13:15:00,2025-06-18 13:20:00,put,24800.0,,170.0,False,,,,
2025-06-18,2025-06-18 13:40:00,2025-06-18 13:45:00,put,24800.0,,195.0,False,,,,
2025-06-18,2025-06-18 15:25:00,,put,24800.0,,300.0,False,,,,
2025-06-19,2025-06-19 15:25:00,,put,24750.0,,55.0,False,,,,
2025-06-26,2025-06-26 13:55:00,2025-06-26 14:00:00,call,25500.0,,25.0,False,,,,
2025-06-26,2025-06-26 14:10:00,2025-06-26 14:15:00,call,25500.0,,40.0,False,,,,
2025-06-26,2025-06-26 14:50:00,2025-06-26 14:55:00,call,25500.0,,80.0,False,,,,
2025-07-02,2025-07-02 10:35:00,2025-07-02 10:40:00,put,25500.0,,75.0,False,,,,
2025-07-02,2025-07-02 13:40:00,2025-07-02 13:45:00,put,25400.0,,35.0,False,,,,
2025-07-02,2025-07-02 14:35:00,2025-07-02 14:40:00,put,25400.0,,90.0,False,,,,
2025-07-03,2025-07-03 14:45:00,2025-07-03 14:50:00,put,25400.0,,25.0,False,,,,
2025-07-03,2025-07-03 15:00:00,2025-07-03 15:05:00,put,25400.0,,40.0,False,,,,
2025-07-03,2025-07-03 15:20:00,2025-07-03 15:25:00,put,25400.0,,60.0,False,,,,
2025-07-23,2025-07-23 14:10:00,2025-07-23 14:15:00,call,25200.0,,170.0,False,,,,
2025-07-23,2025-07-23 14:30:00,2025-07-23 14:35:00,call,25200.0,,190.0,False,,,,
2025-07-24,2025-07-24 11:30:00,2025-07-24 11:35:00,put,25100.0,,60.0,False,,,,
2025-07-24,2025-07-24 11:50:00,2025-07-24 11:55:00,put,25100.0,,80.0,False,,,,
2025-07-30,2025-07-30 10:40:00,2025-07-30 10:45:00,put,24800.0,,60.0,False,,,,
2025-07-31,2025-07-31 15:00:00,2025-07-31 15:05:00,put,24800.0,,20.0,False,,,,
2025-08-07,2025-08-07 13:20:00,2025-08-07 13:25:00,put,24400.0,,180.0,False,,,,
2025-08-07,2025-08-07 14:40:00,2025-08-07 14:45:00,call,24500.0,,35.0,False,,,,
2025-08-07,2025-08-07 15:15:00,2025-08-07 15:20:00,call,24600.0,,30.0,False,,,,
2025-08-28,2025-08-28 10:00:00,2025-08-28 10:05:00,call,24600.0,,30.0,False,,,,
2025-08-28,2025-08-28 10:30:00,2025-08-28 10:35:00,call,24600.0,,60.0,False,,,,
2025-08-28,2025-08-28 15:00:00,2025-08-28 15:05:00,put,24500.0,,40.0,False,,,,
2025-08-28,2025-08-28 15:15:00,2025-08-28 15:20:00,put,24500.0,,55.0,False,,,,
2025-09-01,2025-09-01 13:30:00,2025-09-01 13:35:00,call,24600.0,,95.0,False,,,,
2025-09-01,2025-09-01 14:00:00,2025-09-01 14:05:00,call,24600.0,,125.0,False,,,,
2025-09-02,2025-09-02 13:50:00,2025-09-02 13:55:00,put,24650.0,,45.0,False,,,,
2025-09-02,2025-09-02 15:05:00,2025-09-02 15:10:00,put,24600.0,,90.0,False,,,,
2025-09-08,2025-09-08 14:45:00,2025-09-08 14:50:00,put,24800.0,,15.0,False,,,,
2025-09-08,2025-09-08 15:00:00,2025-09-08 15:05:00,put,24800.0,,30.0,False,,,,
2025-09-16,2025-09-16 15:20:00,2025-09-16 15:25:00,call,25250.0,,75.0,False,,,,
2025-09-22,2025-09-22 14:40:00,2025-09-22 14:45:00,put,25200.0,,30.0,False,,,,
2025-09-22,2025-09-22 15:05:00,2025-09-22 15:10:00,put,25200.0,,55.0,False,,,,
2025-09-23,2025-09-23 12:35:00,2025-09-23 12:40:00,call,25200.0,,35.0,False,,,,
2025-09-23,2025-09-23 13:00:00,2025-09-23 13:05:00,call,25200.0,,60.0,False,,,,
2025-09-23,2025-09-23 13:25:00,2025-09-23 13:30:00,call,25200.0,,85.0,False,,,,
2025-09-29,2025-09-29 11:35:00,2025-09-29 11:40:00,put,24700.0,,75.0,False,,,,
2025-09-29,2025-09-29 15:25:00,,put,24700.0,,25.0,False,,,,
2025-09-30,2025-09-30 10:35:00,2025-09-30 10:40:00,put,24600.0,,65.0,False,,,,
2025-10-06,2025-10-06 11:10:00,2025-10-06 11:15:00,call,25000.0,,100.0,False,,,,
2025-10-06,2025-10-06 11:25:00,2025-10-06 11:30:00,call,25000.0,,115.0,False,,,,
2025-10-06,2025-10-06 12:10:00,2025-10-06 12:15:00,call,25000.0,,160.0,False,,,,
2025-10-07,2025-10-07 13:40:00,2025-10-07 13:45:00,call,25200.0,,110.0,False,,,,
2025-10-07,2025-10-07 14:00:00,2025-10-07 14:05:00,call,25200.0,,130.0,False,,,,
2025-10-07,2025-10-07 15:10:00,2025-10-07 15:15:00,put,25100.0,,50.0,False,,,,
2025-10-14,2025-10-14 10:00:00,2025-10-14 10:05:00,put,25200.0,,30.0,False,,,,
2025-10-14,2025-10-14 11:00:00,2025-10-14 11:05:00,put,25200.0,,90.0,False,,,,
2025-10-28,2025-10-28 10:20:00,2025-10-28 10:25:00,put,25900.0,,35.0,False,,,,
2025-10-28,2025-10-28 13:40:00,2025-10-28 13:45:00,put,25900.0,,235.0,False,,,,
2025-10-28,2025-10-28 15:00:00,2025-10-28 15:05:00,call,25900.0,,15.0,False,,,,
2025-11-04,2025-11-04 14:45:00,2025-11-04 14:50:00,put,25600.0,,65.0,False,,,,
2025-11-04,2025-11-04 15:00:00,2025-11-04 15:05:00,put,25600.0,,80.0,False,,,,
2025-11-11,2025-11-11 13:15:00,2025-11-11 13:20:00,call,25600.0,,90.0,False,,,,
2025-11-11,2025-11-11 15:15:00,2025-11-11 15:20:00,call,25700.0,,105.0,False,,,,
2025-11-18,2025-11-18 15:10:00,2025-11-18 15:15:00,put,25900.0,,50.0,False,,,,
2025-11-24,2025-11-24 15:00:00,2025-11-24 15:05:00,put,26000.0,,70.0,False,,,,
2025-11-25,2025-11-25 14:55:00,2025-11-25 15:00:00,put,25900.0,,35.0,False,,,,
2025-12-01,2025-12-01 15:00:00,2025-12-01 15:05:00,put,26200.0,,270.0,False,,,,
2025-12-08,2025-12-08 13:20:00,2025-12-08 13:25:00,put,26000.0,,150.0,False,,,,
2025-12-15,2025-12-15 11:50:00,2025-12-15 11:55:00,call,26000.0,,130.0,False,,,,
2025-12-16,2025-12-16 15:15:00,2025-12-16 15:20:00,put,25850.0,,325.0,False,,,,
2025-12-22,2025-12-22 09:20:00,2025-12-22 09:25:00,call,26000.0,,0.0,False,,,,
2025-12-23,2025-12-23 14:10:00,2025-12-23 14:15:00,call,26200.0,,270.0,False,,,,
2025-12-23,2025-12-23 14:35:00,2025-12-23 14:40:00,call,26200.0,,295.0,False,,,,
2025-12-29,2025-12-29 11:00:00,2025-12-29 11:05:00,put,26000.0,,75.0,False,,,,
2025-12-30,2025-12-30 15:05:00,2025-12-30 15:10:00,put,26000.0,,40.0,False,,,,
2026-01-05,2026-01-05 10:15:00,2026-01-05 10:20:00,call,26350.0,,45.0,False,,,,
2026-01-05,2026-01-05 10:45:00,2026-01-05 10:50:00,call,26350.0,,75.0,False,,,,
2026-01-05,2026-01-05 11:00:00,2026-01-05 11:05:00,call,26350.0,,90.0,False,,,,
2026-01-12,2026-01-12 11:30:00,2026-01-12 11:35:00,put,25500.0,,65.0,False,,,,
2026-01-12,2026-01-12 12:15:00,2026-01-12 12:20:00,call,25600.0,,10.0,False,,,,
2026-01-13,2026-01-13 12:45:00,2026-01-13 12:50:00,put,25700.0,,60.0,False,,,,
2026-01-13,2026-01-13 14:50:00,2026-01-13 14:55:00,call,25700.0,,25.0,False,,,,
2026-01-19,2026-01-19 14:00:00,2026-01-19 14:05:00,call,25600.0,,75.0,False,,,,
2026-01-19,2026-01-19 14:15:00,2026-01-19 14:20:00,call,25600.0,,90.0,False,,,,
2026-01-19,2026-01-19 14:30:00,2026-01-19 14:35:00,call,25600.0,,105.0,False,,,,
2026-01-20,2026-01-20 13:30:00,2026-01-20 13:35:00,put,25400.0,,100.0,False,,,,
2026-01-20,2026-01-20 15:00:00,2026-01-20 15:05:00,put,25300.0,,30.0,False,,,,
2026-01-27,2026-01-27 10:50:00,2026-01-27 10:55:00,put,25000.0,,15.0,False,,,,
2026-01-27,2026-01-27 15:15:00,2026-01-27 15:20:00,call,25200.0,,30.0,False,,,,
2026-02-16,2026-02-16 14:25:00,2026-02-16 14:30:00,call,25600.0,,155.0,False,,,,
2026-02-17,2026-02-17 10:25:00,2026-02-17 10:30:00,call,25700.0,,50.0,False,,,,
2026-02-23,2026-02-23 15:00:00,2026-02-23 15:05:00,call,25700.0,,60.0,False,,,,
2026-02-24,2026-02-24 12:45:00,2026-02-24 12:50:00,put,25400.0,,55.0,False,,,,
2026-02-24,2026-02-24 13:20:00,2026-02-24 13:25:00,put,25400.0,,90.0,False,,,,
2026-02-24,2026-02-24 14:00:00,2026-02-24 14:05:00,put,25400.0,,130.0,False,,,,
2026-02-24,2026-02-24 14:30:00,2026-02-24 14:35:00,put,25400.0,,160.0,False,,,,
2026-03-02,2026-03-02 12:35:00,2026-03-02 12:40:00,put,24700.0,,40.0,False,,,,
2026-03-02,2026-03-02 14:05:00,2026-03-02 14:10:00,call,24700.0,96.7,10.0,True,5.0,EOD,16.0,-2719.2
2026-03-02,2026-03-02 14:35:00,2026-03-02 14:40:00,call,24800.0,,35.0,False,,,,
2026-03-02,2026-03-02 15:10:00,2026-03-02 15:15:00,call,24900.0,,15.0,False,,,,
2026-03-09,2026-03-09 15:05:00,2026-03-09 15:10:00,call,24000.0,,35.0,False,,,,
2026-03-10,2026-03-10 10:15:00,2026-03-10 10:20:00,call,24200.0,,20.0,False,,,,
2026-03-10,2026-03-10 10:30:00,2026-03-10 10:35:00,call,24200.0,,35.0,False,,,,
2026-03-10,2026-03-10 11:00:00,2026-03-10 11:05:00,call,24200.0,,65.0,False,,,,
2026-03-16,2026-03-16 10:50:00,2026-03-16 10:55:00,put,23000.0,,35.0,False,,,,
2026-03-17,2026-03-17 10:00:00,2026-03-17 10:05:00,call,23500.0,,30.0,False,,,,
2026-03-17,2026-03-17 10:45:00,2026-03-17 10:50:00,call,23500.0,,75.0,False,,,,
2026-03-17,2026-03-17 11:25:00,2026-03-17 11:30:00,put,23400.0,,20.0,False,,,,
2026-03-17,2026-03-17 12:15:00,2026-03-17 12:20:00,put,23400.0,,70.0,False,,,,
2026-03-17,2026-03-17 13:00:00,2026-03-17 13:05:00,call,23500.0,,25.0,False,,,,
2026-03-17,2026-03-17 14:50:00,2026-03-17 14:55:00,call,23600.0,,75.0,False,,,,
2026-03-17,2026-03-17 15:10:00,2026-03-17 15:15:00,call,23600.0,,95.0,False,,,,
2026-03-23,2026-03-23 15:15:00,2026-03-23 15:20:00,put,22500.0,,20.0,False,,,,
2026-03-24,2026-03-24 12:50:00,2026-03-24 12:55:00,call,23000.0,,20.0,False,,,,
2026-03-24,2026-03-24 13:25:00,2026-03-24 13:30:00,call,23000.0,,55.0,False,,,,
2026-03-24,2026-03-24 15:10:00,2026-03-24 15:15:00,put,22900.0,,55.0,False,,,,
2026-03-30,2026-03-30 10:50:00,2026-03-30 10:55:00,put,22500.0,,40.0,False,,,,
2026-03-30,2026-03-30 11:05:00,2026-03-30 11:10:00,put,22500.0,,55.0,False,,,,
2026-03-30,2026-03-30 11:40:00,2026-03-30 11:45:00,put,22500.0,,90.0,False,,,,
2026-03-30,2026-03-30 13:00:00,2026-03-30 13:05:00,put,22500.0,,170.0,False,,,,
2026-03-30,2026-03-30 15:00:00,2026-03-30 15:05:00,put,22300.0,,35.0,False,,,,
2026-04-07,2026-04-07 13:30:00,2026-04-07 13:35:00,call,23000.0,,25.0,False,,,,
2026-04-07,2026-04-07 14:00:00,2026-04-07 14:05:00,call,23000.0,,55.0,False,,,,
2026-04-07,2026-04-07 14:20:00,2026-04-07 14:25:00,call,23000.0,,75.0,False,,,,
2026-04-07,2026-04-07 15:00:00,2026-04-07 15:05:00,call,23100.0,,25.0,False,,,,
2026-04-27,2026-04-27 09:45:00,2026-04-27 09:50:00,call,24000.0,,0.0,False,,,,
2026-04-27,2026-04-27 11:35:00,2026-04-27 11:40:00,put,24000.0,,45.0,False,,,,
2026-04-27,2026-04-27 13:15:00,2026-04-27 13:20:00,call,24100.0,,85.0,False,,,,
2026-04-27,2026-04-27 14:40:00,2026-04-27 14:45:00,call,24100.0,,170.0,False,,,,
2026-04-27,2026-04-27 15:25:00,,call,24100.0,,215.0,False,,,,
2026-04-28,2026-04-28 13:30:00,2026-04-28 13:35:00,put,24000.0,,105.0,False,,,,
2026-04-28,2026-04-28 13:45:00,2026-04-28 13:50:00,put,24000.0,,120.0,False,,,,
2026-04-28,2026-04-28 14:10:00,2026-04-28 14:15:00,put,24000.0,,145.0,False,,,,
2026-04-28,2026-04-28 14:25:00,2026-04-28 14:30:00,put,24000.0,,160.0,False,,,,
2026-04-28,2026-04-28 15:05:00,2026-04-28 15:10:00,put,24000.0,,200.0,False,,,,
2026-05-04,2026-05-04 10:15:00,2026-05-04 10:20:00,put,24200.0,,35.0,False,,,,
2026-05-04,2026-05-04 10:55:00,2026-05-04 11:00:00,put,24200.0,,75.0,False,,,,
2026-05-05,2026-05-05 12:55:00,2026-05-05 13:00:00,call,24000.0,,50.0,False,,,,
2026-05-11,2026-05-11 14:45:00,2026-05-11 14:50:00,put,23900.0,,55.0,False,,,,
2026-05-12,2026-05-12 13:55:00,2026-05-12 14:00:00,put,23500.0,,115.0,False,,,,
2026-05-12,2026-05-12 15:00:00,2026-05-12 15:05:00,put,23400.0,,40.0,False,,,,
2026-05-18,2026-05-18 11:20:00,2026-05-18 11:25:00,call,23500.0,,35.0,False,,,,
2026-05-18,2026-05-18 12:10:00,2026-05-18 12:15:00,call,23500.0,,85.0,False,,,,
2026-05-19,2026-05-19 15:20:00,2026-05-19 15:25:00,put,23600.0,,45.0,False,,,,
2026-05-26,2026-05-26 12:45:00,2026-05-26 12:50:00,put,24000.0,,105.0,False,,,,
2026-05-26,2026-05-26 14:40:00,2026-05-26 14:45:00,put,23900.0,,70.0,False,,,,
2026-06-01,2026-06-01 11:55:00,2026-06-01 12:00:00,put,23500.0,,35.0,False,,,,
2026-06-01,2026-06-01 13:00:00,2026-06-01 13:05:00,put,23500.0,,100.0,False,,,,
2026-06-01,2026-06-01 14:20:00,2026-06-01 14:25:00,put,23400.0,,40.0,False,,,,
2026-06-01,2026-06-01 14:50:00,2026-06-01 14:55:00,put,23400.0,,70.0,False,,,,
2026-06-01,2026-06-01 15:10:00,2026-06-01 15:15:00,put,23400.0,,90.0,False,,,,
2026-06-02,2026-06-02 12:40:00,2026-06-02 12:45:00,call,23350.0,89.95,15.0,True,5.0,EOD,33.0,-3871.64
2026-06-02,2026-06-02 13:25:00,2026-06-02 13:30:00,call,23500.0,,45.0,False,,,,
2026-06-02,2026-06-02 14:55:00,2026-06-02 15:00:00,put,23450.0,,25.0,False,,,,
2026-06-02,2026-06-02 15:15:00,2026-06-02 15:20:00,call,23500.0,,155.0,False,,,,
2026-06-09,2026-06-09 12:25:00,2026-06-09 12:30:00,call,23200.0,,65.0,False,,,,
2026-06-09,2026-06-09 13:10:00,2026-06-09 13:15:00,call,23200.0,,110.0,False,,,,
2026-06-09,2026-06-09 14:05:00,2026-06-09 14:10:00,call,23200.0,,165.0,False,,,,
2026-06-09,2026-06-09 14:25:00,2026-06-09 14:30:00,call,23200.0,,185.0,False,,,,
2026-06-15,2026-06-15 12:25:00,2026-06-15 12:30:00,put,23900.0,,60.0,False,,,,
2026-06-15,2026-06-15 12:45:00,2026-06-15 12:50:00,put,23900.0,,80.0,False,,,,
2026-06-15,2026-06-15 13:00:00,2026-06-15 13:05:00,put,23900.0,,95.0,False,,,,
2026-06-15,2026-06-15 13:15:00,2026-06-15 13:20:00,put,23900.0,,110.0,False,,,,
2026-06-15,2026-06-15 13:40:00,2026-06-15 13:45:00,put,23900.0,,135.0,False,,,,
2026-06-15,2026-06-15 14:00:00,2026-06-15 14:05:00,put,23900.0,,155.0,False,,,,
2026-06-15,2026-06-15 14:50:00,2026-06-15 14:55:00,put,23900.0,,205.0,False,,,,
2026-06-16,2026-06-16 14:35:00,2026-06-16 14:40:00,call,24000.0,,105.0,False,,,,
2026-06-23,2026-06-23 11:55:00,2026-06-23 12:00:00,put,24000.0,,15.0,False,,,,
2026-06-23,2026-06-23 15:00:00,2026-06-23 15:05:00,put,23850.0,,20.0,False,,,,
2026-06-29,2026-06-29 10:20:00,2026-06-29 10:25:00,call,24100.0,,50.0,False,,,,
2026-06-29,2026-06-29 12:10:00,2026-06-29 12:15:00,put,24000.0,,55.0,False,,,,
2026-06-30,2026-06-30 14:00:00,2026-06-30 14:05:00,put,23900.0,,155.0,False,,,,
2026-06-30,2026-06-30 15:00:00,2026-06-30 15:05:00,put,23900.0,,215.0,False,,,,
2026-07-07,2026-07-07 13:05:00,2026-07-07 13:10:00,put,24450.0,,70.0,False,,,,
2026-07-07,2026-07-07 14:20:00,2026-07-07 14:25:00,put,24450.0,,145.0,False,,,,
2026-07-07,2026-07-07 15:00:00,2026-07-07 15:05:00,put,24450.0,,185.0,False,,,,
2026-07-20,2026-07-20 13:45:00,2026-07-20 13:50:00,call,24250.0,,55.0,False,,,,
2026-07-27,2026-07-27 14:25:00,2026-07-27 14:30:00,call,24000.0,,215.0,False,,,,
2026-07-27,2026-07-27 15:20:00,2026-07-27 15:25:00,call,24000.0,,270.0,False,,,,
2026-08-03,2026-08-03 15:25:00,2026-08-03 15:30:00,call,24600.0,,0.0,False,,,,
2026-08-04,2026-08-04 12:40:00,2026-08-04 12:45:00,put,24500.0,,75.0,False,,,,
2026-08-04,2026-08-04 12:55:00,2026-08-04 13:00:00,put,24500.0,,90.0,False,,,,
2026-08-04,2026-08-04 15:25:00,2026-08-04 15:30:00,call,24600.0,,5.0,False,,,,
2026-08-10,2026-08-10 09:40:00,2026-08-10 09:45:00,put,24600.0,108.75,0.0,True,5.0,EOD,69.0,2560.3
2026-08-10,2026-08-10 10:40:00,2026-08-10 10:45:00,call,24600.0,,60.0,False,,,,
2026-08-10,2026-08-10 11:00:00,2026-08-10 11:05:00,call,24600.0,,80.0,False,,,,
2026-08-10,2026-08-10 12:10:00,2026-08-10 12:15:00,call,24600.0,,150.0,False,,,,
2026-08-10,2026-08-10 13:40:00,2026-08-10 13:45:00,call,24600.0,,240.0,False,,,,
2026-08-10,2026-08-10 15:35:00,,put,24600.0,,355.0,False,,,,
2026-08-17,2026-08-17 13:25:00,2026-08-17 13:30:00,call,24350.0,,75.0,False,,,,
2026-08-17,2026-08-17 13:40:00,2026-08-17 13:45:00,call,24350.0,,90.0,False,,,,
2026-08-17,2026-08-17 15:10:00,2026-08-17 15:15:00,put,24400.0,,50.0,False,,,,
2026-08-24,2026-08-24 11:30:00,2026-08-24 11:35:00,put,24200.0,,50.0,False,,,,
2026-08-25,2026-08-25 14:35:00,2026-08-25 14:40:00,call,24200.0,,255.0,False,,,,
2026-08-31,2026-08-31 10:10:00,2026-08-31 10:15:00,put,24100.0,,0.0,False,,,,
2026-08-31,2026-08-31 10:30:00,2026-08-31 10:35:00,put,24100.0,,0.0,False,,,,
2026-09-01,2026-09-01 11:10:00,2026-09-01 11:15:00,call,24100.0,,75.0,False,,,,
2026-09-01,2026-09-01 12:25:00,2026-09-01 12:30:00,call,24100.0,,150.0,False,,,,
2026-09-01,2026-09-01 13:50:00,2026-09-01 13:55:00,put,24000.0,,45.0,False,,,,
2026-09-01,2026-09-01 15:25:00,2026-09-01 15:30:00,call,24050.0,,20.0,False,,,,
2026-09-07,2026-09-07 09:50:00,2026-09-07 09:55:00,put,23900.0,,0.0,False,,,,
2026-09-15,2026-09-15 14:15:00,2026-09-15 14:20:00,put,23200.0,,50.0,False,,,,
2026-09-15,2026-09-15 14:45:00,2026-09-15 14:50:00,put,23200.0,,80.0,False,,,,
