date,simulated,net_pnl,win,skip,credit,exit_reason
2021-01-04,True,-1888.56,False,,7785.0,EOD
2021-01-05,True,-50.92,False,,1608.75,EOD
2021-01-06,True,88.14,True,,1425.0,TARGET
2021-01-07,True,-418.45,False,,442.5,TARGET
2021-01-08,True,-547.17,False,,180.0,TARGET
2021-01-11,True,-1260.17,False,,4342.5,EOD
2021-01-12,True,-117.36,False,,1297.5,EOD
2021-01-13,True,-764.04,False,,60.0,STOP
2021-01-14,True,262.21,True,,1796.25,TARGET
2021-01-15,True,-287.47,False,,810.0,EOD
2021-01-18,True,-2899.98,False,,6521.25,EOD
2021-01-19,True,-1189.03,False,,2685.0,EOD
2021-01-20,True,-1300.76,False,,4110.0,EOD
2021-01-21,True,415.44,True,,2021.25,TARGET
2021-01-22,True,-680.15,False,,1413.75,EOD
2021-01-25,True,79.78,True,,1365.0,TARGET
2021-01-27,True,-1771.31,False,,783.75,STOP
2021-01-28,True,-550.19,False,,172.5,TARGET
2021-01-29,True,-1863.43,False,,2328.75,EOD
2021-02-01,True,446.51,True,,2291.25,TARGET
2021-02-02,True,-1445.65,False,,543.75,STOP
2021-02-03,True,217.85,True,,1361.25,TARGET
2021-02-04,True,-500.07,False,,198.75,TARGET
2021-02-05,True,-393.74,False,,4541.25,EOD
2021-02-08,False,0.0,False,NOSIM,,
2021-02-09,True,26.21,True,,918.75,TARGET
2021-02-10,True,-800.58,False,,1646.25,EOD
2021-02-11,True,634.57,True,,2538.75,TARGET
2021-02-12,True,-61.88,False,,1128.75,TARGET
2021-02-15,True,-644.38,False,,48.75,EOD
2021-02-16,True,402.69,True,,2677.5,EOD
2021-02-17,True,1121.31,True,,3341.25,TARGET
2021-02-18,True,183.62,True,,1631.25,TARGET
2021-02-19,True,-521.98,False,,311.25,EOD
2021-02-22,True,-437.48,False,,371.25,TARGET
2021-02-23,True,-250.11,False,,997.5,EOD
2021-02-24,True,-1788.18,False,,652.5,STOP
2021-02-25,True,2146.33,True,,10376.25,EOD
2021-02-26,True,-996.85,False,,243.75,STOP
2021-03-01,True,-1107.9,False,,1991.25,EOD
2021-03-02,True,-762.82,False,,3577.5,EOD
2021-03-03,True,-6283.65,False,,4661.25,EOD
2021-03-04,True,1303.73,True,,3562.5,TARGET
2021-03-05,False,0.0,False,NOSIM,,
2021-03-08,True,-197.66,False,,821.25,TARGET
2021-03-09,True,-527.27,False,,225.0,TARGET
2021-03-10,True,-806.1,False,,112.5,STOP
2021-03-12,True,-588.27,False,,90.0,TARGET
2021-03-15,True,-868.92,False,,4980.0,EOD
2021-03-16,True,-380.2,False,,521.25,TARGET
2021-03-17,True,-740.34,False,,67.5,STOP
2021-03-18,True,-539.04,False,,187.5,TARGET
2021-03-19,True,2042.14,True,,4976.25,TARGET
2021-03-22,True,-82.98,False,,2411.25,EOD
2021-03-23,True,-569.22,False,,127.5,TARGET
2021-03-24,True,51.93,True,,1350.0,TARGET
2021-03-25,True,-720.92,False,,56.25,STOP
2021-03-26,True,149.33,True,,1931.25,EOD
2021-03-30,False,0.0,False,NOWALLS,,
2021-03-31,True,440.28,True,,2115.0,TARGET
2021-04-01,True,418.64,True,,1946.25,TARGET
2021-04-05,True,-2805.28,False,,1451.25,STOP
2021-04-06,True,-304.44,False,,1020.0,EOD
2021-04-07,True,-634.69,False,,641.25,EOD
2021-04-08,True,85.05,True,,926.25,TARGET
2021-04-09,True,203.46,True,,3855.0,EOD
2021-04-12,False,0.0,False,NOSIM,,
2021-04-13,True,-561.06,False,,375.0,EOD
2021-04-15,True,-672.01,False,,11.25,STOP
2021-04-16,True,-261.3,False,,1728.75,EOD
2021-04-19,True,667.32,True,,2625.0,TARGET
2021-04-20,True,-1450.28,False,,517.5,STOP
2021-04-22,True,317.73,True,,1785.0,TARGET
2021-04-23,True,-407.41,False,,2235.0,EOD
2021-04-26,True,-267.82,False,,1331.25,EOD
2021-04-27,True,-114.1,False,,1053.75,TARGET
2021-04-28,True,-965.55,False,,217.5,STOP
2021-04-29,True,430.54,True,,1567.5,TARGET
2021-04-30,True,-442.58,False,,3258.75,EOD
2021-05-03,True,-96.71,False,,990.0,TARGET
2021-05-04,True,18.87,True,,1320.0,TARGET
2021-05-05,True,-431.75,False,,412.5,TARGET
2021-05-06,True,-601.04,False,,71.25,TARGET
2021-05-07,True,-610.75,False,,67.5,EOD
2021-05-10,True,-285.78,False,,708.75,TARGET
2021-05-11,True,-225.18,False,,772.5,TARGET
2021-05-12,True,-5624.64,False,,3243.75,STOP
2021-05-14,True,-614.96,False,,33.75,TARGET
2021-05-17,True,-562.31,False,,168.75,EOD
2021-05-18,True,-4656.27,False,,2778.75,STOP
2021-05-19,True,-245.98,False,,765.0,TARGET
2021-05-20,True,-44.85,False,,1095.0,TARGET
2021-05-21,True,-4366.12,False,,4398.75,EOD
2021-05-24,True,31.84,True,,1263.75,TARGET
2021-05-25,True,416.77,True,,2111.25,TARGET
2021-05-26,True,-521.71,False,,236.25,TARGET
2021-05-27,True,-184.28,False,,907.5,TARGET
2021-05-28,True,15.72,True,,2152.5,EOD
2021-05-31,True,-94.31,False,,1522.5,EOD
2021-06-01,True,-338.78,False,,1301.25,EOD
2021-06-02,True,-541.72,False,,195.0,TARGET
2021-06-03,True,-283.14,False,,626.25,TARGET
2021-06-04,True,-100.17,False,,1027.5,TARGET
2021-06-07,True,258.55,True,,7252.5,EOD
2021-06-08,True,234.83,True,,3506.25,EOD
2021-06-09,True,-527.75,False,,206.25,TARGET
2021-06-10,True,-114.17,False,,956.25,TARGET
2021-06-11,True,-260.27,False,,1503.75,EOD
2021-06-14,True,-126.97,False,,990.0,TARGET
2021-06-15,True,-414.3,False,,1147.5,EOD
2021-06-16,True,-276.51,False,,686.25,TARGET
2021-06-17,True,-58.48,False,,1117.5,TARGET
2021-06-18,True,-1305.86,False,,337.5,STOP
2021-06-21,True,-413.41,False,,450.0,TARGET
2021-06-22,True,28.73,True,,1106.25,TARGET
2021-06-23,True,-232.22,False,,780.0,TARGET
2021-06-24,True,-80.2,False,,952.5,TARGET
2021-06-25,True,840.97,True,,8902.5,EOD
2021-06-28,True,663.98,True,,2617.5,TARGET
2021-06-29,True,-1281.96,False,,4353.75,EOD
2021-06-30,True,9.07,True,,1076.25,TARGET
2021-07-01,True,-409.09,False,,160.0,TARGET
2021-07-02,True,630.79,True,,4932.5,EOD
2021-07-05,True,331.18,True,,3975.0,EOD
2021-07-06,True,-242.6,False,,962.5,EOD
2021-07-07,True,-336.17,False,,525.0,EOD
2021-07-08,True,-1854.22,False,,860.0,STOP
2021-07-09,True,244.66,True,,2500.0,EOD
2021-07-12,True,564.76,True,,1995.0,TARGET
2021-07-13,True,-477.47,False,,3377.5,EOD
2021-07-14,True,-36.52,False,,905.0,TARGET
2021-07-15,True,-159.45,False,,655.0,TARGET
2021-07-16,True,-126.47,False,,1540.0,EOD
2021-07-19,True,-939.35,False,,4800.0,EOD
2021-07-20,True,-566.06,False,,3265.0,EOD
2021-07-22,True,13.51,True,,687.5,TARGET
2021-07-23,True,-263.52,False,,1150.0,EOD
2021-07-26,True,-164.16,False,,825.0,EOD
2021-07-27,True,-1479.22,False,,2535.0,EOD
2021-07-28,True,-122.76,False,,565.0,TARGET
2021-07-29,True,-68.5,False,,785.0,TARGET
2021-07-30,True,-59.24,False,,4605.0,EOD
2021-08-02,True,-965.25,False,,2350.0,EOD
2021-08-03,True,-3066.03,False,,4237.5,EOD
2021-08-04,True,-1907.59,False,,980.0,STOP
2021-08-05,False,0.0,False,NOSIM,,
2021-08-06,True,538.42,True,,6500.0,EOD
2021-08-09,True,758.78,True,,2465.0,TARGET
2021-08-10,True,-104.21,False,,3347.5,EOD
2021-08-11,True,174.23,True,,2690.0,EOD
2021-08-12,True,-1761.62,False,,1940.0,EOD
2021-08-13,True,-1449.68,False,,2957.5,EOD
2021-08-16,True,-700.77,False,,530.0,EOD
2021-08-17,True,-57.31,False,,832.5,TARGET
2021-08-18,True,-146.54,False,,602.5,TARGET
2021-08-20,True,2932.75,True,,6660.0,TARGET
2021-08-23,True,458.96,True,,1850.0,TARGET
2021-08-24,True,-1697.44,False,,1742.5,EOD
2021-08-25,True,-56.09,False,,867.5,TARGET
2021-08-26,True,-57.39,False,,847.5,TARGET
2021-08-27,True,-1250.24,False,,3895.0,EOD
2021-08-30,True,-734.55,False,,1622.5,EOD
2021-08-31,True,-3496.57,False,,1855.0,STOP
2021-09-01,True,1524.03,True,,3812.5,TARGET
2021-09-02,True,-1219.59,False,,975.0,EOD
2021-09-03,True,-463.32,False,,150.0,EOD
2021-09-06,True,-94.25,False,,715.0,TARGET
2021-09-07,True,-472.23,False,,65.0,EOD
2021-09-08,True,-314.54,False,,1232.5,EOD
2021-09-09,True,149.0,True,,1235.0,TARGET
2021-09-13,True,-442.55,False,,95.0,TARGET
2021-09-14,True,-655.67,False,,2045.0,EOD
2021-09-15,True,-2666.85,False,,3457.5,EOD
2021-09-16,True,-4496.19,False,,2665.0,STOP
2021-09-17,True,-283.43,False,,655.0,EOD
2021-09-20,True,-750.01,False,,250.0,EOD
2021-09-21,True,-302.48,False,,382.5,TARGET
2021-09-22,True,-507.74,False,,57.5,EOD
2021-09-23,False,0.0,False,NOSIM,,
2021-09-24,True,-386.61,False,,265.0,EOD
2021-09-27,True,-382.62,False,,215.0,TARGET
2021-09-28,True,481.49,True,,1850.0,TARGET
2021-09-29,True,-638.14,False,,87.5,STOP
2021-09-30,True,-458.43,False,,57.5,TARGET
2021-10-01,False,0.0,False,NOSIM,,
2021-10-04,True,57.49,True,,1110.0,TARGET
2021-10-05,True,569.69,True,,2140.0,TARGET
2021-10-06,True,118.41,True,,1147.5,TARGET
2021-10-07,True,-257.88,False,,442.5,TARGET
2021-10-08,True,-1249.57,False,,5410.0,EOD
2021-10-11,True,-305.04,False,,3902.5,EOD
2021-10-12,True,126.08,True,,1325.0,EOD
2021-10-13,True,-2290.53,False,,4000.0,EOD
2021-10-14,True,-4264.94,False,,2867.5,EOD
2021-10-18,True,-79.94,False,,802.5,TARGET
2021-10-19,True,-711.76,False,,1085.0,EOD
2021-10-20,True,-2107.37,False,,1050.0,STOP
2021-10-21,True,-1145.44,False,,400.0,STOP
2021-10-22,True,66.66,True,,4717.5,EOD
2021-10-25,True,-526.5,False,,145.0,EOD
2021-10-26,True,-407.39,False,,160.0,TARGET
2021-10-27,True,107.85,True,,1152.5,TARGET
2021-10-28,True,-1213.72,False,,465.0,STOP
2021-10-29,False,0.0,False,NOLEG,,
2021-11-01,True,-1391.37,False,,630.0,STOP
2021-11-02,True,-1052.52,False,,1712.5,EOD
2021-11-03,True,178.6,True,,1080.0,TARGET
2021-11-08,True,1052.29,True,,2852.5,TARGET
2021-11-09,True,-462.36,False,,1105.0,EOD
2021-11-10,True,374.79,True,,2092.5,EOD
2021-11-11,True,-2379.64,False,,1255.0,STOP
2021-11-12,True,-1646.46,False,,3505.0,EOD
2021-11-15,True,-687.54,False,,1355.0,EOD
2021-11-16,True,-1489.48,False,,1517.5,EOD
2021-11-17,True,-30.26,False,,1470.0,EOD
2021-11-18,True,-2018.72,False,,685.0,STOP
2021-11-22,True,-1496.14,False,,2352.5,EOD
2021-11-23,False,0.0,False,NOSIM,,
2021-11-24,True,-401.89,False,,175.0,TARGET
2021-11-25,True,-423.64,False,,117.5,TARGET
2021-11-26,True,-3389.87,False,,1447.5,STOP
2021-11-29,True,-853.55,False,,2000.0,EOD
2021-11-30,True,-914.48,False,,260.0,STOP
2021-12-01,True,-617.71,False,,50.0,STOP
2021-12-02,True,-453.08,False,,52.5,TARGET
2021-12-03,True,-787.18,False,,1252.5,EOD
2021-12-06,True,-2607.63,False,,1432.5,STOP
2021-12-07,True,-486.3,False,,360.0,EOD
2021-12-08,True,-300.83,False,,380.0,TARGET
2021-12-09,True,-71.51,False,,657.5,TARGET
2021-12-10,True,729.29,True,,7265.0,EOD
2021-12-13,True,-2007.37,False,,1330.0,EOD
2021-12-14,True,-603.33,False,,855.0,EOD
2021-12-15,True,-853.82,False,,232.5,STOP
2021-12-16,True,-375.02,False,,112.5,TARGET
2021-12-17,True,-2950.59,False,,3080.0,EOD
2021-12-20,True,-3050.71,False,,3840.0,EOD
2021-12-21,True,112.91,True,,1062.5,TARGET
2021-12-22,True,-439.4,False,,100.0,TARGET
2021-12-23,True,-164.64,False,,607.5,TARGET
2021-12-24,True,-570.82,False,,2517.5,EOD
2021-12-27,True,-191.29,False,,600.0,TARGET
2021-12-28,True,364.9,True,,1712.5,TARGET
2021-12-29,False,0.0,False,NOSIM,,
2021-12-30,True,-302.52,False,,375.0,TARGET
2021-12-31,True,-1597.36,False,,5320.0,EOD
2022-01-03,True,915.11,True,,2812.5,TARGET
2022-01-04,True,-420.44,False,,695.0,EOD
2022-01-05,True,-714.53,False,,835.0,EOD
2022-01-06,True,-3935.36,False,,1717.5,STOP
2022-01-07,True,-206.34,False,,2920.0,EOD
2022-01-10,True,-1684.6,False,,2260.0,EOD
2022-01-11,True,-105.52,False,,762.5,TARGET
2022-01-12,True,-407.37,False,,157.5,TARGET
2022-01-13,True,-466.51,False,,45.0,TARGET
2022-01-14,True,-467.57,False,,85.0,EOD
2022-01-17,True,6.57,True,,2107.5,EOD
2022-01-18,True,-467.27,False,,42.5,TARGET
2022-01-19,True,-200.35,False,,570.0,TARGET
2022-01-20,True,-560.95,False,,47.5,STOP
2022-01-21,True,-5184.46,False,,3195.0,STOP
2022-01-24,True,-2134.69,False,,1045.0,STOP
2022-01-25,True,176.49,True,,1332.5,TARGET
2022-01-27,True,-411.5,False,,125.0,TARGET
2022-01-28,False,0.0,False,NOLEG,,
2022-01-31,False,0.0,False,NOLEG,,
2022-02-01,False,0.0,False,NOLEG,,
2022-02-02,True,85.08,True,,1130.0,TARGET
2022-02-03,True,-387.44,False,,202.5,TARGET
2022-02-04,True,-379.03,False,,675.0,EOD
2022-02-07,True,-1912.71,False,,4252.5,EOD
2022-02-08,True,342.15,True,,1580.0,TARGET
2022-02-09,True,-1627.87,False,,747.5,STOP
2022-02-10,False,0.0,False,NOSIM,,
2022-02-11,True,-1046.25,False,,377.5,STOP
2022-02-14,True,336.24,True,,1515.0,TARGET
2022-02-15,True,-1019.6,False,,367.5,STOP
2022-02-16,False,0.0,False,NOSIM,,
2022-02-17,True,-202.91,False,,557.5,TARGET
2022-02-18,True,1684.21,True,,4387.5,TARGET
2022-02-21,True,-1284.92,False,,725.0,EOD
2022-02-22,True,742.91,True,,287.5,TARGET
2022-02-23,True,-1355.34,False,,737.5,EOD
2022-02-24,True,1020.68,True,,2650.0,TARGET
2022-02-25,True,1023.07,True,,3067.5,TARGET
2022-02-28,True,-664.52,False,,767.5,EOD
2022-03-02,True,695.1,True,,2387.5,TARGET
2022-03-04,False,0.0,False,NOLEG,,
2022-03-07,True,-688.46,False,,395.0,EOD
2022-03-08,True,-147.84,False,,687.5,TARGET
2022-03-09,True,-367.82,False,,245.0,TARGET
2022-03-10,True,-239.46,False,,482.5,TARGET
2022-03-11,False,0.0,False,NOSIM,,
2022-03-14,True,-943.61,False,,312.5,STOP
2022-03-15,True,-462.47,False,,672.5,EOD
2022-03-16,True,-153.43,False,,665.0,TARGET
2022-03-17,True,-361.52,False,,150.0,TARGET
2022-03-21,True,-337.31,False,,380.0,EOD
2022-03-22,True,-391.4,False,,197.5,TARGET
2022-03-23,True,-463.11,False,,42.5,TARGET
2022-03-24,True,-505.09,False,,10.0,STOP
2022-03-25,True,-444.95,False,,267.5,EOD
2022-03-28,True,-455.81,False,,110.0,EOD
2022-03-29,True,-444.35,False,,87.5,TARGET
2022-03-30,True,-437.89,False,,95.0,TARGET
2022-03-31,True,-486.79,False,,5.0,TARGET
2022-04-01,True,-1351.3,False,,5697.5,EOD
2022-04-04,False,0.0,False,NOSIM,,
2022-04-05,True,-386.34,False,,162.5,TARGET
2022-04-06,True,-1603.6,False,,4660.0,EOD
2022-04-07,True,-305.21,False,,357.5,TARGET
2022-04-08,True,-1882.94,False,,1265.0,EOD
2022-04-11,True,-455.15,False,,92.5,EOD
2022-04-12,True,-399.76,False,,180.0,TARGET
2022-04-13,False,0.0,False,NOSIM,,
2022-04-18,True,-97.39,False,,1850.0,EOD
2022-04-19,True,-453.6,False,,60.0,TARGET
2022-04-20,True,-401.7,False,,125.0,TARGET
2022-04-21,True,-271.34,False,,382.5,TARGET
2022-04-22,True,-928.91,False,,1212.5,EOD
2022-04-25,True,-846.45,False,,140.0,STOP
2022-04-26,True,-443.41,False,,92.5,TARGET
2022-04-27,True,-38.13,False,,2180.0,EOD
2022-04-28,True,-244.25,False,,475.0,TARGET
2022-04-29,True,-537.86,False,,70.0,EOD
2022-05-02,True,-510.5,False,,2165.0,EOD
2022-05-04,True,-3613.56,False,,1872.5,STOP
2022-05-05,True,-288.56,False,,365.0,TARGET
2022-05-06,False,0.0,False,NOLEG,,
2022-05-09,True,-461.29,False,,160.0,EOD
2022-05-10,True,-626.06,False,,965.0,EOD
2022-05-11,True,-1617.84,False,,752.5,STOP
2022-05-12,False,0.0,False,NOSIM,,
2022-05-13,True,-1823.95,False,,3367.5,EOD
2022-05-16,True,-528.82,False,,122.5,EOD
2022-05-17,True,-443.9,False,,90.0,TARGET
2022-05-18,False,0.0,False,NOSIM,,
2022-05-19,True,-5081.71,False,,3265.0,STOP
2022-05-20,True,-455.85,False,,245.0,EOD
2022-05-23,True,-944.59,False,,1285.0,EOD
2022-05-24,True,-576.29,False,,1872.5,EOD
2022-05-25,True,-1334.53,False,,1670.0,EOD
2022-05-26,True,-525.17,False,,25.0,STOP
2022-05-27,True,-542.88,False,,80.0,EOD
2022-05-30,True,-711.19,False,,627.5,EOD
2022-05-31,True,-316.49,False,,1222.5,EOD
2022-06-01,True,-396.01,False,,192.5,EOD
2022-06-02,True,-460.91,False,,55.0,TARGET
2022-06-03,True,-182.01,False,,577.5,TARGET
2022-06-06,True,-298.92,False,,1275.0,EOD
2022-06-07,True,-720.84,False,,1547.5,EOD
2022-06-08,True,-366.21,False,,237.5,TARGET
2022-06-09,True,-429.04,False,,115.0,TARGET
2022-06-10,True,-1380.81,False,,2115.0,EOD
2022-06-13,True,-594.86,False,,72.5,STOP
2022-06-14,True,-343.71,False,,295.0,TARGET
2022-06-15,True,-517.37,False,,55.0,EOD
2022-06-16,True,-335.16,False,,262.5,TARGET
2022-06-17,True,-360.96,False,,340.0,EOD
2022-06-20,True,102.72,True,,1647.5,EOD
2022-06-21,True,7.85,True,,912.5,TARGET
2022-06-22,True,-295.59,False,,355.0,TARGET
2022-06-23,True,-433.57,False,,102.5,TARGET
2022-06-24,True,-370.97,False,,1385.0,EOD
2022-06-27,True,728.98,True,,3692.5,EOD
2022-06-28,True,-550.16,False,,1342.5,EOD
2022-06-29,True,-541.51,False,,527.5,EOD
2022-06-30,True,-256.65,False,,465.0,TARGET
2022-07-01,True,-944.3,False,,4240.0,EOD
2022-07-04,True,662.32,True,,2035.0,TARGET
2022-07-05,True,-464.93,False,,47.5,TARGET
2022-07-06,True,-1758.71,False,,1357.5,EOD
2022-07-07,True,99.8,True,,1132.5,TARGET
2022-07-08,True,-550.52,False,,3442.5,EOD
2022-07-11,True,-877.51,False,,3990.0,EOD
2022-07-12,True,-472.53,False,,2312.5,EOD
2022-07-13,True,429.51,True,,1755.0,TARGET
2022-07-14,True,-466.34,False,,45.0,TARGET
2022-07-15,True,-1096.32,False,,3140.0,EOD
2022-07-18,True,-136.77,False,,1205.0,EOD
2022-07-19,True,-70.9,False,,877.5,EOD
2022-07-20,True,-453.69,False,,1100.0,EOD
2022-07-21,True,124.41,True,,1057.5,TARGET
2022-07-22,True,-784.61,False,,687.5,EOD
2022-07-25,True,342.05,True,,2710.0,EOD
2022-07-26,True,-332.2,False,,310.0,TARGET
2022-07-27,True,-415.98,False,,137.5,TARGET
2022-07-28,True,-449.34,False,,52.5,TARGET
2022-07-29,True,-1345.5,False,,4050.0,EOD
2022-08-01,True,-328.75,False,,1402.5,EOD
2022-08-02,True,-586.69,False,,1057.5,EOD
2022-08-03,True,747.01,True,,2745.0,EOD
2022-08-04,True,283.95,True,,1550.0,TARGET
2022-08-05,True,-137.6,False,,1210.0,EOD
2022-08-08,True,-209.29,False,,570.0,TARGET
2022-08-10,True,212.14,True,,1765.0,EOD
2022-08-11,True,-441.68,False,,95.0,TARGET
2022-08-12,True,340.37,True,,5082.5,EOD
2022-08-16,True,-663.61,False,,2915.0,EOD
2022-08-17,True,-2124.85,False,,4135.0,EOD
2022-08-18,True,393.41,True,,1727.5,TARGET
2022-08-19,True,646.62,True,,2520.0,EOD
2022-08-22,True,-68.35,False,,847.5,TARGET
2022-08-23,True,-230.2,False,,517.5,TARGET
2022-08-24,True,-13.32,False,,930.0,TARGET
2022-08-25,True,-447.42,False,,77.5,TARGET
2022-08-26,True,-219.0,False,,607.5,EOD
2022-08-29,True,842.05,True,,2685.0,TARGET
2022-08-30,True,-182.78,False,,617.5,TARGET
2022-09-01,True,-409.23,False,,157.5,TARGET
2022-09-02,True,99.85,True,,1687.5,EOD
2022-09-05,True,-272.07,False,,1095.0,EOD
2022-09-06,True,-162.63,False,,770.0,EOD
2022-09-07,True,-473.3,False,,815.0,EOD
2022-09-08,True,-419.89,False,,130.0,TARGET
2022-09-09,True,152.71,True,,3467.5,EOD
2022-09-12,True,-404.66,False,,2822.5,EOD
2022-09-13,True,-763.9,False,,4892.5,EOD
2022-09-14,True,1966.04,True,,4565.0,TARGET
2022-09-15,True,72.47,True,,987.5,TARGET
2022-09-16,True,-532.35,False,,40.0,EOD
2022-09-19,True,-415.43,False,,365.0,EOD
2022-09-20,True,-259.21,False,,2240.0,EOD
2022-09-21,True,-81.77,False,,1280.0,EOD
2022-09-22,True,63.56,True,,1005.0,TARGET
2022-09-23,True,-494.65,False,,37.5,EOD
2022-09-26,True,-380.14,False,,217.5,TARGET
2022-09-27,False,0.0,False,NOSIM,,
2022-09-28,False,0.0,False,NOSIM,,
2022-09-29,True,1002.07,True,,2977.5,TARGET
2022-09-30,True,-2237.37,False,,2405.0,EOD
2022-10-03,True,-1233.05,False,,512.5,STOP
2022-10-04,True,-2272.04,False,,4572.5,EOD
2022-10-06,True,-59.08,False,,782.5,TARGET
2022-10-07,True,-663.33,False,,2587.5,EOD
2022-10-10,True,675.4,True,,2347.5,TARGET
2022-10-11,True,-1581.63,False,,747.5,STOP
2022-10-12,True,-1317.5,False,,1132.5,EOD
2022-10-13,True,121.8,True,,1175.0,TARGET
2022-10-14,True,-469.88,False,,6657.5,EOD
2022-10-17,True,-410.94,False,,150.0,TARGET
2022-10-18,True,-836.62,False,,5285.0,EOD
2022-10-19,True,639.92,True,,3702.5,EOD
2022-10-20,True,-310.49,False,,357.5,TARGET
2022-10-21,True,-219.06,False,,472.5,TARGET
2022-10-25,True,-294.65,False,,385.0,TARGET
2022-10-27,True,-150.36,False,,640.0,TARGET
2022-10-28,True,-775.2,False,,1972.5,EOD
2022-10-31,True,-1284.67,False,,945.0,EOD
2022-11-01,True,-265.06,False,,695.0,EOD
2022-11-02,True,-418.36,False,,1772.5,EOD
2022-11-03,True,657.56,True,,2202.5,TARGET
2022-11-04,True,309.2,True,,2510.0,EOD
2022-11-07,True,-82.96,False,,1062.5,EOD
2022-11-09,True,-312.11,False,,295.0,TARGET
2022-11-10,True,110.93,True,,1152.5,TARGET
2022-11-11,True,281.3,True,,1487.5,TARGET
2022-11-14,True,-524.15,False,,335.0,EOD
2022-11-15,True,-440.27,False,,165.0,EOD
2022-11-16,True,-250.7,False,,1005.0,EOD
2022-11-17,True,722.55,True,,2375.0,TARGET
2022-11-18,True,-325.74,False,,660.0,EOD
2022-11-21,True,-803.27,False,,4512.5,EOD
2022-11-22,True,-603.87,False,,2197.5,EOD
2022-11-23,True,139.59,True,,3015.0,EOD
2022-11-24,True,535.41,True,,1975.0,TARGET
2022-11-25,True,-722.4,False,,6302.5,EOD
2022-11-28,True,238.16,True,,1452.5,TARGET
2022-11-29,True,111.95,True,,1195.0,TARGET
2022-11-30,True,-44.43,False,,842.5,TARGET
2022-12-01,True,-350.06,False,,280.0,TARGET
2022-12-02,True,-905.31,False,,3995.0,EOD
2022-12-05,True,-348.08,False,,3072.5,EOD
2022-12-06,True,-324.18,False,,3342.5,EOD
2022-12-07,True,-1282.9,False,,1622.5,EOD
2022-12-08,True,-3.87,False,,905.0,TARGET
2022-12-09,True,-1055.1,False,,5082.5,EOD
2022-12-12,True,-834.96,False,,5087.5,EOD
2022-12-13,True,-1184.14,False,,3027.5,EOD
2022-12-14,True,-344.6,False,,607.5,EOD
2022-12-15,True,-3224.14,False,,1432.5,STOP
2022-12-16,True,83.24,True,,1745.0,EOD
2022-12-19,True,-876.6,False,,795.0,EOD
2022-12-20,True,-29.42,False,,1540.0,EOD
2022-12-21,True,-2819.43,False,,1020.0,STOP
2022-12-22,True,-903.91,False,,247.5,STOP
2022-12-23,True,-2132.33,False,,2487.5,EOD
2022-12-26,True,-1533.78,False,,2320.0,EOD
2022-12-27,True,366.39,True,,1530.0,TARGET
2022-12-28,True,40.51,True,,2042.5,EOD
2022-12-29,True,233.21,True,,1275.0,TARGET
2022-12-30,True,460.67,True,,4907.5,EOD
2023-01-02,True,-1099.86,False,,2340.0,EOD
2023-01-03,True,-97.45,False,,4240.0,EOD
2023-01-04,True,-437.68,False,,5937.5,EOD
2023-01-05,True,-2636.53,False,,1485.0,STOP
2023-01-06,True,-766.62,False,,5752.5,EOD
2023-01-09,True,-1476.27,False,,4717.5,EOD
2023-01-10,True,-3218.72,False,,1712.5,STOP
2023-01-11,True,211.65,True,,2075.0,EOD
2023-01-12,True,202.22,True,,1285.0,TARGET
2023-01-13,True,1248.54,True,,3497.5,TARGET
2023-01-16,True,-433.54,False,,5542.5,EOD
2023-01-17,True,-612.85,False,,4217.5,EOD
2023-01-18,True,-773.98,False,,1320.0,EOD
2023-01-19,True,-194.95,False,,545.0,TARGET
2023-01-20,True,-765.5,False,,1927.5,EOD
2023-01-23,True,-2739.15,False,,2770.0,EOD
2023-01-24,True,-775.25,False,,1147.5,EOD
2023-01-25,True,-3905.5,False,,2320.0,STOP
2023-01-27,True,-3150.23,False,,3037.5,EOD
2023-01-30,True,-542.92,False,,232.5,EOD
2023-01-31,True,30.69,True,,1945.0,EOD
2023-02-01,True,266.13,True,,1490.0,TARGET
2023-02-02,False,0.0,False,NOSIM,,
2023-02-03,False,0.0,False,NOLEG,,
2023-02-06,True,-722.14,False,,1855.0,EOD
2023-02-07,True,-78.86,False,,787.5,TARGET
2023-02-08,True,-645.8,False,,422.5,EOD
2023-02-09,True,602.44,True,,1922.5,TARGET
2023-02-10,True,-115.47,False,,3745.0,EOD
2023-02-13,True,-421.49,False,,3565.0,EOD
2023-02-14,True,251.38,True,,3395.0,EOD
2023-02-15,True,232.79,True,,1347.5,TARGET
2023-02-16,True,-298.89,False,,307.5,TARGET
2023-02-17,True,-1246.97,False,,3942.5,EOD
2023-02-20,True,-1795.99,False,,4635.0,EOD
2023-02-21,True,-55.18,False,,1232.5,EOD
2023-02-22,True,-794.3,False,,900.0,EOD
2023-02-23,True,-1741.75,False,,847.5,STOP
2023-02-24,True,-1543.96,False,,1912.5,EOD
2023-02-27,True,634.5,True,,2242.5,TARGET
2023-02-28,True,-552.26,False,,42.5,STOP
2023-03-01,True,-1704.04,False,,2190.0,EOD
2023-03-02,True,-2521.32,False,,1707.5,EOD
2023-03-03,True,-373.54,False,,242.5,EOD
2023-03-06,True,-155.88,False,,750.0,EOD
2023-03-08,True,183.11,True,,1322.5,TARGET
2023-03-09,True,93.03,True,,1117.5,TARGET
2023-03-10,True,-1712.09,False,,4245.0,EOD
2023-03-13,True,-3138.85,False,,2862.5,EOD
2023-03-14,True,-895.05,False,,1740.0,EOD
2023-03-15,True,-1790.69,False,,1292.5,EOD
2023-03-16,True,-1112.45,False,,377.5,STOP
2023-03-17,True,-618.84,False,,1585.0,EOD
2023-03-20,True,-1127.37,False,,2140.0,EOD
2023-03-21,True,-716.23,False,,2317.5,EOD
2023-03-22,True,60.73,True,,1365.0,EOD
2023-03-23,True,209.43,True,,1232.5,TARGET
2023-03-24,True,-1886.9,False,,2945.0,EOD
2023-03-27,True,1138.95,True,,2992.5,TARGET
2023-03-28,True,-1080.77,False,,2162.5,EOD
2023-03-29,True,1090.39,True,,4602.5,EOD
2023-03-31,True,111.11,True,,1187.5,TARGET
2023-04-03,True,-216.92,False,,530.0,TARGET
2023-04-05,True,-535.82,False,,32.5,STOP
2023-04-06,True,215.39,True,,1387.5,TARGET
2023-04-10,True,343.72,True,,1640.0,TARGET
2023-04-11,True,50.17,True,,1065.0,TARGET
2023-04-12,True,198.1,True,,1372.5,TARGET
2023-04-13,True,-253.96,False,,455.0,TARGET
2023-04-17,True,-1281.41,False,,3005.0,EOD
2023-04-18,True,-1535.0,False,,1562.5,EOD
2023-04-19,True,436.97,True,,1855.0,TARGET
2023-04-20,True,-84.23,False,,787.5,TARGET
2023-04-21,True,52.24,True,,3562.5,EOD
2023-04-24,True,-918.49,False,,3272.5,EOD
2023-04-25,True,-962.16,False,,4505.0,EOD
2023-04-26,True,280.47,True,,1520.0,TARGET
2023-04-27,True,-360.26,False,,252.5,TARGET
2023-04-28,True,109.73,True,,912.5,TARGET
2023-05-02,True,-1778.83,False,,4657.5,EOD
2023-05-03,True,23.71,True,,1020.0,TARGET
2023-05-04,True,-1276.88,False,,557.5,STOP
2023-05-05,True,-1718.62,False,,4340.0,EOD
2023-05-08,True,-1345.05,False,,4522.5,EOD
2023-05-09,True,-582.48,False,,1220.0,EOD
2023-05-10,True,-97.42,False,,3400.0,EOD
2023-05-11,True,-292.23,False,,370.0,TARGET
2023-05-12,True,-334.58,False,,2445.0,EOD
2023-05-15,True,-1217.56,False,,4407.5,EOD
2023-05-16,True,-166.79,False,,2785.0,EOD
2023-05-17,True,-2015.58,False,,3205.0,EOD
2023-05-18,True,-351.2,False,,272.5,TARGET
2023-05-19,True,-1183.67,False,,1535.0,EOD
2023-05-22,True,-823.54,False,,5485.0,EOD
2023-05-23,True,357.41,True,,1720.0,EOD
2023-05-24,True,-335.14,False,,2392.5,EOD
2023-05-25,True,156.63,True,,987.5,TARGET
2023-05-26,True,676.99,True,,2350.0,TARGET
2023-05-29,True,-143.41,False,,687.5,TARGET
2023-05-30,True,-155.03,False,,762.5,EOD
2023-05-31,True,-324.76,False,,307.5,TARGET
2023-06-01,True,469.38,True,,1912.5,TARGET
2023-06-02,True,-932.9,False,,1252.5,EOD
2023-06-05,True,-231.82,False,,1197.5,EOD
2023-06-06,True,-108.3,False,,1105.0,EOD
2023-06-07,True,-3639.51,False,,2082.5,STOP
2023-06-08,True,-351.16,False,,262.5,TARGET
2023-06-09,True,-836.69,False,,5170.0,EOD
2023-06-12,True,-282.62,False,,5170.0,EOD
2023-06-13,True,-438.32,False,,3577.5,EOD
2023-06-14,True,-251.35,False,,1215.0,EOD
2023-06-15,True,-27.77,False,,915.0,TARGET
2023-06-16,True,-1407.13,False,,3757.5,EOD
2023-06-19,True,55.64,True,,4142.5,EOD
2023-06-20,True,289.93,True,,1585.0,EOD
2023-06-21,True,-283.66,False,,530.0,EOD
2023-06-22,True,0.03,True,,932.5,TARGET
2023-06-23,True,-1307.25,False,,4610.0,EOD
2023-06-26,True,-197.42,False,,1542.5,EOD
2023-06-27,True,-34.87,False,,2900.0,EOD
2023-06-28,True,-2724.66,False,,1345.0,STOP
2023-06-30,True,116.56,True,,1217.5,TARGET
2023-07-03,True,-376.72,False,,915.0,EOD
2023-07-04,True,-252.23,False,,1967.5,EOD
2023-07-05,True,-90.08,False,,3070.0,EOD
2023-07-06,True,110.8,True,,1117.5,TARGET
2023-07-07,True,-1172.23,False,,3807.5,EOD
2023-07-10,True,-979.85,False,,4677.5,EOD
2023-07-11,True,435.81,True,,3682.5,EOD
2023-07-12,True,-10.86,False,,2957.5,EOD
2023-07-13,True,585.3,True,,1982.5,TARGET
2023-07-14,True,-1151.95,False,,4782.5,EOD
2023-07-17,True,302.4,True,,1552.5,TARGET
2023-07-18,True,-739.78,False,,685.0,EOD
2023-07-19,True,-227.26,False,,582.5,EOD
2023-07-20,True,417.32,True,,1645.0,TARGET
2023-07-21,True,-1511.45,False,,3185.0,EOD
2023-07-24,True,607.02,True,,2017.5,TARGET
2023-07-25,True,-205.55,False,,1400.0,EOD
2023-07-26,True,-565.38,False,,1730.0,EOD
2023-07-27,True,-1391.69,False,,607.5,STOP
2023-07-28,True,-1491.82,False,,4865.0,EOD
2023-07-31,True,375.07,True,,3842.5,EOD
2023-08-01,True,372.14,True,,3092.5,EOD
2023-08-02,True,-4167.87,False,,2262.5,STOP
2023-08-03,True,-5252.3,False,,3195.0,STOP
2023-08-04,True,-477.64,False,,97.5,EOD
2023-08-07,True,-1214.87,False,,2690.0,EOD
2023-08-08,True,-741.85,False,,1152.5,EOD
2023-08-09,True,-345.58,False,,3515.0,EOD
2023-08-10,True,-1209.48,False,,460.0,STOP
2023-08-11,True,-336.4,False,,4442.5,EOD
2023-08-14,True,1000.47,True,,3812.5,EOD
2023-08-16,True,814.24,True,,2437.5,TARGET
2023-08-17,True,-145.57,False,,552.5,TARGET
2023-08-18,True,-91.51,False,,4540.0,EOD
2023-08-21,True,121.55,True,,4385.0,EOD
2023-08-22,True,-224.08,False,,3352.5,EOD
2023-08-23,True,-306.11,False,,3192.5,EOD
2023-08-24,True,525.8,True,,1945.0,TARGET
2023-08-25,True,-390.49,False,,1355.0,EOD
2023-08-28,True,32.09,True,,1305.0,EOD
2023-08-29,True,-203.24,False,,2115.0,EOD
2023-08-30,True,-405.46,False,,1240.0,EOD
2023-08-31,True,-1870.73,False,,807.5,STOP
2023-09-01,True,-534.84,False,,4140.0,EOD
2023-09-04,True,-384.95,False,,1915.0,EOD
2023-09-05,True,-133.63,False,,1040.0,EOD
2023-09-06,True,-36.36,False,,2302.5,EOD
2023-09-07,True,-1159.98,False,,362.5,STOP
2023-09-08,True,-322.14,False,,1740.0,EOD
2023-09-11,True,-1648.04,False,,1550.0,EOD
2023-09-12,True,1991.06,True,,4562.5,TARGET
2023-09-13,True,-297.74,False,,2232.5,EOD
2023-09-14,True,793.29,True,,2522.5,TARGET
2023-09-15,True,-676.09,False,,3702.5,EOD
2023-09-18,True,490.56,True,,4425.0,EOD
2023-09-20,True,-2910.45,False,,3512.5,EOD
2023-09-21,True,-4842.69,False,,2845.0,STOP
2023-09-22,True,-94.14,False,,777.5,TARGET
2023-09-25,True,-254.43,False,,1572.5,EOD
2023-09-26,True,-28.71,False,,1192.5,EOD
2023-09-27,True,-225.26,False,,452.5,TARGET
2023-09-28,True,-2048.3,False,,1070.0,STOP
2023-09-29,True,222.02,True,,4022.5,EOD
2023-10-03,True,-1706.07,False,,2467.5,EOD
2023-10-04,True,-838.49,False,,2930.0,EOD
2023-10-05,True,89.34,True,,1155.0,TARGET
2023-10-06,True,-1231.26,False,,4107.5,EOD
2023-10-09,True,-1440.74,False,,1310.0,EOD
2023-10-10,True,-826.11,False,,1690.0,EOD
2023-10-11,True,51.08,True,,1087.5,TARGET
2023-10-12,True,-369.62,False,,240.0,TARGET
2023-10-13,True,-797.77,False,,5272.5,EOD
2023-10-16,True,-727.85,False,,3910.0,EOD
2023-10-17,True,-1173.74,False,,3065.0,EOD
2023-10-18,True,-1693.48,False,,1220.0,EOD
2023-10-19,True,1047.34,True,,2292.5,TARGET
2023-10-20,True,-534.0,False,,2902.5,EOD
2023-10-23,True,-643.82,False,,92.5,STOP
2023-10-25,True,-1114.84,False,,422.5,STOP
2023-10-26,True,-3194.98,False,,1557.5,STOP
2023-10-27,True,-479.05,False,,20.0,TARGET
2023-10-30,True,-60.47,False,,3780.0,EOD
2023-10-31,True,-1096.31,False,,647.5,EOD
2023-11-01,True,-633.73,False,,2457.5,EOD
2023-11-02,True,792.33,True,,2127.5,TARGET
2023-11-03,True,-269.24,False,,3917.5,EOD
2023-11-06,True,-1667.52,False,,3937.5,EOD
2023-11-07,True,-374.62,False,,1967.5,EOD
2023-11-08,True,536.52,True,,2172.5,EOD
2023-11-09,True,-25.8,False,,855.0,TARGET
2023-11-10,True,-690.58,False,,3910.0,EOD
2023-11-13,True,162.98,True,,3790.0,EOD
2023-11-15,True,-3396.92,False,,3352.5,EOD
2023-11-16,True,-1721.0,False,,765.0,STOP
2023-11-17,True,-442.15,False,,3555.0,EOD
2023-11-20,True,-644.39,False,,3090.0,EOD
2023-11-21,True,-1018.3,False,,1940.0,EOD
2023-11-22,True,-520.44,False,,3202.5,EOD
2023-11-23,True,101.73,True,,1082.5,TARGET
2023-11-24,True,-423.14,False,,2922.5,EOD
2023-11-28,True,-800.78,False,,3612.5,EOD
2023-11-29,True,-3341.5,False,,2675.0,EOD
2023-11-30,True,-31.5,False,,907.5,TARGET
2023-12-01,True,-423.21,False,,915.0,EOD
2023-12-04,True,-717.6,False,,372.5,EOD
2023-12-05,True,-254.87,False,,1532.5,EOD
2023-12-06,True,-152.34,False,,2000.0,EOD
2023-12-07,True,531.29,True,,2030.0,TARGET
2023-12-08,True,-738.39,False,,2730.0,EOD
2023-12-11,True,-401.01,False,,3207.5,EOD
2023-12-12,True,-365.89,False,,4130.0,EOD
2023-12-13,True,789.5,True,,3817.5,EOD
2023-12-14,True,-2699.9,False,,5310.0,EOD
2023-12-15,True,-678.73,False,,112.5,STOP
2023-12-18,True,-919.48,False,,1192.5,EOD
2023-12-19,True,333.9,True,,3410.0,EOD
2023-12-20,True,1184.19,True,,3225.0,TARGET
2023-12-21,True,1302.63,True,,3415.0,TARGET
2023-12-22,True,-283.78,False,,852.5,EOD
2023-12-26,True,-244.05,False,,492.5,TARGET
2023-12-27,True,-183.42,False,,597.5,TARGET
2023-12-28,True,-376.06,False,,227.5,TARGET
2023-12-29,True,-139.86,False,,1402.5,EOD
2024-01-01,True,37.17,True,,2410.0,EOD
2024-01-02,True,-478.9,False,,3212.5,EOD
2024-01-03,True,-82.49,False,,737.5,TARGET
2024-01-04,True,217.12,True,,1375.0,TARGET
2024-01-05,True,-452.81,False,,135.0,EOD
2024-01-08,True,-542.27,False,,65.0,EOD
2024-01-09,True,746.39,True,,2400.0,TARGET
2024-01-10,True,-1215.18,False,,877.5,EOD
2024-01-11,True,-184.74,False,,607.5,TARGET
2024-01-12,True,-2849.82,False,,3200.0,EOD
2024-01-15,True,-465.31,False,,697.5,EOD
2024-01-16,False,0.0,False,NOLEG,,
2024-01-17,True,-1962.25,False,,5642.5,EOD
2024-01-18,True,-310.07,False,,345.0,TARGET
2024-01-19,True,-452.68,False,,1265.0,EOD
2024-01-23,False,0.0,False,NOSIM,,
2024-01-24,True,-402.54,False,,160.0,TARGET
2024-01-25,True,-568.16,False,,52.5,STOP
2024-01-29,False,0.0,False,NOSIM,,
2024-01-30,True,-1564.13,False,,737.5,STOP
2024-01-31,True,-269.3,False,,445.0,TARGET
2024-02-01,True,46.24,True,,977.5,TARGET
2024-02-02,True,-823.57,False,,3867.5,EOD
2024-02-05,True,-597.63,False,,65.0,STOP
2024-02-06,True,-1104.43,False,,1852.5,EOD
2024-02-07,True,-446.77,False,,67.5,TARGET
2024-02-08,True,-2772.14,False,,1560.0,STOP
2024-02-09,True,331.68,True,,2767.5,EOD
2024-02-12,True,-158.48,False,,3150.0,EOD
2024-02-13,True,-409.23,False,,1060.0,EOD
2024-02-14,True,-180.18,False,,552.5,TARGET
2024-02-15,True,184.92,True,,1302.5,TARGET
2024-02-16,True,-892.14,False,,3545.0,EOD
2024-02-19,True,-440.48,False,,97.5,TARGET
2024-02-20,True,550.02,True,,2242.5,EOD
2024-02-21,True,-1798.35,False,,1130.0,EOD
2024-02-22,True,-515.53,False,,15.0,STOP
2024-02-23,True,-475.55,False,,112.5,EOD
2024-02-26,True,-447.31,False,,85.0,TARGET
2024-02-27,True,-471.45,False,,35.0,TARGET
2024-02-28,True,-463.0,False,,47.5,TARGET
2024-02-29,True,-335.76,False,,310.0,TARGET
2024-03-01,True,-566.81,False,,50.0,STOP
2024-03-04,True,-307.7,False,,817.5,EOD
2024-03-05,True,-254.68,False,,1430.0,EOD
2024-03-06,True,152.74,True,,1257.5,TARGET
2024-03-07,True,-456.06,False,,60.0,TARGET
2024-03-11,True,-291.76,False,,5132.5,EOD
2024-03-12,True,-464.39,False,,50.0,TARGET
2024-03-13,True,-1513.94,False,,2252.5,EOD
2024-03-14,True,-339.29,False,,277.5,TARGET
2024-03-15,True,-1077.4,False,,1937.5,EOD
2024-03-18,True,-454.28,False,,67.5,TARGET
2024-03-19,True,-491.78,False,,15.0,EOD
2024-03-20,True,266.98,True,,1307.5,TARGET
2024-03-21,True,903.29,True,,2152.5,TARGET
2024-03-22,True,932.94,True,,2365.0,TARGET
2024-03-26,True,886.5,True,,1870.0,TARGET
2024-03-27,True,268.55,True,,1505.0,TARGET
2024-03-28,True,-314.04,False,,350.0,TARGET
2024-04-01,True,-312.93,False,,3290.0,EOD
2024-04-02,True,-68.56,False,,3605.0,EOD
2024-04-03,True,-415.71,False,,137.5,TARGET
2024-04-04,True,1193.14,True,,2782.5,TARGET
2024-04-05,True,-448.21,False,,2680.0,EOD
2024-04-08,True,201.79,True,,1857.5,EOD
2024-04-09,True,-88.73,False,,1102.5,EOD
2024-04-10,True,-298.39,False,,372.5,TARGET
2024-04-12,True,-388.71,False,,202.5,TARGET
2024-04-15,True,-503.74,False,,1797.5,EOD
2024-04-16,True,-529.02,False,,930.0,EOD
2024-04-18,True,-6.04,False,,847.5,TARGET
2024-04-19,True,-1339.95,False,,1055.0,EOD
2024-04-22,True,129.53,True,,1237.5,TARGET
2024-04-23,True,-579.83,False,,175.0,EOD
2024-04-24,True,-438.97,False,,102.5,TARGET
2024-04-25,True,-1074.66,False,,382.5,STOP
2024-04-26,True,-350.96,False,,7.5,STOP
2024-04-29,True,-337.91,False,,10.0,EOD
2024-04-30,True,-574.94,False,,377.5,EOD
2024-05-02,True,-315.3,False,,31.25,TARGET
2024-05-03,True,-496.21,False,,108.75,STOP
2024-05-06,True,-282.59,False,,612.5,EOD
2024-05-07,True,-387.79,False,,281.25,EOD
2024-05-08,True,-176.36,False,,312.5,TARGET
2024-05-09,True,-246.86,False,,155.0,TARGET
2024-05-10,True,-349.91,False,,38.75,EOD
2024-05-13,True,-321.82,False,,43.75,EOD
2024-05-14,True,-337.9,False,,13.75,EOD
2024-05-15,True,-275.47,False,,291.25,EOD
2024-05-16,True,-637.08,False,,178.75,STOP
2024-05-17,False,0.0,False,NOLEG,,
2024-05-21,True,-308.32,False,,80.0,EOD
2024-05-22,True,92.86,True,,1013.75,EOD
2024-05-23,True,-321.55,False,,25.0,TARGET
2024-05-24,True,-333.05,False,,28.75,EOD
2024-05-27,True,-704.82,False,,1201.25,EOD
2024-05-28,True,-252.13,False,,1831.25,EOD
2024-05-29,True,-473.01,False,,186.25,EOD
2024-05-30,True,-333.93,False,,10.0,TARGET
2024-05-31,False,0.0,False,NOLEG,,
2024-06-03,False,0.0,False,NOLEG,,
2024-06-04,False,0.0,False,NOLEG,,
2024-06-05,False,0.0,False,NOLEG,,
2024-06-06,False,0.0,False,NOLEG,,
2024-06-07,False,0.0,False,NOLEG,,
2024-06-10,True,-568.36,False,,732.5,EOD
2024-06-11,True,99.38,True,,890.0,TARGET
2024-06-12,True,-323.4,False,,31.25,TARGET
2024-06-13,True,-283.2,False,,108.75,TARGET
2024-06-14,True,-299.78,False,,107.5,EOD
2024-06-18,True,-398.95,False,,477.5,EOD
2024-06-19,True,-440.05,False,,63.75,STOP
2024-06-20,True,-327.7,False,,22.5,TARGET
2024-06-21,True,-117.87,False,,567.5,EOD
2024-06-24,True,-153.65,False,,427.5,EOD
2024-06-25,True,-420.17,False,,235.0,EOD
2024-06-26,True,-635.56,False,,196.25,STOP
2024-06-27,True,-49.26,False,,573.75,TARGET
2024-06-28,True,-53.76,False,,1520.0,EOD
2024-07-01,True,-337.09,False,,21.25,EOD
2024-07-02,True,-282.66,False,,756.25,EOD
2024-07-03,True,-288.12,False,,206.25,EOD
2024-07-04,True,-292.33,False,,82.5,TARGET
2024-07-05,True,-314.96,False,,45.0,TARGET
2024-07-08,True,-267.41,False,,346.25,EOD
2024-07-09,True,-195.6,False,,273.75,TARGET
2024-07-10,True,-383.42,False,,31.25,STOP
2024-07-11,True,-115.28,False,,422.5,TARGET
2024-07-12,True,-457.9,False,,73.75,STOP
2024-07-15,True,-351.24,False,,111.25,EOD
2024-07-16,True,163.31,True,,865.0,TARGET
2024-07-18,True,-332.64,False,,10.0,TARGET
2024-07-19,True,-509.0,False,,501.25,EOD
2024-07-22,True,-315.41,False,,233.75,EOD
2024-07-23,True,-87.06,False,,488.75,TARGET
2024-07-24,True,-239.24,False,,196.25,TARGET
2024-07-25,True,-232.25,False,,198.75,TARGET
2024-07-26,True,-1008.35,False,,470.0,STOP
2024-07-29,False,0.0,False,NOLEG,,
2024-07-30,True,-319.45,False,,46.25,EOD
2024-07-31,True,-336.72,False,,21.25,EOD
2024-08-01,True,-311.6,False,,52.5,TARGET
2024-08-02,True,-219.74,False,,200.0,TARGET
2024-08-05,True,-698.0,False,,222.5,STOP
2024-08-06,True,-143.41,False,,1443.75,EOD
2024-08-07,False,0.0,False,NOLEG,,
2024-08-08,True,-205.93,False,,257.5,TARGET
2024-08-09,True,-390.32,False,,48.75,EOD
2024-08-12,True,-300.18,False,,70.0,TARGET
2024-08-13,True,-326.48,False,,25.0,TARGET
2024-08-14,False,0.0,False,NOSIM,,
2024-08-16,True,-397.86,False,,41.25,STOP
2024-08-19,True,-255.16,False,,165.0,TARGET
2024-08-20,True,-358.42,False,,107.5,EOD
2024-08-21,True,-272.9,False,,107.5,TARGET
2024-08-22,True,-238.86,False,,198.75,TARGET
2024-08-23,True,-346.77,False,,3.75,STOP
2024-08-26,True,-336.95,False,,5.0,TARGET
2024-08-27,False,0.0,False,NOSIM,,
2024-08-28,True,-273.78,False,,2491.25,EOD
2024-08-29,True,-55.55,False,,550.0,TARGET
2024-08-30,True,-483.3,False,,277.5,EOD
2024-09-02,True,-449.87,False,,281.25,EOD
2024-09-03,True,-224.62,False,,342.5,EOD
2024-09-04,True,58.0,True,,788.75,TARGET
2024-09-05,True,116.19,True,,912.5,TARGET
2024-09-06,True,-1412.33,False,,1032.5,EOD
2024-09-09,False,0.0,False,NOLEG,,
2024-09-10,True,-329.61,False,,17.5,TARGET
2024-09-11,True,-383.65,False,,31.25,STOP
2024-09-12,True,306.28,True,,1172.5,TARGET
2024-09-13,True,-359.33,False,,72.5,EOD
2024-09-16,True,-349.15,False,,202.5,EOD
2024-09-17,True,-382.76,False,,128.75,EOD
2024-09-18,True,-406.56,False,,205.0,EOD
2024-09-19,False,0.0,False,NOSIM,,
2024-09-20,True,-336.59,False,,153.75,EOD
2024-09-23,True,-253.67,False,,172.5,TARGET
2024-09-24,False,0.0,False,NOSIM,,
2024-09-25,True,-333.16,False,,11.25,TARGET
2024-09-26,True,-334.91,False,,7.5,TARGET
2024-09-27,True,-327.47,False,,23.75,TARGET
2024-09-30,True,-330.94,False,,38.75,EOD
2024-10-01,False,0.0,False,NOLEG,,
2024-10-03,False,0.0,False,NOLEG,,
2024-10-04,False,0.0,False,NOLEG,,
2024-10-07,False,0.0,False,NOLEG,,
2024-10-08,False,0.0,False,NOLEG,,
2024-10-09,False,0.0,False,NOLEG,,
2024-10-10,True,-320.55,False,,36.25,TARGET
2024-10-11,True,-788.96,False,,1162.5,EOD
2024-10-14,True,484.15,True,,1655.0,TARGET
2024-10-15,True,-1041.8,False,,487.5,STOP
2024-10-16,True,225.69,True,,2018.75,EOD
2024-10-17,True,-370.21,False,,13.75,STOP
2024-10-18,True,-316.56,False,,45.0,TARGET
2024-10-21,False,0.0,False,NOSIM,,
2024-10-22,True,-139.29,False,,356.25,TARGET
2024-10-23,True,-215.96,False,,246.25,TARGET
2024-10-24,True,-328.65,False,,20.0,TARGET
2024-10-25,True,-1449.85,False,,1745.0,EOD
2024-10-28,True,-267.58,False,,140.0,TARGET
2024-10-29,True,-502.0,False,,107.5,STOP
2024-10-30,True,-326.13,False,,12.5,TARGET
2024-10-31,True,-394.29,False,,38.75,STOP
2024-11-04,False,0.0,False,NOLEG,,
2024-11-05,False,0.0,False,NOLEG,,
2024-11-06,False,0.0,False,NOLEG,,
2024-11-07,False,0.0,False,NOLEG,,
2024-11-08,False,0.0,False,NOLEG,,
2024-11-11,False,0.0,False,NOLEG,,
2024-11-12,False,0.0,False,NOLEG,,
2024-11-13,False,0.0,False,NOLEG,,
2024-11-14,False,0.0,False,NOLEG,,
2024-11-18,False,0.0,False,NOLEG,,
2024-11-19,False,0.0,False,NOLEG,,
2024-11-21,True,-1275.18,False,,401.25,STOP
2024-11-22,False,0.0,False,NOLEG,,
2024-11-25,False,0.0,False,NOLEG,,
2024-11-26,True,-545.59,False,,172.5,TARGET
2024-11-27,True,-606.55,False,,63.75,TARGET
2024-11-28,True,-784.62,False,,101.25,STOP
2024-11-29,True,-48.51,False,,1125.0,TARGET
2024-12-02,True,-711.9,False,,120.0,EOD
2024-12-03,True,-576.8,False,,232.5,EOD
2024-12-04,True,-580.44,False,,198.75,EOD
2024-12-05,True,-629.82,False,,18.75,TARGET
2024-12-06,False,0.0,False,NOLEG,,
2024-12-09,False,0.0,False,NOLEG,,
2024-12-10,False,0.0,False,NOLEG,,
2024-12-11,True,-512.08,False,,247.5,TARGET
2024-12-12,True,-451.38,False,,378.75,TARGET
2024-12-13,True,-661.18,False,,15.0,STOP
2024-12-16,True,-1770.78,False,,1620.0,EOD
2024-12-17,True,-979.19,False,,412.5,EOD
2024-12-18,True,-613.73,False,,626.25,EOD
2024-12-19,True,1116.68,True,,2141.25,TARGET
2024-12-20,True,-4158.91,False,,5111.25,EOD
2024-12-23,False,0.0,False,NOSIM,,
2024-12-24,True,-291.56,False,,645.0,TARGET
2024-12-26,True,-234.47,False,,765.0,TARGET
2024-12-27,False,0.0,False,NOLEG,,
2024-12-30,False,0.0,False,NOLEG,,
2024-12-31,False,0.0,False,NOLEG,,
2025-01-01,False,0.0,False,NOLEG,,
2025-01-02,True,-610.09,False,,48.75,TARGET
2025-01-03,False,0.0,False,NOLEG,,
2025-01-06,False,0.0,False,NOLEG,,
2025-01-07,False,0.0,False,NOLEG,,
2025-01-08,True,-855.68,False,,150.0,STOP
2025-01-09,True,-463.65,False,,330.0,TARGET
2025-01-10,False,0.0,False,NOLEG,,
2025-01-13,True,-655.97,False,,112.5,EOD
2025-01-14,False,0.0,False,NOLEG,,
2025-01-15,True,-400.2,False,,637.5,EOD
2025-01-16,True,1569.59,True,,4380.0,TARGET
2025-01-17,True,-535.28,False,,210.0,TARGET
2025-01-20,True,-575.31,False,,127.5,TARGET
2025-01-21,True,-439.96,False,,393.75,TARGET
2025-01-22,True,-672.5,False,,22.5,STOP
2025-01-23,True,-144.57,False,,978.75,TARGET
2025-01-24,True,-500.38,False,,401.25,EOD
2025-01-27,True,-517.67,False,,337.5,EOD
2025-01-28,True,-526.26,False,,213.75,TARGET
2025-01-29,True,-596.27,False,,82.5,TARGET
2025-01-30,True,-578.35,False,,52.5,TARGET
2025-01-31,False,0.0,False,NOLEG,,
2025-02-03,False,0.0,False,NOLEG,,
2025-02-04,False,0.0,False,NOLEG,,
2025-02-05,True,-373.23,False,,843.75,EOD
2025-02-06,True,-447.44,False,,386.25,TARGET
2025-02-07,False,0.0,False,NOLEG,,
2025-02-10,False,0.0,False,NOLEG,,
2025-02-11,False,0.0,False,NOLEG,,
2025-02-12,True,-1137.83,False,,228.75,STOP
2025-02-13,True,-619.5,False,,33.75,TARGET
2025-02-14,True,-517.91,False,,333.75,EOD
2025-02-17,False,0.0,False,NOLEG,,
2025-02-18,True,-584.28,False,,108.75,TARGET
2025-02-19,True,-672.07,False,,22.5,STOP
2025-02-20,True,-556.58,False,,165.0,TARGET
2025-02-21,False,0.0,False,NOLEG,,
2025-02-24,True,-679.19,False,,26.25,STOP
2025-02-25,True,992.45,True,,3236.25,TARGET
2025-02-27,True,-731.86,False,,3675.0,EOD
2025-02-28,False,0.0,False,NOLEG,,
2025-03-03,True,155.48,True,,1605.0,TARGET
2025-03-04,True,-635.71,False,,26.25,EOD
2025-03-05,True,-1220.09,False,,378.75,STOP
2025-03-06,True,-1667.03,False,,693.75,STOP
2025-03-07,True,-583.77,False,,810.0,EOD
2025-03-10,True,-532.21,False,,228.75,EOD
2025-03-11,True,-279.72,False,,708.75,TARGET
2025-03-12,True,-1535.02,False,,558.75,STOP
2025-03-13,True,-605.37,False,,67.5,TARGET
2025-03-17,True,-238.12,False,,750.0,TARGET
2025-03-18,True,-553.31,False,,172.5,TARGET
2025-03-19,True,-1316.65,False,,2298.75,EOD
2025-03-20,True,-469.1,False,,292.5,TARGET
2025-03-21,True,-674.45,False,,180.0,EOD
2025-03-24,True,-1479.26,False,,588.75,STOP
2025-03-25,True,-620.83,False,,30.0,TARGET
2025-03-26,True,-544.45,False,,176.25,TARGET
2025-03-27,True,-493.86,False,,281.25,TARGET
2025-03-28,False,0.0,False,NOLEG,,
2025-04-01,False,0.0,False,NOLEG,,
2025-04-02,False,0.0,False,NOLEG,,
2025-04-03,True,-390.73,False,,491.25,TARGET
2025-04-04,False,0.0,False,NOLEG,,
2025-04-07,False,0.0,False,NOLEG,,
2025-04-08,False,0.0,False,NOLEG,,
2025-04-09,True,-565.15,False,,138.75,TARGET
2025-04-11,False,0.0,False,NOLEG,,
2025-04-15,False,0.0,False,NOLEG,,
2025-04-16,True,865.95,True,,3660.0,EOD
2025-04-17,True,-531.8,False,,198.75,TARGET
2025-04-21,False,0.0,False,NOLEG,,
2025-04-22,True,-671.79,False,,41.25,EOD
2025-04-23,True,-658.69,False,,33.75,EOD
2025-04-24,True,-572.53,False,,135.0,TARGET
2025-04-25,True,-3454.74,False,,1871.25,STOP
2025-04-28,True,-118.06,False,,1053.75,TARGET
2025-04-29,True,-732.89,False,,165.0,EOD
2025-04-30,True,605.2,True,,2253.75,TARGET
2025-05-02,False,0.0,False,NOLEG,,
2025-05-05,False,0.0,False,NOLEG,,
2025-05-06,False,0.0,False,NOSIM,,
2025-05-07,True,-346.59,False,,1473.75,EOD
2025-05-08,True,-177.92,False,,851.25,TARGET
2025-05-09,True,-765.31,False,,71.25,STOP
2025-05-12,False,0.0,False,NOLEG,,
2025-05-13,True,-525.13,False,,232.5,TARGET
2025-05-14,True,-491.64,False,,296.25,TARGET
2025-05-15,True,-1465.6,False,,431.25,STOP
2025-05-16,True,-466.25,False,,420.0,EOD
2025-05-19,True,-925.45,False,,5283.75,EOD
2025-05-20,True,-712.88,False,,138.75,EOD
2025-05-21,True,-819.04,False,,1661.25,EOD
2025-05-22,True,-561.09,False,,112.5,TARGET
2025-05-23,True,-794.01,False,,420.0,EOD
2025-05-26,True,-692.63,False,,378.75,EOD
2025-05-27,True,-654.39,False,,270.0,EOD
2025-05-28,True,-521.02,False,,232.5,TARGET
2025-05-29,True,-620.09,False,,30.0,TARGET
2025-05-30,False,0.0,False,NOLEG,,
2025-06-02,False,0.0,False,NOLEG,,
2025-06-03,True,-718.87,False,,315.0,EOD
2025-06-04,True,-438.23,False,,405.0,TARGET
2025-06-05,True,-602.89,False,,71.25,TARGET
2025-06-06,True,-584.96,False,,176.25,EOD
2025-06-09,True,-581.4,False,,172.5,EOD
2025-06-10,True,-599.04,False,,108.75,EOD
2025-06-11,True,-650.89,False,,18.75,EOD
2025-06-12,True,-620.47,False,,26.25,TARGET
2025-06-13,True,-560.28,False,,120.0,TARGET
2025-06-16,False,0.0,False,NOLEG,,
2025-06-17,False,0.0,False,NOLEG,,
2025-06-18,True,-522.75,False,,221.25,TARGET
2025-06-19,True,-326.4,False,,626.25,TARGET
2025-06-20,True,-547.39,False,,420.0,EOD
2025-06-23,True,-2387.59,False,,2295.0,EOD
2025-06-24,False,0.0,False,NOSIM,,
2025-06-25,True,-599.59,False,,78.75,TARGET
2025-06-26,True,195.09,True,,1515.0,TARGET
2025-06-27,True,-312.01,False,,787.5,EOD
2025-06-30,True,-766.5,False,,86.25,STOP
2025-07-01,False,0.0,False,NOLEG,,
2025-07-02,True,-2965.36,False,,2655.0,EOD
2025-07-03,True,-598.35,False,,67.5,TARGET
2025-07-04,True,-278.31,False,,5306.25,EOD
2025-07-07,True,-644.72,False,,465.0,EOD
2025-07-08,True,-351.19,False,,645.0,EOD
2025-07-09,True,-1128.58,False,,1076.25,EOD
2025-07-10,True,-2387.85,False,,1035.0,STOP
2025-07-11,True,-655.23,False,,75.0,EOD
2025-07-14,True,-406.11,False,,903.75,EOD
2025-07-15,True,884.21,True,,2988.75,TARGET
2025-07-16,True,-254.67,False,,682.5,TARGET
2025-07-17,True,-349.04,False,,513.75,TARGET
2025-07-18,True,-681.83,False,,97.5,EOD
2025-07-21,True,-556.36,False,,165.0,TARGET
2025-07-22,True,-654.63,False,,26.25,EOD
2025-07-23,True,-3157.66,False,,5366.25,EOD
2025-07-24,True,-1939.52,False,,840.0,STOP
2025-07-25,True,-711.99,False,,101.25,EOD
2025-07-28,True,598.89,True,,2486.25,TARGET
2025-07-29,True,-1033.16,False,,952.5,EOD
2025-07-30,True,14.47,True,,1282.5,TARGET
2025-07-31,True,2395.97,True,,5898.75,TARGET
2025-08-01,True,-928.02,False,,337.5,EOD
2025-08-04,True,-70.11,False,,2235.0,EOD
2025-08-05,True,-48.05,False,,1155.0,TARGET
2025-08-06,True,-408.14,False,,465.0,TARGET
2025-08-07,True,-619.47,False,,33.75,TARGET
2025-08-08,True,-375.27,False,,712.5,EOD
2025-08-11,True,-821.49,False,,236.25,EOD
2025-08-12,True,-473.21,False,,322.5,TARGET
2025-08-13,True,-685.08,False,,90.0,EOD
2025-08-14,True,540.25,True,,2171.25,TARGET
2025-08-18,False,0.0,False,NOLEG,,
2025-08-19,True,-508.79,False,,4016.25,EOD
2025-08-20,True,-775.5,False,,5632.5,EOD
2025-08-21,True,13.25,True,,1166.25,TARGET
2025-08-22,True,-3928.03,False,,2692.5,EOD
2025-08-25,True,-584.89,False,,3720.0,EOD
2025-08-26,True,-5357.84,False,,6078.75,EOD
2025-08-28,True,-466.27,False,,251.25,TARGET
2025-08-29,True,-377.13,False,,611.25,EOD
2025-09-01,True,-767.68,False,,82.5,STOP
2025-09-02,True,-453.3,False,,326.25,TARGET
2025-09-03,True,199.66,True,,3480.0,EOD
2025-09-04,True,-535.95,False,,2265.0,EOD
2025-09-05,True,-591.82,False,,1638.75,EOD
2025-09-08,True,-195.3,False,,825.0,TARGET
2025-09-09,True,-217.93,False,,750.0,TARGET
2025-09-10,True,-816.81,False,,4687.5,EOD
2025-09-11,True,-571.77,False,,135.0,TARGET
2025-09-12,True,666.19,True,,2628.75,TARGET
2025-09-15,True,-502.45,False,,1091.25,EOD
2025-09-16,True,-6024.04,False,,3742.5,STOP
2025-09-17,True,278.03,True,,2685.0,EOD
2025-09-18,True,52.59,True,,1380.0,TARGET
2025-09-19,True,-663.83,False,,243.75,EOD
2025-09-22,True,1282.9,True,,3303.75,TARGET
2025-09-23,True,-4251.55,False,,2317.5,STOP
2025-09-24,True,-1462.29,False,,1766.25,EOD
2025-09-25,True,-2474.39,False,,2853.75,EOD
2025-09-26,False,0.0,False,NOSIM,,
2025-09-29,True,-208.77,False,,1271.25,EOD
2025-09-30,True,-555.02,False,,157.5,TARGET
2025-10-01,True,-402.02,False,,3281.25,EOD
2025-10-03,True,1054.63,True,,4365.0,EOD
2025-10-06,True,-618.5,False,,41.25,TARGET
2025-10-07,True,216.58,True,,1432.5,TARGET
2025-10-08,True,-83.65,False,,5748.75,EOD
2025-10-09,True,582.77,True,,2460.0,TARGET
2025-10-10,True,-191.82,False,,892.5,TARGET
2025-10-13,True,456.25,True,,2043.75,TARGET
2025-10-14,True,-1269.08,False,,2677.5,EOD
2025-10-15,True,-565.58,False,,146.25,TARGET
2025-10-16,True,-312.17,False,,1256.25,EOD
2025-10-17,True,-852.92,False,,146.25,STOP
2025-10-20,True,36.53,True,,1053.75,TARGET
2025-10-23,True,1048.0,True,,6000.0,EOD
2025-10-24,True,-589.33,False,,97.5,TARGET
2025-10-27,True,-713.63,False,,93.75,EOD
2025-10-28,True,381.18,True,,1518.75,TARGET
2025-10-29,True,-14.67,False,,1260.0,TARGET
2025-10-30,True,-3121.29,False,,3120.0,EOD
2025-10-31,True,-659.06,False,,78.75,EOD
2025-11-03,True,-609.55,False,,60.0,TARGET
2025-11-04,True,-4526.56,False,,2175.0,STOP
2025-11-06,True,-81.77,False,,1128.75,TARGET
2025-11-07,True,-526.55,False,,397.5,EOD
2025-11-10,True,-191.44,False,,896.25,TARGET
2025-11-11,True,320.58,True,,1830.0,TARGET
2025-11-12,True,-675.4,False,,112.5,EOD
2025-11-13,True,-1211.9,False,,5936.25,EOD
2025-11-14,False,0.0,False,NOSIM,,
2025-11-17,True,-606.08,False,,71.25,EOD
2025-11-18,True,2002.45,True,,5205.0,TARGET
2025-11-19,True,-776.21,False,,9367.5,EOD
2025-11-20,True,-1951.99,False,,8568.75,EOD
2025-11-21,True,-1141.17,False,,2707.5,EOD
2025-11-24,True,-1965.05,False,,2295.0,EOD
2025-11-25,True,-4987.27,False,,4233.75,EOD
2025-11-26,True,-2398.86,False,,8175.0,EOD
2025-11-27,True,-401.03,False,,2696.25,EOD
2025-11-28,True,-5.88,False,,2212.5,EOD
2025-12-01,True,127.0,True,,1653.75,EOD
2025-12-02,True,395.73,True,,1987.5,TARGET
2025-12-03,True,-349.25,False,,645.0,EOD
2025-12-04,True,-461.28,False,,333.75,TARGET
2025-12-05,True,1077.33,True,,3375.0,TARGET
2025-12-08,True,-2384.93,False,,1226.25,STOP
2025-12-09,True,-5264.88,False,,3135.0,STOP
2025-12-10,True,-715.95,False,,52.5,STOP
2025-12-11,True,-1119.81,False,,3018.75,EOD
2025-12-12,True,-2063.0,False,,4005.0,EOD
2025-12-15,True,1560.44,True,,4327.5,TARGET
2025-12-16,True,552.05,True,,1815.0,TARGET
2025-12-17,True,-629.46,False,,108.75,EOD
2025-12-18,True,-336.09,False,,2235.0,EOD
2025-12-19,True,-1125.81,False,,3075.0,EOD
2025-12-22,True,-3921.79,False,,5257.5,EOD
2025-12-23,True,1253.09,True,,3806.25,TARGET
2025-12-24,True,-362.19,False,,1695.0,EOD
2025-12-26,True,803.67,True,,4942.5,EOD
2025-12-29,True,-1637.94,False,,3795.0,EOD
2025-12-30,True,346.88,True,,1810.25,TARGET
2025-12-31,True,-1595.51,False,,7117.5,EOD
2026-01-01,True,611.4,True,,2765.75,EOD
2026-01-02,True,-3412.31,False,,3640.0,EOD
2026-01-05,True,-773.34,False,,104.0,STOP
2026-01-06,True,-95.97,False,,939.25,TARGET
2026-01-07,True,-171.19,False,,747.5,TARGET
2026-01-08,True,-568.33,False,,331.5,EOD
2026-01-09,True,-941.95,False,,734.5,EOD
2026-01-12,True,-2335.95,False,,1088.75,STOP
2026-01-13,True,68.23,True,,1114.75,TARGET
2026-01-14,True,-368.08,False,,1300.0,EOD
2026-01-16,True,-500.21,False,,913.25,EOD
2026-01-19,True,-629.96,False,,1816.75,EOD
2026-01-20,True,-3822.61,False,,2297.75,STOP
2026-01-21,True,-1648.73,False,,1274.0,EOD
2026-01-22,True,151.17,True,,1742.0,EOD
2026-01-23,True,-1364.54,False,,507.0,STOP
2026-01-27,True,-418.62,False,,250.25,TARGET
2026-01-28,True,-1001.08,False,,2128.75,EOD
2026-01-29,False,0.0,False,NOLEG,,
2026-01-30,False,0.0,False,NOLEG,,
2026-02-02,True,-532.33,False,,81.25,TARGET
2026-02-03,False,0.0,False,NOSIM,,
2026-02-04,False,0.0,False,NOSIM,,
2026-02-05,True,-415.5,False,,325.0,TARGET
2026-02-06,True,-710.44,False,,87.75,STOP
2026-02-09,True,-775.91,False,,130.0,STOP
2026-02-10,True,1092.45,True,,2889.25,TARGET
2026-02-11,True,-596.55,False,,22.75,EOD
2026-02-12,True,1220.02,True,,3337.75,TARGET
2026-02-13,True,-238.16,False,,731.25,EOD
2026-02-16,True,-545.21,False,,546.0,EOD
2026-02-17,True,-427.62,False,,315.25,TARGET
2026-02-18,True,-388.98,False,,383.5,TARGET
2026-02-19,False,0.0,False,NOSIM,,
2026-02-20,True,-315.29,False,,533.0,TARGET
2026-02-23,False,0.0,False,NOSIM,,
2026-02-24,True,-2000.83,False,,988.0,STOP
2026-02-25,True,-567.35,False,,5112.25,EOD
2026-02-26,True,1065.91,True,,7884.5,EOD
2026-02-27,True,-541.64,False,,78.0,TARGET
2026-03-02,True,-1730.1,False,,7731.75,EOD
2026-03-04,True,-1638.15,False,,952.25,EOD
2026-03-05,True,679.03,True,,2492.75,TARGET
2026-03-06,False,0.0,False,NOLEG,,
2026-03-09,False,0.0,False,NOSIM,,
2026-03-10,False,0.0,False,NOSIM,,
2026-03-11,False,0.0,False,NOLEG,,
2026-03-12,True,-563.4,False,,1218.75,EOD
2026-03-13,True,-634.08,False,,104.0,EOD
2026-03-16,False,0.0,False,NOSIM,,
2026-03-17,False,0.0,False,NOSIM,,
2026-03-18,False,0.0,False,NOLEG,,
2026-03-19,True,-520.28,False,,165.75,EOD
2026-03-20,True,-481.91,False,,198.25,TARGET
2026-03-23,True,-463.6,False,,208.0,TARGET
2026-03-24,False,0.0,False,NOSIM,,
2026-03-25,False,0.0,False,NOLEG,,
2026-03-27,False,0.0,False,NOLEG,,
2026-03-30,False,0.0,False,NOLEG,,
2026-04-01,True,329.2,True,,1797.25,TARGET
2026-04-02,False,0.0,False,NOLEG,,
2026-04-06,False,0.0,False,NOLEG,,
2026-04-07,True,-533.24,False,,78.0,TARGET
2026-04-08,False,0.0,False,NOLEG,,
2026-04-09,True,-594.04,False,,84.5,EOD
2026-04-10,True,-651.94,False,,48.75,STOP
2026-04-13,False,0.0,False,NOSIM,,
2026-04-15,True,-88.04,False,,1121.25,EOD
2026-04-16,True,-389.55,False,,516.75,EOD
2026-04-17,True,-732.54,False,,104.0,STOP
2026-04-20,True,-676.06,False,,68.25,STOP
2026-04-21,True,-622.52,False,,29.25,STOP
2026-04-22,True,-546.06,False,,136.5,EOD
2026-04-23,True,-471.59,False,,188.5,TARGET
2026-04-24,True,-501.81,False,,240.5,EOD
2026-04-27,False,0.0,False,NOSIM,,
2026-04-28,True,680.8,True,,2369.25,TARGET
2026-04-29,True,-641.71,False,,338.0,EOD
2026-04-30,True,-718.36,False,,87.75,STOP
2026-05-04,True,-514.26,False,,133.25,TARGET
2026-05-05,True,-658.97,False,,52.0,STOP
2026-05-06,True,-123.3,False,,1907.75,EOD
2026-05-07,True,-611.86,False,,494.0,EOD
2026-05-08,True,-488.22,False,,422.5,EOD
2026-05-11,True,-323.13,False,,513.5,TARGET
2026-05-12,True,-1233.61,False,,347.75,STOP
2026-05-13,True,-626.9,False,,2665.0,EOD
2026-05-14,True,-529.32,False,,117.0,EOD
2026-05-15,True,-652.23,False,,42.25,STOP
2026-05-18,True,-226.37,False,,682.5,TARGET
2026-05-19,True,-405.6,False,,247.0,TARGET
2026-05-20,True,-2256.04,False,,1189.5,EOD
2026-05-21,True,-270.58,False,,624.0,TARGET
2026-05-22,True,-524.87,False,,117.0,EOD
2026-05-25,True,-1606.8,False,,3451.5,EOD
2026-05-26,True,-3273.9,False,,3074.5,EOD
2026-05-27,True,-186.51,False,,4147.0,EOD
2026-05-29,True,-512.23,False,,133.25,TARGET
2026-06-01,True,174.93,True,,1449.5,TARGET
2026-06-02,True,-501.68,False,,133.25,TARGET
2026-06-03,True,-1984.18,False,,2333.5,EOD
2026-06-04,False,0.0,False,NOSIM,,
2026-06-05,True,-454.97,False,,578.5,EOD
2026-06-08,True,-404.86,False,,347.75,TARGET
2026-06-09,True,-583.89,False,,3.25,STOP
2026-06-10,False,0.0,False,NOLEG,,
2026-06-11,False,0.0,False,NOLEG,,
2026-06-12,False,0.0,False,NOLEG,,
2026-06-15,True,95.52,True,,2301.0,EOD
2026-06-16,True,417.43,True,,1956.5,TARGET
2026-06-17,True,-1142.25,False,,7683.0,EOD
2026-06-18,True,643.52,True,,2990.0,EOD
2026-06-19,True,1440.57,True,,5271.5,EOD
2026-06-22,True,-596.14,False,,29.25,EOD
2026-06-23,True,419.79,True,,1917.5,TARGET
2026-06-24,True,-701.88,False,,3315.0,EOD
2026-06-25,True,932.32,True,,2908.75,TARGET
2026-06-29,True,-3096.03,False,,1670.5,STOP
2026-06-30,False,0.0,False,NOSIM,,
2026-07-01,True,-1239.22,False,,4179.5,EOD
2026-07-02,True,-2944.26,False,,5921.5,EOD
2026-07-03,True,-528.34,False,,708.5,EOD
2026-07-06,True,-433.45,False,,295.75,TARGET
2026-07-07,True,262.3,True,,1469.0,TARGET
2026-07-08,True,-1662.05,False,,8619.0,EOD
2026-07-09,True,446.01,True,,2057.25,TARGET
2026-07-10,True,-196.46,False,,1124.5,EOD
2026-07-13,True,-597.03,False,,253.5,EOD
2026-07-14,True,778.23,True,,2323.75,TARGET
2026-07-15,True,667.61,True,,5089.5,EOD
2026-07-16,True,275.79,True,,3610.75,EOD
2026-07-17,True,-2819.88,False,,3285.75,EOD
2026-07-20,False,0.0,False,NOSIM,,
2026-07-21,True,672.68,True,,2444.0,TARGET
2026-07-22,True,-1273.87,False,,7796.75,EOD
2026-07-23,True,-1012.53,False,,6136.0,EOD
2026-07-24,True,-363.79,False,,377.0,TARGET
2026-07-27,True,-553.78,False,,55.25,EOD
2026-07-28,True,-269.86,False,,497.25,TARGET
2026-07-29,True,-965.17,False,,8209.5,EOD
2026-07-30,True,-587.1,False,,968.5,EOD
2026-07-31,True,-203.19,False,,1384.5,EOD
2026-08-03,True,696.66,True,,2476.5,TARGET
2026-08-04,True,4774.37,True,,3536.0,TARGET
2026-08-05,True,357.47,True,,5356.0,EOD
2026-08-06,True,-731.92,False,,991.25,EOD
2026-08-07,True,-291.29,False,,793.0,EOD
2026-08-10,True,-365.51,False,,3809.0,EOD
2026-08-11,True,2533.93,True,,6019.0,TARGET
2026-08-12,True,-312.03,False,,968.5,EOD
2026-08-13,True,-173.12,False,,770.25,TARGET
2026-08-14,True,-463.81,False,,318.5,EOD
2026-08-17,True,-804.84,False,,136.5,STOP
2026-08-18,True,-4378.07,False,,3019.25,EOD
2026-08-19,True,-1240.48,False,,1803.75,EOD
2026-08-20,True,-196.16,False,,2083.25,EOD
2026-08-21,True,-225.52,False,,1430.0,EOD
2026-08-24,True,1219.09,True,,3513.25,TARGET
2026-08-25,True,18.24,True,,1098.5,TARGET
2026-08-26,True,56.52,True,,4485.0,EOD
2026-08-27,True,-1380.22,False,,3529.5,EOD
2026-08-28,True,-1853.99,False,,2044.25,EOD
2026-08-31,True,-192.0,False,,2418.0,EOD
2026-09-01,True,-54.15,False,,1023.75,TARGET
2026-09-02,True,-860.47,False,,1530.75,EOD
2026-09-03,True,357.63,True,,1898.0,EOD
2026-09-04,True,-845.21,False,,2795.0,EOD
2026-09-07,True,869.23,True,,2886.0,TARGET
2026-09-08,True,-414.76,False,,308.75,TARGET
2026-09-09,True,-300.71,False,,942.5,EOD
2026-09-10,True,-740.34,False,,318.5,EOD
2026-09-11,True,-711.8,False,,312.0,EOD
2026-09-15,True,-1754.76,False,,663.0,STOP
2026-09-16,True,-532.13,False,,94.25,TARGET
2026-09-17,True,-44.04,False,,1573.0,EOD
2026-09-18,False,0.0,False,NOSIM,,
2026-09-21,True,574.25,True,,2278.25,TARGET
2026-09-22,True,-806.31,False,,3815.5,EOD
2026-09-23,True,-371.09,False,,702.0,EOD
2026-09-24,True,-650.31,False,,13.0,STOP
2026-09-25,False,0.0,False,NOSIM,,
