date,net_pnl,rule_day
2021-01-04,-1888.5600000000004,False
2021-01-05,-50.920000000000186,False
2021-01-06,14.830000000000041,False
2021-01-07,-202.03999999999996,False
2021-01-08,-509.17999999999995,True
2021-01-11,-1260.1699999999998,False
2021-01-12,-117.36000000000001,False
2021-01-13,-624.98,False
2021-01-14,1144.29,False
2021-01-15,-287.47,False
2021-01-18,-2899.9800000000005,False
2021-01-19,-1189.0299999999997,False
2021-01-20,-1300.7600000000002,False
2021-01-21,1360.74,False
2021-01-22,-680.1500000000003,False
2021-01-25,-503.56999999999994,False
2021-01-27,-3712.7099999999996,False
2021-01-28,-467.12,False
2021-01-29,-1863.4300000000007,False
2021-02-01,1192.7000000000019,False
2021-02-02,-702.13,False
2021-02-03,236.39999999999998,False
2021-02-04,-452.21000000000004,False
2021-02-05,-393.7399999999998,False
2021-02-09,114.38999999999999,False
2021-02-10,-800.58,False
2021-02-11,1876.38,True
2021-02-12,-415.15,False
2021-02-15,-644.38,True
2021-02-16,402.69000000000005,False
2021-02-17,1824.35,False
2021-02-18,976.59,False
2021-02-19,-521.9800000000001,False
2021-02-22,-701.43,False
2021-02-23,-250.11,False
2021-02-24,-3694.7700000000004,False
2021-02-25,2146.33,False
2021-02-26,-1732.58,True
2021-03-01,-1107.9,False
2021-03-02,-762.8199999999998,False
2021-03-03,-6283.650000000001,False
2021-03-04,2843.51,False
2021-03-08,-83.88,True
2021-03-09,-522.75,True
2021-03-10,-533.37,False
2021-03-12,-671.32,False
2021-03-15,-868.920000000001,False
2021-03-16,-514.53,False
2021-03-17,-1334.65,False
2021-03-18,-651.58,False
2021-03-19,2150.35,False
2021-03-22,-82.98000000000002,False
2021-03-23,-1329.5800000000004,True
2021-03-24,537.21,False
2021-03-25,-587.01,False
2021-03-26,149.33000000000004,False
2021-03-31,1178.48,False
2021-04-01,1302.19,False
2021-04-05,-3956.3699999999985,False
2021-04-06,-304.44000000000005,False
2021-04-07,-634.69,True
2021-04-08,273.61,False
2021-04-09,203.4600000000005,True
2021-04-13,-561.06,False
2021-04-15,-628.71,False
2021-04-16,-261.29999999999995,True
2021-04-19,754.4700000000005,False
2021-04-20,-1070.0599999999997,True
2021-04-22,1140.1100000000001,False
2021-04-23,-407.40999999999997,False
2021-04-26,-267.8199999999998,True
2021-04-27,68.10000000000002,False
2021-04-28,-1608.47,False
2021-04-29,904.45,False
2021-04-30,-442.5800000000004,False
2021-05-03,5.759999999999991,False
2021-05-04,142.03999999999996,False
2021-05-05,-341.78999999999996,False
2021-05-06,-571.93,False
2021-05-07,-610.75,False
2021-05-10,-231.65999999999997,True
2021-05-11,2.1100000000000136,True
2021-05-12,-5381.97,False
2021-05-14,-701.04,False
2021-05-17,-562.31,True
2021-05-18,-5120.149999999999,False
2021-05-19,-61.789999999999964,False
2021-05-20,190.08000000000004,True
2021-05-21,-4366.119999999999,False
2021-05-24,33.35000000000002,False
2021-05-25,555.3,True
2021-05-26,-621.48,False
2021-05-27,254.25,False
2021-05-28,15.720000000000027,True
2021-05-31,-94.30999999999995,True
2021-06-01,-338.7799999999999,False
2021-06-02,-512.85,True
2021-06-03,-131.61,True
2021-06-04,-208.97000000000014,True
2021-06-07,258.5499999999997,True
2021-06-08,234.83000000000004,True
2021-06-09,-516.83,True
2021-06-10,303.05999999999995,False
2021-06-11,-260.26999999999987,False
2021-06-14,-512.4900000000001,True
2021-06-15,-414.29999999999995,False
2021-06-16,-94.00999999999999,True
2021-06-17,451.04999999999995,False
2021-06-18,-488.39000000000004,True
2021-06-21,-752.92,False
2021-06-22,72.26999999999998,False
2021-06-23,-336.2200000000001,True
2021-06-24,126.23000000000002,False
2021-06-25,840.9700000000003,False
2021-06-28,795.5900000000003,True
2021-06-29,-1281.9599999999996,False
2021-06-30,118.35000000000014,False
2021-07-01,-332.08,False
2021-07-02,630.7899999999997,False
2021-07-05,331.1800000000001,True
2021-07-06,-242.60000000000014,False
2021-07-07,-336.1700000000001,True
2021-07-08,-3439.3800000000006,False
2021-07-09,244.66000000000003,False
2021-07-12,231.74,True
2021-07-13,-477.47000000000014,False
2021-07-14,67.82999999999998,True
2021-07-15,161.51,False
2021-07-16,-126.46999999999991,False
2021-07-19,-939.3500000000005,True
2021-07-20,-566.0599999999996,True
2021-07-22,-494.25,False
2021-07-23,-263.52000000000004,False
2021-07-26,-164.16000000000003,True
2021-07-27,-1479.22,True
2021-07-28,-65.92000000000002,False
2021-07-29,181.31000000000012,False
2021-07-30,-59.24000000000001,False
2021-08-02,-965.2500000000001,False
2021-08-03,-3066.0299999999997,True
2021-08-04,-2913.63,False
2021-08-06,538.4199999999995,True
2021-08-09,128.2899999999998,True
2021-08-10,-104.2100000000001,True
2021-08-11,174.23000000000002,True
2021-08-12,-1761.6200000000003,True
2021-08-13,-1449.6800000000005,False
2021-08-16,-700.7699999999999,False
2021-08-17,139.62000000000012,False
2021-08-18,95.86000000000001,False
2021-08-20,2798.79,False
2021-08-23,-1348.3200000000004,True
2021-08-24,-1697.4399999999998,False
2021-08-25,-12.129999999999995,False
2021-08-26,350.95,True
2021-08-27,-1250.24,True
2021-08-30,-734.5500000000001,False
2021-08-31,-3352.960000000001,False
2021-09-01,1802.2800000000004,False
2021-09-02,-1219.59,False
2021-09-03,-463.31999999999994,False
2021-09-06,-7.389999999999986,False
2021-09-07,-472.2300000000001,True
2021-09-08,-314.53999999999996,True
2021-09-09,734.53,True
2021-09-13,-430.31000000000006,True
2021-09-14,-655.6700000000001,True
2021-09-15,-2666.85,True
2021-09-16,-4276.27,False
2021-09-17,-283.43,False
2021-09-20,-750.01,False
2021-09-21,-259.98,False
2021-09-22,-507.74,False
2021-09-24,-386.61,False
2021-09-27,-360.87,True
2021-09-28,680.0499999999997,False
2021-09-29,-581.23,False
2021-09-30,-432.14,True
2021-10-04,102.19,True
2021-10-05,574.0599999999997,False
2021-10-06,-936.4100000000001,False
2021-10-07,-48.14999999999998,False
2021-10-08,-1249.5700000000002,True
2021-10-11,-305.04000000000013,True
2021-10-12,126.07999999999998,False
2021-10-13,-2290.53,False
2021-10-14,-4264.94,False
2021-10-18,-41.14999999999998,False
2021-10-19,-711.76,True
2021-10-20,-1736.4299999999998,False
2021-10-21,-100.91000000000003,False
2021-10-22,66.65999999999963,False
2021-10-25,-526.5,False
2021-10-26,-385.38,False
2021-10-27,171.05,False
2021-10-28,-5643.29,False
2021-11-01,-2569.2200000000003,False
2021-11-02,-1052.52,False
2021-11-03,579.44,False
2021-11-08,-2069.130000000001,True
2021-11-09,-462.3600000000002,False
2021-11-10,374.79,False
2021-11-11,-873.5400000000002,True
2021-11-12,-1646.46,False
2021-11-15,-687.54,False
2021-11-16,-1489.4800000000002,False
2021-11-17,-30.25999999999999,False
2021-11-18,-861.9200000000001,True
2021-11-22,-1496.1400000000003,False
2021-11-24,-432.86,False
2021-11-25,-374.64,False
2021-11-26,-5119.57,False
2021-11-29,-853.55,False
2021-11-30,-351.6499999999999,True
2021-12-01,-527.61,False
2021-12-02,-437.02,False
2021-12-03,-787.1799999999998,False
2021-12-06,-2495.0299999999997,False
2021-12-07,-486.29999999999995,False
2021-12-08,-183.04000000000002,False
2021-12-09,163.89999999999998,False
2021-12-10,729.2899999999995,True
2021-12-13,-2007.37,True
2021-12-14,-603.3299999999999,False
2021-12-15,-803.5,True
2021-12-16,-380.45,False
2021-12-17,-2950.590000000003,False
2021-12-20,-3050.7099999999973,False
2021-12-21,-346.5900000000001,False
2021-12-22,-415.0,False
2021-12-23,116.07,False
2021-12-24,-570.8199999999997,True
2021-12-27,-129.36,False
2021-12-28,710.45,False
2021-12-30,-117.68,True
2021-12-31,-1597.3600000000006,True
2022-01-03,1520.7500000000005,False
2022-01-04,-420.44000000000005,False
2022-01-05,-714.53,False
2022-01-06,-1219.08,False
2022-01-07,-206.33999999999997,True
2022-01-10,-1684.6,True
2022-01-11,118.69,False
2022-01-12,-404.76,False
2022-01-13,-444.37,True
2022-01-14,-467.57,True
2022-01-17,6.569999999999766,False
2022-01-18,-507.05,False
2022-01-19,-6.839999999999975,False
2022-01-20,-439.36,False
2022-01-21,-4192.729999999998,False
2022-01-24,-1405.3600000000006,False
2022-01-25,741.5399999999997,False
2022-01-27,-364.72999999999996,False
2022-02-02,268.1,False
2022-02-03,-284.75,False
2022-02-04,-379.03,False
2022-02-07,-1912.7099999999991,True
2022-02-08,356.45,False
2022-02-09,-1650.85,True
2022-02-11,-1760.35,False
2022-02-14,-147.42000000000024,False
2022-02-15,-2053.8,False
2022-02-17,63.35000000000002,False
2022-02-18,2239.4700000000003,False
2022-02-21,-1284.92,True
2022-02-22,-2249.02,True
2022-02-23,-1355.3399999999997,False
2022-02-24,-5796.54,False
2022-02-25,1402.85,False
2022-02-28,-664.52,False
2022-03-02,1403.4,False
2022-03-07,-688.4599999999999,False
2022-03-08,64.95999999999998,True
2022-03-09,-318.54999999999995,False
2022-03-10,-10.370000000000005,False
2022-03-14,-1094.43,False
2022-03-15,-462.47000000000014,False
2022-03-16,10.689999999999998,False
2022-03-17,-342.17,False
2022-03-21,-337.31,False
2022-03-22,-377.67,False
2022-03-23,-474.64,False
2022-03-24,-481.71,False
2022-03-25,-444.95,False
2022-03-28,-455.81,False
2022-03-29,-454.57,False
2022-03-30,-434.67,True
2022-03-31,-484.3,True
2022-04-01,-1351.3000000000009,False
2022-04-05,-491.7300000000001,False
2022-04-06,-1603.6,False
2022-04-07,-137.89999999999998,True
2022-04-08,-1882.9399999999996,True
2022-04-11,-455.15,False
2022-04-12,-362.63,False
2022-04-18,-97.38999999999965,False
2022-04-19,-647.4200000000001,True
2022-04-20,-435.8999999999999,False
2022-04-21,-113.44,False
2022-04-22,-928.9099999999999,False
2022-04-25,-3587.17,False
2022-04-26,-439.76,False
2022-04-27,-38.129999999999825,False
2022-04-28,-21.74000000000001,True
2022-04-29,-537.86,False
2022-05-02,-510.5,False
2022-05-04,-5133.32,False
2022-05-05,-126.04000000000008,False
2022-05-09,-461.29,True
2022-05-10,-626.06,False
2022-05-11,-773.9499999999998,True
2022-05-13,-1823.9499999999996,False
2022-05-16,-528.8199999999999,False
2022-05-17,-437.48,True
2022-05-19,-4736.94,False
2022-05-20,-455.8499999999999,False
2022-05-23,-944.5899999999998,False
2022-05-24,-576.2900000000002,False
2022-05-25,-1334.5300000000002,False
2022-05-26,-461.87,False
2022-05-27,-542.8800000000001,False
2022-05-30,-711.1899999999999,True
2022-05-31,-316.4899999999999,False
2022-06-01,-396.01,True
2022-06-02,-431.89,False
2022-06-03,-327.56000000000006,False
2022-06-06,-298.92,False
2022-06-07,-720.8400000000003,True
2022-06-08,-380.26,False
2022-06-09,-374.59,False
2022-06-10,-1380.8100000000006,False
2022-06-13,-635.35,False
2022-06-14,-314.54,False
2022-06-15,-517.37,True
2022-06-16,-225.32999999999998,True
2022-06-17,-360.96000000000004,False
2022-06-20,102.71999999999991,True
2022-06-21,58.20999999999998,True
2022-06-22,-326.01,False
2022-06-23,-389.57,False
2022-06-24,-370.97000000000037,False
2022-06-27,728.9800000000005,False
2022-06-28,-550.1599999999997,False
2022-06-29,-541.51,False
2022-06-30,-25.629999999999995,False
2022-07-01,-944.3,True
2022-07-04,784.53,False
2022-07-05,-477.08,False
2022-07-06,-1758.71,False
2022-07-07,634.74,False
2022-07-08,-550.5199999999995,True
2022-07-11,-877.5099999999998,True
2022-07-12,-472.53000000000003,False
2022-07-13,448.92,False
2022-07-14,-441.68,False
2022-07-15,-1096.3200000000002,False
2022-07-18,-136.76999999999998,False
2022-07-19,-70.89999999999992,False
2022-07-20,-453.69000000000005,False
2022-07-21,408.23,True
2022-07-22,-784.61,False
2022-07-25,342.05,False
2022-07-26,-300.53,False
2022-07-27,-454.78,False
2022-07-28,-439.34,False
2022-07-29,-1345.5,False
2022-08-01,-328.7499999999998,False
2022-08-02,-586.69,False
2022-08-03,747.0100000000004,True
2022-08-04,1048.6600000000003,False
2022-08-05,-137.5999999999999,False
2022-08-08,-199.52999999999997,True
2022-08-10,212.13999999999987,False
2022-08-11,-394.32,True
2022-08-12,340.36999999999955,True
2022-08-16,-663.6100000000002,True
2022-08-17,-2124.8499999999995,True
2022-08-18,1220.71,False
2022-08-19,646.6200000000005,True
2022-08-22,-33.83000000000004,False
2022-08-23,-177.06,False
2022-08-24,-345.88,False
2022-08-25,-416.88,False
2022-08-26,-219.0,False
2022-08-29,1036.8899999999999,True
2022-08-30,-264.6000000000001,False
2022-09-01,-335.05,False
2022-09-02,99.85000000000002,True
2022-09-05,-272.07000000000005,True
2022-09-06,-162.63,False
2022-09-07,-473.29999999999995,False
2022-09-08,-362.03,False
2022-09-09,152.70999999999964,False
2022-09-12,-404.6599999999996,False
2022-09-13,-763.8999999999999,False
2022-09-14,1902.12,False
2022-09-15,-187.69999999999993,False
2022-09-16,-532.35,False
2022-09-19,-415.43000000000006,False
2022-09-20,-259.20999999999964,False
2022-09-21,-81.76999999999992,False
2022-09-22,503.37,False
2022-09-23,-494.65,True
2022-09-26,-338.49,False
2022-09-29,2223.67,True
2022-09-30,-2237.37,False
2022-10-03,-1649.53,False
2022-10-04,-2272.04,False
2022-10-06,290.77,False
2022-10-07,-663.3299999999997,False
2022-10-10,652.01,True
2022-10-11,-2806.25,False
2022-10-12,-1317.5,False
2022-10-13,463.81,False
2022-10-14,-469.88000000000045,False
2022-10-17,-427.96,False
2022-10-18,-836.6199999999993,False
2022-10-19,639.9200000000001,False
2022-10-20,-142.55,True
2022-10-21,-229.0,False
2022-10-25,-183.19,True
2022-10-27,149.05,False
2022-10-28,-775.2000000000003,False
2022-10-31,-1284.67,False
2022-11-01,-265.06000000000006,False
2022-11-02,-418.3599999999999,False
2022-11-03,1678.9399999999996,False
2022-11-04,309.20000000000044,False
2022-11-07,-82.9600000000001,False
2022-11-09,-660.6000000000001,True
2022-11-10,595.2500000000002,False
2022-11-11,487.61,True
2022-11-14,-524.15,False
2022-11-15,-440.27,False
2022-11-16,-250.7000000000001,True
2022-11-17,1774.2499999999995,True
2022-11-18,-325.74,True
2022-11-21,-803.2699999999998,True
2022-11-22,-603.87,False
2022-11-23,139.59000000000054,False
2022-11-24,-5414.09,False
2022-11-25,-722.4000000000013,False
2022-11-28,514.2799999999999,True
2022-11-29,-95.51000000000005,False
2022-11-30,157.5599999999999,True
2022-12-01,-217.70999999999998,False
2022-12-02,-905.3099999999997,True
2022-12-05,-348.07999999999976,False
2022-12-06,-324.1800000000006,True
2022-12-07,-1282.9,True
2022-12-08,403.20999999999975,True
2022-12-09,-1055.1,True
2022-12-12,-834.9600000000005,False
2022-12-13,-1184.1399999999999,False
2022-12-14,-344.6,False
2022-12-15,-6480.640000000001,True
2022-12-16,83.23999999999978,False
2022-12-19,-876.6,True
2022-12-20,-29.419999999999902,False
2022-12-21,-2973.37,True
2022-12-22,-258.21,False
2022-12-23,-2132.33,False
2022-12-26,-1533.7799999999997,False
2022-12-27,-645.8299999999999,False
2022-12-28,40.50999999999999,False
2022-12-29,676.5,True
2022-12-30,460.66999999999996,False
2023-01-02,-1099.8600000000001,False
2023-01-03,-97.44999999999982,False
2023-01-04,-437.6799999999997,False
2023-01-05,396.58,False
2023-01-06,-766.6200000000011,False
2023-01-09,-1476.2700000000002,False
2023-01-10,-2793.02,False
2023-01-11,211.64999999999998,False
2023-01-12,754.15,True
2023-01-13,1098.1300000000006,False
2023-01-16,-433.54000000000065,False
2023-01-17,-612.8500000000005,False
2023-01-18,-773.9799999999999,False
2023-01-19,48.879999999999995,False
2023-01-20,-765.5000000000002,True
2023-01-23,-2739.15,False
2023-01-24,-775.2500000000001,True
2023-01-25,-3735.560000000001,False
2023-01-27,-3150.230000000002,False
2023-01-30,-542.9200000000001,False
2023-01-31,30.689999999999998,False
2023-02-01,650.3800000000002,True
2023-02-06,-722.14,False
2023-02-07,-125.11000000000013,True
2023-02-08,-645.8,False
2023-02-09,1421.05,False
2023-02-10,-115.4699999999998,False
2023-02-13,-421.4900000000001,True
2023-02-14,251.3800000000001,False
2023-02-15,598.86,False
2023-02-16,-187.58000000000004,False
2023-02-17,-1246.9700000000005,True
2023-02-20,-1795.9900000000007,True
2023-02-21,-55.179999999999836,False
2023-02-22,-794.3,True
2023-02-23,194.97000000000003,False
2023-02-24,-1543.9599999999998,False
2023-02-27,799.7,False
2023-02-28,-607.4599999999999,True
2023-03-01,-1704.0399999999997,False
2023-03-02,-2521.3199999999997,False
2023-03-03,-373.54,False
2023-03-06,-155.88,False
2023-03-08,-200.91999999999996,False
2023-03-09,352.81,False
2023-03-10,-1712.0899999999992,False
2023-03-13,-3138.850000000001,True
2023-03-14,-895.0499999999997,False
2023-03-15,-1790.69,False
2023-03-16,-118.99000000000001,False
2023-03-17,-618.8399999999997,True
2023-03-20,-1127.3700000000001,True
2023-03-21,-716.2300000000001,False
2023-03-22,60.730000000000246,False
2023-03-23,732.37,True
2023-03-24,-1886.900000000001,True
2023-03-27,388.11000000000047,False
2023-03-28,-1080.77,True
2023-03-29,1090.3899999999999,False
2023-03-31,180.74,False
2023-04-03,-122.52999999999986,False
2023-04-05,-637.28,True
2023-04-06,887.1600000000001,False
2023-04-10,211.85000000000014,False
2023-04-11,20.919999999999902,True
2023-04-12,271.3199999999999,False
2023-04-13,-40.35000000000002,False
2023-04-17,-1281.4100000000003,True
2023-04-18,-1534.9999999999998,False
2023-04-19,407.74,False
2023-04-20,293.95,False
2023-04-21,52.24000000000069,True
2023-04-24,-918.49,True
2023-04-25,-962.1600000000003,False
2023-04-26,688.87,True
2023-04-27,-242.41000000000003,False
2023-04-28,122.73000000000002,False
2023-05-02,-1778.8299999999992,False
2023-05-03,-59.64999999999998,True
2023-05-04,-2463.35,True
2023-05-05,-1718.62,False
2023-05-08,-1345.0499999999995,False
2023-05-09,-582.48,False
2023-05-10,-97.42000000000002,True
2023-05-11,-127.66000000000003,True
2023-05-12,-334.58,True
2023-05-15,-1217.5599999999997,True
2023-05-16,-166.79000000000013,False
2023-05-17,-2015.58,False
2023-05-18,-222.27999999999997,False
2023-05-19,-1183.67,False
2023-05-22,-823.5399999999998,True
2023-05-23,357.41,False
2023-05-24,-335.14000000000004,True
2023-05-25,478.2,True
2023-05-26,1026.62,False
2023-05-29,-119.54000000000008,False
2023-05-30,-155.02999999999992,True
2023-05-31,-302.94,False
2023-06-01,965.6,False
2023-06-02,-932.9,False
2023-06-05,-231.81999999999988,True
2023-06-06,-108.30000000000001,True
2023-06-07,-3848.4800000000005,True
2023-06-08,-255.11,False
2023-06-09,-836.6900000000009,False
2023-06-12,-282.62000000000046,False
2023-06-13,-438.3200000000001,True
2023-06-14,-251.35000000000002,True
2023-06-15,-343.87,False
2023-06-16,-1407.1300000000006,False
2023-06-19,55.640000000000214,False
2023-06-20,289.93,False
2023-06-21,-283.66,True
2023-06-22,-916.6499999999999,True
2023-06-23,-1307.2499999999995,True
2023-06-26,-197.42000000000002,False
2023-06-27,-34.870000000000005,True
2023-06-28,-2147.95,False
2023-06-30,153.43000000000023,False
2023-07-03,-376.72,False
2023-07-04,-252.23000000000025,False
2023-07-05,-90.0800000000001,True
2023-07-06,392.36,False
2023-07-07,-1172.2299999999996,False
2023-07-10,-979.8499999999997,False
2023-07-11,435.81000000000057,True
2023-07-12,-10.859999999999786,False
2023-07-13,1477.88,False
2023-07-14,-1151.9499999999998,False
2023-07-17,273.53,False
2023-07-18,-739.78,False
2023-07-19,-227.26,True
2023-07-20,1080.6,True
2023-07-21,-1511.4499999999998,False
2023-07-24,724.97,False
2023-07-25,-205.55,False
2023-07-26,-565.3799999999998,False
2023-07-27,-2591.05,False
2023-07-28,-1491.8200000000006,False
2023-07-31,375.07,True
2023-08-01,372.14,False
2023-08-02,-2238.7599999999993,True
2023-08-03,-3636.4300000000003,False
2023-08-04,-477.64,False
2023-08-07,-1214.8700000000003,False
2023-08-08,-741.8499999999999,False
2023-08-09,-345.58000000000004,False
2023-08-10,-78.42000000000002,False
2023-08-11,-336.39999999999975,True
2023-08-14,1000.4700000000007,False
2023-08-16,700.8599999999998,True
2023-08-17,56.75,False
2023-08-18,-91.50999999999999,True
2023-08-21,121.55000000000001,True
2023-08-22,-224.07999999999993,False
2023-08-23,-306.1100000000003,True
2023-08-24,1448.45,True
2023-08-25,-390.4899999999999,False
2023-08-28,32.089999999999975,False
2023-08-29,-203.24000000000012,True
2023-08-30,-405.4599999999999,True
2023-08-31,-1896.46,False
2023-09-01,-534.8399999999998,False
2023-09-04,-384.95,False
2023-09-05,-133.63,True
2023-09-06,-36.36000000000013,True
2023-09-07,-1685.04,True
2023-09-08,-322.1399999999999,False
2023-09-11,-1648.0400000000004,False
2023-09-12,507.7100000000002,False
2023-09-13,-297.7400000000003,False
2023-09-14,1801.65,False
2023-09-15,-676.0899999999997,True
2023-09-18,490.56,True
2023-09-20,-2910.45,True
2023-09-21,-5130.4,False
2023-09-22,-137.95999999999998,False
2023-09-25,-254.43,True
2023-09-26,-28.709999999999866,True
2023-09-27,-690.72,True
2023-09-28,-3206.98,False
2023-09-29,222.01999999999998,False
2023-10-03,-1706.07,True
2023-10-04,-838.4900000000001,False
2023-10-05,655.11,True
2023-10-06,-1231.2599999999998,True
2023-10-09,-1440.7400000000002,False
2023-10-10,-826.1100000000002,False
2023-10-11,308.5,False
2023-10-12,-249.82,False
2023-10-13,-797.7700000000001,True
2023-10-16,-727.85,True
2023-10-17,-1173.74,True
2023-10-18,-1693.48,True
2023-10-19,1787.07,False
2023-10-20,-533.9999999999997,True
2023-10-23,-865.24,True
2023-10-25,-929.1600000000001,False
2023-10-26,-6010.97,False
2023-10-27,-487.37,False
2023-10-30,-60.47000000000037,False
2023-10-31,-1096.31,False
2023-11-01,-633.7299999999999,False
2023-11-02,-79.73000000000002,False
2023-11-03,-269.2399999999999,True
2023-11-06,-1667.52,True
2023-11-07,-374.61999999999995,False
2023-11-08,536.52,True
2023-11-09,358.7999999999999,True
2023-11-10,-690.5799999999998,True
2023-11-13,162.98000000000002,False
2023-11-15,-3396.920000000001,True
2023-11-16,-88.55000000000001,True
2023-11-17,-442.1500000000002,False
2023-11-20,-644.3900000000001,False
2023-11-21,-1018.3,True
2023-11-22,-520.4400000000003,True
2023-11-23,490.49,True
2023-11-24,-423.14000000000044,True
2023-11-28,-800.78,True
2023-11-29,-3341.500000000001,True
2023-11-30,385.09,False
2023-12-01,-423.21,True
2023-12-04,-717.6,False
2023-12-05,-254.86999999999995,False
2023-12-06,-152.33999999999997,False
2023-12-07,1530.37,True
2023-12-08,-738.3900000000003,True
2023-12-11,-401.01000000000033,True
2023-12-12,-365.8900000000003,True
2023-12-13,789.5,False
2023-12-14,-2699.9,True
2023-12-15,-668.15,False
2023-12-18,-919.4799999999998,False
2023-12-19,333.89999999999975,True
2023-12-20,-3913.66,True
2023-12-21,2911.17,False
2023-12-22,-283.7800000000001,False
2023-12-26,-203.03000000000003,True
2023-12-27,-69.81000000000006,False
2023-12-28,-267.63,False
2023-12-29,-139.86000000000013,True
2024-01-01,37.17000000000024,True
2024-01-02,-478.9000000000001,True
2024-01-03,164.55,False
2024-01-04,881.74,False
2024-01-05,-452.81000000000006,False
2024-01-08,-542.27,True
2024-01-09,805.77,False
2024-01-10,-1215.18,False
2024-01-11,111.56000000000012,False
2024-01-12,-2849.820000000001,False
2024-01-15,-465.31,False
2024-01-17,-1962.249999999999,False
2024-01-18,-145.11999999999995,False
2024-01-19,-452.6799999999999,False
2024-01-24,-375.16,False
2024-01-25,-439.44,False
2024-01-30,-2514.640000000001,False
2024-01-31,-264.75,False
2024-02-01,477.2399999999998,False
2024-02-02,-823.5699999999999,True
2024-02-05,-580.1800000000001,False
2024-02-06,-1104.4299999999998,False
2024-02-07,-444.66,False
2024-02-08,-6741.13,False
2024-02-09,331.6799999999999,False
2024-02-12,-158.4799999999998,True
2024-02-13,-409.23,False
2024-02-14,-1053.43,False
2024-02-15,797.29,False
2024-02-16,-892.1400000000001,True
2024-02-19,-434.82,True
2024-02-20,550.02,True
2024-02-21,-1798.35,False
2024-02-22,-476.62,False
2024-02-23,-475.55,False
2024-02-26,-447.31,False
2024-02-27,-469.42,True
2024-02-28,-559.46,False
2024-02-29,-185.81,False
2024-03-01,-597.5,False
2024-03-04,-307.69999999999993,False
2024-03-05,-254.67999999999978,True
2024-03-06,488.75,False
2024-03-07,-429.22,False
2024-03-11,-291.7599999999993,True
2024-03-12,-464.5,False
2024-03-13,-1513.9399999999998,True
2024-03-14,-215.13,False
2024-03-15,-1077.4000000000005,False
2024-03-18,-452.07,True
2024-03-19,-491.78,True
2024-03-20,-48.31,False
2024-03-21,1286.58,True
2024-03-22,462.77,True
2024-03-26,-303.9899999999998,False
2024-03-27,428.92,False
2024-03-28,-197.77999999999997,False
2024-04-01,-312.9300000000002,False
2024-04-02,-68.56000000000068,False
2024-04-03,-399.91,True
2024-04-04,1719.6399999999994,False
2024-04-05,-448.20999999999987,True
2024-04-08,201.78999999999957,True
2024-04-09,-88.73000000000002,False
2024-04-10,-122.86000000000001,False
2024-04-12,-390.58,True
2024-04-15,-503.73999999999995,False
2024-04-16,-529.02,False
2024-04-18,-237.14,True
2024-04-19,-1339.9499999999991,False
2024-04-22,195.35000000000025,False
2024-04-23,-579.8299999999999,False
2024-04-24,-460.6,False
2024-04-25,-4355.35,True
2024-04-26,-357.06,False
2024-04-29,-337.91,False
2024-04-30,-574.9399999999999,False
2024-05-02,-309.05,True
2024-05-03,-445.76,False
2024-05-06,-282.59000000000015,False
2024-05-07,-387.78999999999996,False
2024-05-08,-146.65,False
2024-05-09,-964.24,True
2024-05-10,-349.90999999999997,False
2024-05-13,-321.82,True
2024-05-14,-337.9,False
2024-05-15,-275.4700000000001,False
2024-05-16,-179.55,True
2024-05-21,-308.32,True
2024-05-22,92.8599999999999,False
2024-05-23,-337.69,True
2024-05-24,-333.05,False
2024-05-27,-704.8199999999995,True
2024-05-28,-252.12999999999977,False
2024-05-29,-473.01,False
2024-05-30,-328.94,False
2024-06-10,-568.36,False
2024-06-11,80.36000000000001,True
2024-06-12,-321.74,True
2024-06-13,-231.68,True
2024-06-14,-299.78,False
2024-06-18,-398.9499999999999,True
2024-06-19,-313.04,True
2024-06-20,-317.73,False
2024-06-21,-117.87000000000003,True
2024-06-24,-153.64999999999998,False
2024-06-25,-420.17,False
2024-06-26,-701.44,False
2024-06-27,-710.75,False
2024-06-28,-53.760000000000105,False
2024-07-01,-337.09,True
2024-07-02,-282.65999999999997,False
2024-07-03,-288.11999999999995,True
2024-07-04,-256.69,True
2024-07-05,-316.87,False
2024-07-08,-267.41,False
2024-07-09,-141.35000000000002,True
2024-07-10,-416.73,False
2024-07-11,82.38999999999993,False
2024-07-12,-357.01,True
2024-07-15,-351.24,False
2024-07-16,78.91000000000003,True
2024-07-18,-330.22,True
2024-07-19,-508.9999999999998,False
2024-07-22,-315.40999999999997,False
2024-07-23,-17.66000000000014,True
2024-07-24,-221.69,True
2024-07-25,-142.07999999999998,True
2024-07-26,-1021.62,False
2024-07-30,-319.45,False
2024-07-31,-336.72,True
2024-08-01,-286.55,False
2024-08-02,-257.39,True
2024-08-05,-1143.6799999999992,False
2024-08-06,-143.41,False
2024-08-08,-85.09999999999997,False
2024-08-09,-390.32,False
2024-08-12,-295.83,True
2024-08-13,-339.33,True
2024-08-16,-458.61,True
2024-08-19,-262.5,False
2024-08-20,-358.42,True
2024-08-21,-334.66,False
2024-08-22,-140.72000000000003,False
2024-08-23,-379.66,True
2024-08-26,-351.96,True
2024-08-28,-273.7799999999995,True
2024-08-29,198.58999999999997,True
2024-08-30,-483.3,False
2024-09-02,-449.8700000000001,True
2024-09-03,-224.61999999999995,False
2024-09-04,155.4099999999999,True
2024-09-05,568.56,True
2024-09-06,-1412.33,False
2024-09-10,-326.67,False
2024-09-11,-399.24,True
2024-09-12,-2954.64,False
2024-09-13,-359.33,False
2024-09-16,-349.15,True
2024-09-17,-382.76,True
2024-09-18,-406.55999999999995,True
2024-09-20,-336.59,True
2024-09-23,-209.49999999999997,False
2024-09-25,-331.74,True
2024-09-26,-332.67,True
2024-09-27,-327.34,False
2024-09-30,-330.94,True
2024-10-10,-301.54,False
2024-10-11,-788.9599999999998,True
2024-10-14,511.25,False
2024-10-15,-987.3199999999997,False
2024-10-16,225.68999999999977,False
2024-10-17,-325.2,True
2024-10-18,-308.34,False
2024-10-22,-230.52999999999997,False
2024-10-23,-163.08999999999997,False
2024-10-24,-320.33,True
2024-10-25,-1449.85,True
2024-10-28,-236.18,False
2024-10-29,-345.47,False
2024-10-30,-401.47,False
2024-10-31,-301.7,False
2024-11-21,-240.36,True
2024-11-26,-528.4,False
2024-11-27,-594.96,False
2024-11-28,-8016.659999999999,False
2024-11-29,70.09000000000003,False
2024-12-02,-711.9,False
2024-12-03,-576.8,False
2024-12-04,-580.44,False
2024-12-05,-654.39,True
2024-12-11,-456.73,True
2024-12-12,-265.94000000000005,True
2024-12-13,-643.78,False
2024-12-16,-1770.7799999999997,False
2024-12-17,-979.19,True
2024-12-18,-613.73,False
2024-12-19,-2102.14,False
2024-12-20,-4158.910000000002,True
2024-12-24,-577.81,True
2024-12-26,126.85000000000002,True
2025-01-02,-598.21,False
2025-01-08,-546.6,False
2025-01-09,-310.87,True
2025-01-13,-655.97,False
2025-01-15,-400.1999999999999,True
2025-01-16,3376.3999999999996,True
2025-01-17,-528.15,True
2025-01-20,-779.8899999999999,False
2025-01-21,-307.58000000000004,False
2025-01-22,-643.63,False
2025-01-23,332.29999999999995,True
2025-01-24,-500.38000000000005,False
2025-01-27,-517.67,False
2025-01-28,-501.84000000000003,False
2025-01-29,-594.52,True
2025-01-30,-599.81,False
2025-02-05,-373.23,False
2025-02-06,-258.24,True
2025-02-12,-509.14,False
2025-02-13,-605.63,True
2025-02-14,-517.91,False
2025-02-18,-583.93,False
2025-02-19,-681.07,True
2025-02-20,-478.52,True
2025-02-24,-794.83,False
2025-02-25,926.08,False
2025-02-27,-731.86,True
2025-03-03,214.99,False
2025-03-04,-635.71,False
2025-03-05,-1506.96,False
2025-03-06,36.97000000000003,False
2025-03-07,-583.77,False
2025-03-10,-532.21,True
2025-03-11,-321.67999999999995,False
2025-03-12,-473.39,False
2025-03-13,-564.47,True
2025-03-17,-217.26,False
2025-03-18,-561.3,False
2025-03-19,-1316.65,False
2025-03-20,-359.27,True
2025-03-21,-674.45,False
2025-03-24,-1736.3600000000001,False
2025-03-25,-655.13,False
2025-03-26,-606.31,False
2025-03-27,-359.48,False
2025-04-03,-158.73000000000002,False
2025-04-09,-501.39,False
2025-04-16,865.9500000000003,False
2025-04-17,-445.78999999999996,False
2025-04-22,-671.79,False
2025-04-23,-658.69,True
2025-04-24,-510.64,True
2025-04-25,-2495.8199999999997,False
2025-04-28,150.76,False
2025-04-29,-732.8900000000001,False
2025-04-30,1584.9299999999998,True
2025-05-07,-346.59000000000003,False
2025-05-08,-518.6,False
2025-05-09,-853.4800000000005,False
2025-05-13,-472.79999999999995,False
2025-05-14,-431.61000000000007,False
2025-05-15,-5335.6900000000005,True
2025-05-16,-466.24999999999994,False
2025-05-19,-925.4499999999989,True
2025-05-20,-712.8799999999999,False
2025-05-21,-819.04,False
2025-05-22,-530.8,True
2025-05-23,-794.0100000000002,False
2025-05-26,-692.6300000000001,False
2025-05-27,-654.39,False
2025-05-28,-513.1,False
2025-05-29,-609.53,False
2025-06-03,-718.8700000000001,True
2025-06-04,-330.89,False
2025-06-05,-568.18,False
2025-06-06,-584.96,False
2025-06-09,-581.4,False
2025-06-10,-599.04,True
2025-06-11,-650.89,True
2025-06-12,-613.11,True
2025-06-13,-1220.7400000000002,False
2025-06-18,-491.28,False
2025-06-19,-16.309999999999945,True
2025-06-20,-547.39,True
2025-06-23,-2387.5899999999997,False
2025-06-25,-590.93,False
2025-06-26,862.91,False
2025-06-27,-312.01,False
2025-06-30,-1052.18,True
2025-07-02,-2965.36,True
2025-07-03,-575.72,False
2025-07-04,-278.3099999999995,True
2025-07-07,-644.72,True
2025-07-08,-351.19,True
2025-07-09,-1128.58,False
2025-07-10,-2510.92,True
2025-07-11,-655.23,False
2025-07-14,-406.11,False
2025-07-15,1043.58,True
2025-07-16,-361.32000000000005,False
2025-07-17,-138.46000000000004,True
2025-07-18,-681.83,False
2025-07-21,-539.12,False
2025-07-22,-654.63,False
2025-07-23,-3157.66,True
2025-07-24,-2441.8,False
2025-07-25,-711.99,False
2025-07-28,681.65,False
2025-07-29,-1033.1599999999999,False
2025-07-30,-391.11000000000007,False
2025-07-31,3769.51,True
2025-08-01,-928.02,False
2025-08-04,-70.11000000000001,False
2025-08-05,74.87999999999988,False
2025-08-06,-382.6,False
2025-08-07,-606.08,False
2025-08-08,-375.27,False
2025-08-11,-821.49,False
2025-08-12,-438.5900000000001,False
2025-08-13,-685.08,False
2025-08-14,1487.23,True
2025-08-19,-508.7899999999995,False
2025-08-20,-775.4999999999999,False
2025-08-21,515.29,True
2025-08-22,-3928.0300000000007,True
2025-08-25,-584.8899999999998,False
2025-08-26,-5357.84,True
2025-08-28,-385.71000000000004,False
2025-08-29,-377.1299999999998,False
2025-09-01,-632.47,False
2025-09-02,-340.73,False
2025-09-03,199.65999999999997,False
2025-09-04,-535.95,False
2025-09-05,-591.82,False
2025-09-08,-279.16999999999996,True
2025-09-09,104.42999999999995,True
2025-09-10,-816.8100000000006,True
2025-09-11,-561.47,True
2025-09-12,676.2,False
2025-09-15,-502.45,False
2025-09-16,-6609.23,True
2025-09-17,278.03,False
2025-09-18,106.71000000000004,True
2025-09-19,-663.83,True
2025-09-22,-2554.8,True
2025-09-23,-309.71000000000004,False
2025-09-24,-1462.2900000000002,True
2025-09-25,-2474.3900000000003,False
2025-09-29,-208.76999999999998,False
2025-09-30,-482.65,True
2025-10-01,-402.02,False
2025-10-03,1054.63,False
2025-10-06,-613.41,True
2025-10-07,777.06,False
2025-10-08,-83.65000000000077,True
2025-10-09,799.65,False
2025-10-10,-89.82000000000005,False
2025-10-13,-594.02,False
2025-10-14,-1269.08,True
2025-10-15,-576.74,False
2025-10-16,-312.16999999999996,False
2025-10-17,-873.3400000000001,False
2025-10-20,405.91999999999996,False
2025-10-23,1048.0,True
2025-10-24,-592.09,False
2025-10-27,-713.63,False
2025-10-28,632.17,False
2025-10-29,137.27999999999997,False
2025-10-30,-3121.2900000000004,False
2025-10-31,-659.06,False
2025-11-03,-598.8,False
2025-11-04,-5845.3099999999995,True
2025-11-06,-18.57000000000005,False
2025-11-07,-526.55,False
2025-11-10,27.53999999999985,True
2025-11-11,1004.38,False
2025-11-12,-675.4,False
2025-11-13,-1211.8999999999992,True
2025-11-17,-606.08,True
2025-11-18,4484.33,True
2025-11-19,-776.210000000001,True
2025-11-20,-1951.989999999999,False
2025-11-21,-1141.1699999999998,False
2025-11-24,-1965.0500000000004,False
2025-11-25,-4987.27,False
2025-11-26,-2398.8599999999983,False
2025-11-27,-401.03,False
2025-11-28,-5.8799999999999955,True
2025-12-01,127.00000000000023,True
2025-12-02,1225.73,False
2025-12-03,-349.25,True
2025-12-04,-432.15999999999997,False
2025-12-05,1780.8,False
2025-12-08,-4067.83,False
2025-12-09,-1970.31,False
2025-12-10,-738.4,True
2025-12-11,-1119.8099999999997,False
2025-12-12,-2063.0,False
2025-12-15,999.73,False
2025-12-16,-918.42,True
2025-12-17,-629.46,False
2025-12-18,-336.0900000000001,True
2025-12-19,-1125.81,True
2025-12-22,-3921.790000000001,False
2025-12-23,3020.23,False
2025-12-24,-362.1899999999998,True
2025-12-26,803.67,True
2025-12-29,-1637.9399999999996,False
2025-12-30,1189.8400000000001,False
2025-12-31,-1595.5100000000004,True
2026-01-01,611.3999999999997,False
2026-01-02,-3412.309999999999,True
2026-01-05,-693.74,False
2026-01-06,350.76,False
2026-01-07,-264.68000000000006,True
2026-01-08,-568.3299999999999,True
2026-01-09,-941.9500000000003,False
2026-01-12,-334.73,False
2026-01-13,525.21,False
2026-01-14,-368.08000000000004,False
2026-01-16,-500.2099999999999,True
2026-01-19,-629.9599999999999,True
2026-01-20,-8876.630000000001,False
2026-01-21,-1648.7300000000005,False
2026-01-22,151.16999999999996,False
2026-01-23,-2790.49,True
2026-01-27,-331.51,False
2026-01-28,-1001.08,True
2026-02-02,-554.02,True
2026-02-05,-431.49,False
2026-02-06,-641.37,False
2026-02-09,-688.8300000000002,False
2026-02-10,2267.43,False
2026-02-11,-596.55,True
2026-02-12,969.34,True
2026-02-13,-238.15999999999997,False
2026-02-16,-545.21,False
2026-02-17,-273.8000000000002,False
2026-02-18,-388.0399999999999,False
2026-02-20,-445.6199999999998,False
2026-02-24,-4632.67,False
2026-02-25,-567.3500000000009,False
2026-02-26,1065.9099999999999,False
2026-02-27,-613.53,True
2026-03-02,-1730.1,False
2026-03-04,-1638.1500000000015,False
2026-03-05,1699.8200000000002,False
2026-03-12,-563.4000000000002,False
2026-03-13,-634.0800000000002,True
2026-03-19,-520.28,False
2026-03-20,-451.25,False
2026-03-23,-463.29999999999995,True
2026-04-01,819.51,False
2026-04-07,-498.46000000000004,False
2026-04-09,-594.0400000000001,False
2026-04-10,-716.3799999999999,False
2026-04-15,-88.04000000000019,False
2026-04-16,-389.54999999999995,True
2026-04-17,-805.38,False
2026-04-20,-690.96,False
2026-04-21,-556.88,False
2026-04-22,-546.06,False
2026-04-23,-512.56,False
2026-04-24,-501.80999999999995,True
2026-04-28,1036.4299999999998,False
2026-04-29,-641.7099999999999,True
2026-04-30,-822.3,False
2026-05-04,-509.4199999999999,True
2026-05-05,-527.38,True
2026-05-06,-123.29999999999995,True
2026-05-07,-611.86,False
2026-05-08,-488.21999999999997,False
2026-05-11,-522.43,True
2026-05-12,-7610.47,False
2026-05-13,-626.9,False
2026-05-14,-529.32,True
2026-05-15,-678.03,False
2026-05-18,-99.50999999999999,False
2026-05-19,-333.23,False
2026-05-20,-2256.04,False
2026-05-21,-183.53000000000003,False
2026-05-22,-524.87,False
2026-05-25,-1606.7999999999997,True
2026-05-26,-3273.9000000000005,False
2026-05-27,-186.51000000000158,False
2026-05-29,-671.17,True
2026-06-01,580.5699999999996,False
2026-06-02,-446.64,False
2026-06-03,-1984.1799999999998,False
2026-06-05,-454.96999999999997,True
2026-06-08,-330.71000000000004,False
2026-06-09,-576.05,True
2026-06-15,95.51999999999953,False
2026-06-16,1250.3400000000001,True
2026-06-17,-1142.2500000000002,True
2026-06-18,643.52,True
2026-06-19,1440.5699999999997,True
2026-06-22,-596.14,True
2026-06-23,-7302.8099999999995,True
2026-06-24,-701.88,False
2026-06-25,-23.579999999999814,False
2026-06-29,-2922.0800000000004,True
2026-07-01,-1239.2200000000005,False
2026-07-02,-2944.2599999999993,False
2026-07-03,-528.3400000000001,False
2026-07-06,-396.26,False
2026-07-07,865.87,False
2026-07-08,-1662.05,False
2026-07-09,517.25,False
2026-07-10,-196.45999999999998,False
2026-07-13,-597.03,False
2026-07-14,1660.29,False
2026-07-15,667.6100000000005,False
2026-07-16,275.78999999999917,True
2026-07-17,-2819.879999999999,True
2026-07-21,926.0,True
2026-07-22,-1273.8700000000003,False
2026-07-23,-1012.5299999999995,False
2026-07-24,-318.09000000000003,True
2026-07-27,-553.78,False
2026-07-28,-86.53000000000009,False
2026-07-29,-965.1700000000027,True
2026-07-30,-587.1,False
2026-07-31,-203.19000000000005,False
2026-08-03,-409.84000000000015,True
2026-08-04,1967.8200000000002,True
2026-08-05,357.46999999999946,True
2026-08-06,-731.9199999999998,True
2026-08-07,-291.28999999999996,False
2026-08-10,-365.50999999999954,True
2026-08-11,2931.44,True
2026-08-12,-312.0299999999998,False
2026-08-13,-173.12,False
2026-08-14,-463.80999999999995,True
2026-08-17,-557.47,True
2026-08-18,-4378.07,True
2026-08-19,-1240.4800000000002,False
2026-08-20,-196.15999999999974,False
2026-08-21,-225.51999999999992,True
2026-08-24,1280.25,True
2026-08-25,-566.02,False
2026-08-26,56.51999999999941,False
2026-08-27,-1380.22,True
2026-08-28,-1853.9899999999998,False
2026-08-31,-192.0,True
2026-09-01,-195.95000000000005,True
2026-09-02,-860.47,False
2026-09-03,357.63,True
2026-09-04,-845.2099999999996,False
2026-09-07,1745.22,True
2026-09-08,-375.62999999999994,False
2026-09-09,-300.7099999999998,False
2026-09-10,-740.3400000000001,False
2026-09-11,-711.8,True
2026-09-15,-7105.4400000000005,False
2026-09-16,-521.45,False
2026-09-17,-44.039999999999964,True
2026-09-21,763.0600000000002,True
2026-09-22,-806.31,False
2026-09-23,-371.09000000000015,False
2026-09-24,-3152.06,True
