date,spot_entry,spot_exit,strike,lot_size,dte_days,iv_t1,initial_credit,final_debit,opt_gross_pnl,hedge_gross_pnl,hedge_trades,total_gross_pnl,friction,net_pnl,win,cum_net,peak,drawdown
2021-03-01,14701.2,14761.6,14700.0,75,6.0,0.275627701082267,414.4820607588017,383.8297035935002,2298.926787397613,-1231.723828972301,3,1067.2029584253123,726.409805754556,340.7931526707563,True,340.7931526707563,340.7931526707563,0.0
2021-03-02,14850.8999,14932.7999,14850.0,75,3.0,0.2698310083383695,289.85195163275694,248.72552515715506,3084.4819856701406,-2195.3213513962382,5,889.1606342739024,804.1306338247199,85.03000044918247,True,425.82315311993875,425.82315311993875,0.0
2021-03-08,15042.3999,14963.3999,15050.0,75,5.0,0.25883964009117333,363.7307323120722,333.34534468729544,2278.9040718582555,-1036.370507992222,4,1242.5335638660335,786.5995753764857,455.9339884895478,True,881.7571416094866,881.7571416094866,0.0
2021-03-09,15087.2999,15114.0,15100.0,75,2.0,0.293719331244938,262.03054662094473,189.31035724873436,5454.014202915778,-2200.887725720313,4,3253.1264771954648,777.1258498863349,2476.00062730913,True,3357.7577689186164,3357.7577689186164,0.0
2021-03-16,14978.2999,14899.3999,15000.0,75,3.0,0.24483226546552034,266.0194609614937,232.91553943979306,2482.794114127546,443.70617687964113,2,2926.500291007187,677.1400298588565,2249.3602611483307,True,5607.1180300669475,5607.1180300669475,0.0
2021-03-17,14894.1,14698.7999,14900.0,75,2.0,0.2472826556069776,217.6196626961182,231.9339026007815,-1073.5679928497461,3962.691715901601,4,2889.123723051855,820.4542054270022,2068.6695176248527,True,7675.7875476918,7675.7875476918,0.0
2021-03-18,14838.0,14586.2999,14850.0,75,1.0,0.2511458067921921,155.9866916413721,263.7501000000255,-8082.255626899006,9792.60421332193,8,1710.348586422925,1079.974682425401,630.3739039975242,True,8306.161451689324,8306.161451689324,0.0
2021-03-19,14423.0,14746.5,14400.0,75,0.0,0.38761293537449093,55.360788190274434,346.55,-21839.19088572942,17071.561392185162,7,-4767.629493544257,1211.441008187899,-5979.070501732155,False,2327.090949957169,8306.161451689324,-5979.070501732155
2021-04-05,14762.2,14633.1,14750.0,75,0.0,0.6256633299728854,86.76534094823,116.94999999999963,-2263.8494288827223,464.7120744115673,6,-1799.137354471155,984.6162648991769,-2783.7536193703318,False,-456.6626694131628,8306.161451689324,-8762.824121102487
2021-04-13,14318.1,14508.6,14300.0,75,3.0,0.26417397994082414,273.8103492814662,285.4040995875357,-869.5312729552143,1988.7793885819847,6,1119.2481156267704,909.6894496375483,209.55866598922216,True,-247.10400342394064,8306.161451689324,-8553.265455113265
2021-04-29,15032.6,14893.2,15050.0,75,1.0,0.23043640647549185,145.41820298738912,156.85005381130287,-857.3888117935312,2462.3953953144373,6,1605.0065835209061,964.0450454591162,640.96153806179,True,393.8575346378493,8306.161451689324,-7912.303917051475
2021-05-04,14696.6,14504.6,14700.0,75,3.0,0.250101636541076,265.9201168711779,271.3643575322076,-408.318049577224,996.8703094162047,6,588.5522598389807,933.5165209819941,-344.96426114301335,False,48.89327349483597,8306.161451689324,-8257.268178194488
2021-05-05,14575.2,14621.3999,14600.0,75,2.0,0.25438645403366533,220.0620524645119,159.216695269728,4563.401789608793,-2166.72685280324,7,2396.6749368055525,883.4094475718048,1513.2654892337478,True,1562.1587627285837,8306.161451689324,-6744.002688960741
2021-05-06,14647.0,14721.2,14650.0,75,1.0,0.2443828639993444,149.52376733193887,72.04123692208259,5811.1897807392215,-241.84117493371014,11,5569.348605805511,1166.9214364336144,4402.4271693718965,True,5964.58593210048,8306.161451689324,-2341.575519588844
2021-05-07,14844.1,14828.2999,14850.0,75,0.0,0.23642447738442568,33.11760280910039,21.75010000000002,852.5627106825277,-3483.6905478465487,23,-2631.127837164021,1900.2173979426866,-4531.345235106708,False,1433.240696993772,8306.161451689324,-6872.920754695552
2021-05-20,15053.1,14907.2,15050.0,75,1.0,0.19622025393415243,123.3684443334696,142.8500106014679,-1461.1174700998718,3749.12775130081,8,2288.010281200938,1082.618023844569,1205.392257356369,True,2638.632954350141,8306.161451689324,-5667.528497339183
2021-05-21,15011.2,15182.7999,15000.0,75,0.0,0.33394635266158734,47.64663405704505,182.8499,-10140.24494572162,9482.197065113112,5,-658.0478806085084,939.3338244089337,-1597.381705017442,False,1041.251249332699,8306.161451689324,-7264.910202356625
2021-06-17,15681.6,15704.6,15700.0,75,1.0,0.16618051507044584,109.88549531764056,22.103805641099825,6583.626725740555,-3772.1484785448847,13,2811.4782471956705,1301.1613845121394,1510.316862683531,True,2551.56811201623,8306.161451689324,-5754.593339673094
2021-07-09,15675.3999,15686.5,15700.0,50,0.0,0.16154226365964858,31.369135882485807,13.55,890.9567941242904,-5653.913376544544,36,-4762.956582420254,2344.6831582592654,-7107.639740679519,False,-4556.071628663289,8306.161451689324,-12862.233080352613
2021-07-16,15939.7999,15923.6,15950.0,50,0.0,0.15301860332023354,24.22300602470841,26.449999999999637,-111.34969876456128,-1356.1276433274033,21,-1467.4773420919646,1468.9046363421903,-2936.381978434155,False,-7492.453607097444,8306.161451689324,-15798.615058786767
2021-09-01,17157.7,17068.5999,17150.0,50,2.0,0.13970255815889687,141.67118725474575,121.84253226595683,991.4327494394456,-440.6174090290442,10,550.8153404104014,850.4540619068237,-299.63872149642225,False,-7792.092328593866,8306.161451689324,-16098.25378028319
2021-09-07,17376.2999,17361.4,17400.0,50,3.0,0.14236642826814205,180.06314202261,150.79992741807473,1463.160730226764,-904.4174022546795,6,558.7433279720844,663.6833875088248,-104.94005953674036,False,-7897.032388130607,8306.161451689324,-16203.19383981993
2021-09-08,17380.2999,17350.5999,17400.0,50,2.0,0.13246064643841238,136.9565274237102,105.84259414926146,1555.6966637224377,-961.2052386650466,6,594.4914250573911,703.4289464954406,-108.93752143804954,False,-8005.9699095686565,8306.161451689324,-16312.13136125798
2021-09-14,17413.2,17376.2999,17400.0,50,3.0,0.12556204084772615,158.44789197407226,131.60279517951767,1342.2548397277296,-300.50666511508643,3,1041.7481746126432,516.7216835278733,525.0264910847699,True,-7480.9434184838865,8306.161451689324,-15787.10487017321
2021-09-17,17725.0999,17581.7,17750.0,50,0.0,0.19051417663227765,37.6125385622845,168.34999999999928,-6536.87307188574,4762.364228411228,16,-1774.5088434745112,1402.13034447857,-3176.639187953081,False,-10657.582606436968,8306.161451689324,-18963.744058126293
2021-09-21,17438.0,17548.2,17450.0,50,3.0,0.1819755404209718,229.81890247810588,205.8818836748951,1196.8509401605388,-744.0028336773394,7,452.84810648319944,729.4060195961035,-276.5579131129041,False,-10934.140519549872,8306.161451689324,-19240.301971239198
2021-09-22,17590.2999,17535.5999,17600.0,50,2.0,0.15062931406777352,156.72535121982946,124.21777569326787,1625.3787763280798,-656.3023888949247,6,969.0763874331551,667.3224412878785,301.7539461452766,True,-10632.386573404596,8306.161451689324,-18938.54802509392
2021-09-23,17657.2999,17832.5,17650.0,50,1.0,0.1728305345540866,127.55588959239321,182.55000003480455,-2749.705522120567,4173.98599704518,7,1424.280474924613,790.5898317940417,633.6906431305712,True,-9998.695930274025,8306.161451689324,-18304.85738196335
2021-09-24,17933.5,17866.0999,17950.0,50,0.0,0.15350120900664482,29.016853434492987,83.95009999999893,-2746.662328275297,1303.6245066779666,9,-1443.0378215973305,978.8476739112006,-2421.885495508531,False,-12420.581425782557,8306.161451689324,-20726.74287747188
2021-09-28,17843.0,17770.7,17850.0,50,3.0,0.15500452423002575,200.17841152828623,176.6811676087891,1174.8621959748561,-1341.1684336584876,7,-166.30623768363148,732.5684058810398,-898.8746435646713,False,-13319.456069347229,8306.161451689324,-21625.617521036555
2021-09-30,17688.2,17628.9,17700.0,50,1.0,0.17513857872691002,129.7626071765062,71.42075488779705,2917.092614435458,-564.8607884016819,11,2352.231826033776,980.2410260453028,1371.9907999884733,True,-11947.465269358756,8306.161451689324,-20253.62672104808
2021-10-07,17790.25,17790.25,17800.0,50,1.0,0.1656798759615048,123.37543787715003,25.844664464845664,4876.5386706152185,-1057.825977319997,7,3818.7126932952215,742.9609366065354,3075.7517566886863,True,-8871.71351267007,8306.161451689324,-17177.874964359395
2021-10-13,18068.9492,18167.3008,18050.0,50,2.0,0.14760976560879496,158.1695765266777,150.2867397097266,394.1418408475556,831.1520160131622,5,1225.2938568607178,668.4773843727125,556.8164724880053,True,-8314.897040182066,8306.161451689324,-16621.05849187139
2021-10-14,18284.5996,18340.0508,18300.0,50,1.0,0.14957775055896488,114.92887255442838,42.17241704524872,3637.822775458983,-319.1254773864057,8,3318.6972980725773,847.2925031080679,2471.404794964509,True,-5843.492245217557,8306.161451689324,-14149.65369690688
2021-10-19,18562.75,18404.75,18550.0,50,3.0,0.1531474492838606,205.81879195709917,207.08642208728088,-63.38150650908574,-755.3793839370483,7,-818.760890446134,765.9472587581467,-1584.7081492042807,False,-7428.200394421838,8306.161451689324,-15734.361846111162
2021-10-20,18418.3008,18260.9004,18400.0,50,2.0,0.17387798512820157,189.61678424705678,178.74801935151345,543.4382447771668,-173.70093139336677,10,369.73731338380003,896.9780134855497,-527.2407001017497,False,-7955.441094523588,8306.161451689324,-16261.602546212911
2021-10-21,18339.5,18168.8496,18350.0,50,1.0,0.17444789251778275,133.91269880807886,181.2004001604917,-2364.3850676206425,2675.2051087641157,6,310.8200411434732,751.7928281015627,-440.9727869580895,False,-8396.413881481678,8306.161451689324,-16702.575333171
2021-10-22,18251.5508,18124.5,18250.0,50,0.0,0.21725299162324518,37.04827575878153,125.55,-4425.086212060924,-42.79607525933534,20,-4467.882287320259,1718.3946427231754,-6186.276930043434,False,-14582.690811525112,8306.161451689324,-22888.852263214438
2021-10-26,18203.6504,18262.6992,18200.0,50,3.0,0.1823487147549167,240.10373298570266,204.57871563996196,1776.2508672870354,-1858.2795607274165,8,-82.02869344038118,767.0185304564902,-849.0472238968714,False,-15431.738035421982,8306.161451689324,-23737.899487111306
2021-11-12,17981.0,18096.9492,18000.0,50,0.0,0.20015938998665656,36.98813923562466,96.9991999999991,-3000.5530382187226,-78.08684955281205,17,-3078.6398877715346,1453.2742549706313,-4531.9141427421655,False,-19963.65217816415,8306.161451689324,-28269.813629853474
2021-12-03,17477.5508,17197.0,17500.0,50,0.0,0.36213325482327496,61.835175811433146,303.05,-12060.741209428343,11181.831790631986,4,-878.9094187963565,708.4305969806885,-1587.340015777045,False,-21550.992193941194,8306.161451689324,-29857.15364563052
2021-12-16,17343.3008,17236.8496,17350.0,50,1.0,0.20565076207276434,149.07913752601962,113.2127783812255,1793.317957239706,156.13036714319605,8,1949.448324382902,838.65464453047,1110.793679852432,True,-20440.198514088763,8306.161451689324,-28746.359965778087
2021-12-17,17203.5,16981.0508,17200.0,50,0.0,0.385693879588507,62.02038937373436,218.99919999999912,-7848.940531313238,6837.308146066265,5,-1011.6323852469732,732.9995148897042,-1744.6319001366774,False,-22184.830414225442,8306.161451689324,-30490.991865914766
2021-12-21,16777.3496,16775.9492,16800.0,50,3.0,0.2216948218597099,269.8334910788308,222.8311843456404,2350.115336659519,-2108.9801495398788,7,241.13518711964025,709.8528625208642,-468.7176754012239,False,-22653.548089626667,8306.161451689324,-30959.70954131599
2021-12-22,16899.1992,16946.75,16900.0,50,2.0,0.20952013696078214,209.12621911514725,155.59859753928686,2676.3810787930197,-582.5233742678247,4,2093.857704525195,585.4552938419148,1508.4024106832803,True,-21145.145678943387,8306.161451689324,-29451.30713063271
2022-01-04,17682.1992,17797.5996,17700.0,50,3.0,0.16648518690373743,213.52274885311635,193.18647638114544,1016.8136235985457,-998.1371243496251,7,18.676499248920663,728.7607022751398,-710.0842030262191,False,-21855.229881969604,8306.161451689324,-30161.39133365893
2022-01-07,17830.5,17810.3496,17850.0,50,0.0,0.29251991093624385,51.19703614982245,39.70039999999862,574.8318074911914,-1989.4061598448316,19,-1414.5743523536403,1381.3009993701182,-2795.8753517237583,False,-24651.105233693364,8306.161451689324,-32957.26668538269
2022-01-11,18021.5,18058.0996,18000.0,50,3.0,0.16869457076769323,220.4464718588606,187.30824022872912,1656.9115815065743,51.055006977549056,2,1707.9665884841233,501.276509655349,1206.6900788287744,True,-23444.41515486459,8306.161451689324,-31750.576606553914
2022-01-12,18162.1992,18215.0996,18150.0,50,2.0,0.170915644611232,183.53629980186815,142.41963365682477,2055.833307252169,66.54216584912501,3,2122.375473101294,562.5583330189885,1559.8171400823057,True,-21884.598014782285,8306.161451689324,-30190.75946647161
2022-01-13,18237.5,18269.5,18250.0,50,1.0,0.1557001281389967,119.04926762389732,28.66909542366284,4519.008610011724,-2069.186450909194,10,2449.8221591025303,894.1883412627213,1555.6338178398091,True,-20328.964196942477,8306.161451689324,-28635.1256486318
2022-01-14,18132.8008,18255.0,18150.0,50,0.0,0.2721413554204628,48.131917774447174,105.05,-2845.9041112776413,1448.4363827954512,16,-1397.46772848219,1259.1660554755522,-2656.6337839577423,False,-22985.59798090022,8306.161451689324,-31291.759432589544
2022-01-18,18349.3008,18097.5996,18350.0,50,3.0,0.1520999875711277,201.88750779224392,274.8038364924071,-3645.8164350081574,3276.9240001679864,6,-368.89243484017106,730.5523127711206,-1099.4447476112916,False,-24085.04272851151,8306.161451689324,-32391.204180200835
2022-01-19,18053.5996,17945.25,18050.0,50,2.0,0.18180250199045977,193.85338288417915,163.69302019760653,1508.0181343286313,-764.1514331499347,6,743.8667011786965,723.2752711006165,20.591430078080066,True,-24064.451298433432,8306.161451689324,-32370.612750122757
2022-01-21,17566.75,17614.25,17550.0,50,0.0,0.3070482275867835,52.10998016192843,64.3,-609.5009919035782,-6847.994922451093,22,-7457.495914354671,1713.2167585598995,-9170.712672914571,False,-33235.163971348,8306.161451689324,-41541.32542303733
2022-01-25,16856.9492,17287.1992,16850.0,50,3.0,0.2545935961278155,310.4208118111019,464.0101047240976,-7679.464645649785,7361.389224133687,5,-318.0754215160978,717.6208517497023,-1035.6962732658,False,-34270.8602446138,8306.161451689324,-42577.02169630313
2022-01-31,17311.25,17339.0996,17300.0,50,6.0,0.28476915373001244,504.1899574291165,463.4521708691873,2036.8893279964595,-482.5054906338628,2,1554.3838373625968,528.4989606918788,1025.8848766707179,True,-33244.97536794309,8306.161451689324,-41551.13681963241
2022-02-01,17498.0,17563.1992,17500.0,50,3.0,0.37577944026794285,475.64391460270963,396.1911017667726,3972.640641796852,-3407.6076727096006,6,565.0329690872513,695.043057269273,-130.01008818202172,False,-33374.98545612511,8306.161451689324,-41681.14690781444
2022-02-15,16983.1504,17351.5996,17000.0,50,3.0,0.286415803474374,352.2809835503649,418.17971633415027,-3294.936639189268,3611.418873296934,7,316.48223410766605,774.3490207885444,-457.86678668087836,False,-33832.85224280599,8306.161451689324,-42139.01369449531
2022-02-22,16919.6504,17096.9004,16900.0,50,3.0,0.24203274648170925,296.4607706083434,294.04199279995737,120.93889041930197,1339.0912530921632,4,1460.0301435114652,629.4486812334997,830.5814622779656,True,-33002.27078052802,8306.161451689324,-41308.43223221735
2022-02-23,17186.0,17047.75,17200.0,50,2.0,0.2767868552869187,281.28135864010983,237.3481242810085,2196.6617179550667,427.2479170562583,5,2623.909635011325,654.5309513658099,1969.3786836455151,True,-31032.892096882508,8306.161451689324,-39339.05354857183
2022-02-28,16459.6992,16799.1992,16450.0,50,6.0,0.281496549793519,473.88240796251193,524.3430718522859,-2523.0331944886984,2748.989047310548,4,225.95585282184948,645.6034796211192,-419.6476267992697,False,-31452.539723681777,8306.161451689324,-39758.7011753711
2022-03-02,16613.3496,16607.75,16600.0,50,3.0,0.3606028365576639,433.28932624167646,357.1899570670512,3804.968458731264,-879.2810682848467,3,2925.6873904464173,546.2024280425787,2379.484962403839,True,-29073.054761277937,8306.161451689324,-37379.216212967265
2022-03-04,16253.0,16244.6504,16250.0,50,1.0,0.40905858998652544,277.63898171619167,55.676503092638086,11098.123931177679,-3445.7577305672457,9,7652.366200610433,807.6080888661031,6844.75811174433,True,-22228.296649533608,8306.161451689324,-30534.458101222932
2022-03-07,15858.2998,15867.3496,15850.0,50,6.0,0.2955707616964356,479.3901779814778,439.6740020988591,1985.808794130935,0.0,0,1985.808794130935,446.6015467595947,1539.2072473713401,True,-20689.089402162266,8306.161451689324,-28995.25085385159
2022-03-08,15806.5,16017.75,15800.0,50,3.0,0.4061522126710042,464.2929048568694,423.912590362429,2019.0157247220213,191.23710759117967,4,2210.252832313201,609.9244609567533,1600.3283713564479,True,-19088.761030805817,8306.161451689324,-27394.92248249514
2022-03-09,16052.5996,16349.6504,16050.0,50,2.0,0.38813473785761743,367.95381429757526,367.95265843671723,0.05779304290172149,3086.5966849805554,5,3086.654478023457,679.4424401318288,2407.2120378916284,True,-16681.548992914188,8306.161451689324,-24987.710444603512
2022-03-10,16677.6992,16615.6504,16700.0,50,1.0,0.34343379306141286,240.02411841688445,88.66057163703567,7568.177338992438,-3495.8860657629557,11,4072.2912732294826,959.0940047975918,3113.1972684318907,True,-13568.351724482298,8306.161451689324,-21874.513176171622
2022-03-15,16893.25,16668.0996,16900.0,50,3.0,0.3313538031233475,405.0123333852407,382.03139681940047,1149.046828292012,1015.86261951091,3,2164.909447802922,592.8156420825887,1572.0938057203332,True,-11996.257918761965,8306.161451689324,-20302.419370451287
2022-03-16,16892.8008,16978.4492,16900.0,50,2.0,0.36495046750176696,364.2315374931859,270.6929848769287,4676.927630812861,-18.55423478980083,2,4658.37339602306,519.9592659776117,4138.4141300454485,True,-7857.843788716516,8306.161451689324,-16164.00524040584
2022-03-17,17219.3008,17272.9004,17200.0,50,1.0,0.352254743115045,253.64060381436957,80.84376108226525,8639.842136605217,-1278.345075836056,6,7361.497060769161,727.1810504428482,6634.316010326313,True,-1223.5277783902038,8306.161451689324,-9529.689230079528
2022-04-08,17693.9492,17767.3496,17700.0,50,0.0,0.6346057466557248,104.9881979652564,67.39960000000137,1879.4298982627517,-2145.022069655475,17,-265.59217139272346,1215.133312785083,-1480.7254841778065,False,-2704.2532625680105,8306.161451689324,-11010.414714257335
2022-05-20,16072.2998,16279.4502,16050.0,50,0.0,0.3408835117937997,54.19330746848209,229.50019999999932,-8765.344626575861,7133.8542360579595,3,-1631.4903905179017,669.1323456006372,-2300.622736118539,False,-5004.87599868655,8306.161451689324,-13311.037450375874
2022-05-26,16087.0996,16172.25,16100.0,50,1.0,0.2778992885584012,187.06297843050106,74.76532471195321,5614.882685927392,-3242.910217614961,13,2371.9724683124314,1062.2421868200397,1309.7302814923917,True,-3695.1457171941584,8306.161451689324,-12001.307168883483
2022-06-14,15737.75,15722.5,15750.0,50,3.0,0.2609701681090518,297.35920119433376,245.941285386054,2570.895790413988,-1680.1624303003555,7,890.7333601136324,686.3793674744725,204.35399263915997,True,-3490.7917245549984,8306.161451689324,-11796.953176244322
2022-06-15,15721.0498,15693.6504,15700.0,50,2.0,0.2673555757990107,248.64242287893921,178.80600299382422,3491.8209942557496,-465.9435285606505,3,3025.877465695099,524.6925437634065,2501.1849219316928,True,-989.6068026233056,8306.161451689324,-9295.76825431263
2022-06-16,15843.75,15359.5498,15850.0,50,1.0,0.337639809786342,223.50815954810514,490.5001999999993,-13349.602022594709,14150.385436212877,7,800.7834136181682,778.9602306740624,21.823182944105838,True,-967.7836196791998,8306.161451689324,-9273.945071368524
2022-07-07,16114.2002,16127.4004,16100.0,50,1.0,0.21773761618416754,146.90577740881508,37.10232251144498,5490.172744868505,-977.5151398339076,10,4512.6576050345975,876.2426468934668,3636.4149581411307,True,2668.6313384619307,8306.161451689324,-5637.5301132273935
2022-07-14,16025.7002,15942.5,16050.0,50,1.0,0.23680829466786235,159.79472679516766,107.59056574905007,2610.2080523058794,34.43168531230185,8,2644.6397376181812,802.8915394233568,1841.7481981948245,True,4510.379536656756,8306.161451689324,-3795.7819150325686
2022-07-28,16775.9004,16936.3008,16800.0,50,1.0,0.22695293736178423,160.28031967225888,136.35425871488115,1196.3030478688866,1529.7930039478233,8,2726.09605181671,813.1093455550435,1912.9867062616663,True,6423.366242918422,8306.161451689324,-1882.7952087709018
2022-08-11,17690.0,17652.9492,17700.0,50,1.0,0.21424012633506206,158.52354031801224,51.62060545203349,5345.1467432989375,-8.757588050561026,3,5336.3891552483765,559.5110169139045,4776.878138334472,True,11200.244381252895,11200.244381252895,0.0
2022-08-19,17965.5,17765.0,17950.0,50,0.0,0.260226005394943,45.380391479022364,185.05,-6983.480426048883,5593.187983625336,9,-1390.292442423547,972.698606135488,-2362.9910485590353,False,8837.25333269386,11200.244381252895,-2362.9910485590353
2022-09-02,17585.75,17550.75,17600.0,50,0.0,0.36693277393002066,61.35297426409306,49.3,602.6487132046533,-1075.8119384535821,13,-473.1632252489288,1067.682423938429,-1540.845649187358,False,7296.407683506501,11200.244381252895,-3903.836697746394
2022-09-07,17557.8496,17617.0996,17550.0,50,2.0,0.20151560583617528,209.01747484227963,160.30991838151112,2435.377823038425,-152.42207847279496,3,2282.95574456563,563.8781088680732,1719.0776356975568,True,9015.485319204057,11200.244381252895,-2184.759062048837
2022-09-08,17733.75,17796.3496,17750.0,50,1.0,0.21562819584738463,160.29621511698133,51.27981725548307,5450.819893074913,-198.3814488101052,7,5252.438444264808,783.9588518472126,4468.479592417595,True,13483.964911621653,13483.964911621653,0.0
2022-09-15,18083.75,17877.5996,18100.0,50,1.0,0.2178958987304941,165.14592930070103,222.45040021224196,-2865.2235455770465,4021.770245930995,7,1156.5467003539484,798.8360402291825,357.7106601247659,True,13841.675571746418,13841.675571746418,0.0
2022-09-20,17805.6504,17804.5508,17800.0,50,3.0,0.2227096864068881,286.8326364058739,236.52088781213752,2515.5874296868205,-473.2985518463247,2,2042.2888778404958,505.73776861185485,1536.551109228641,True,15378.22668097506,15378.22668097506,0.0
2022-09-21,17792.3496,17716.75,17800.0,50,2.0,0.20952984705101696,220.31476511901565,172.19385073314606,2406.045719293479,-470.94724526040955,5,1935.0984740330696,644.1631162996863,1290.9353577333832,True,16669.162038708444,16669.162038708444,0.0
2022-09-22,17626.5508,17623.3008,17650.0,50,1.0,0.32297518429812033,238.645838950928,52.26927722232631,9318.828086430085,-2386.8408917071647,10,6931.98719472292,885.365717728894,6046.621476994026,True,22715.78351570247,22715.78351570247,0.0
2022-09-27,17131.5996,16999.3008,17150.0,50,3.0,0.23687574456911537,294.06254439331406,270.6117326914509,1172.5405850931566,123.82295118519687,5,1296.3635362783534,640.6708354975297,655.6927007808238,True,23371.476216483294,23371.476216483294,0.0
2022-10-13,17086.0,17017.8496,17100.0,50,1.0,0.2398237691773102,171.56331152819166,83.0535330325506,4425.488924782053,-545.7070168595528,7,3879.7819079225,813.1501779854402,3066.63172993706,True,26438.107946420354,26438.107946420354,0.0
2022-11-03,18020.4492,18050.4004,18000.0,50,1.0,0.2242031578766182,169.42534228115255,55.232491501887125,5709.642538963271,-510.267879443476,6,5199.374659519795,741.2972339429552,4458.07742557684,True,30896.185371997195,30896.185371997195,0.0
2022-11-04,18085.5,18124.0996,18100.0,50,0.0,0.233476845412515,41.1326356820573,24.149600000001374,849.1517841027962,-1981.193400166696,11,-1132.0416160638997,1042.782264841093,-2174.8238809049926,False,28721.361491092204,30896.185371997195,-2174.823880904991
2022-11-11,18270.5508,18349.4004,18250.0,50,0.0,0.429385699010454,75.04893018835992,99.45039999999862,-1220.0734905819352,626.189042741782,9,-593.8844478401531,889.9831003219041,-1483.8675481620571,False,27237.49394293015,30896.185371997195,-3658.6914290670466
2022-11-18,18346.1504,18322.5508,18350.0,50,0.0,0.18948443924542513,32.612215790108166,27.49919999999911,255.65078950545282,-299.0778050641529,4,-43.427015558700106,691.0189107540334,-734.4459263127335,False,26503.048016617417,30896.185371997195,-4393.1373553797785
2022-12-02,18758.8008,18694.4004,18750.0,50,0.0,0.7377112691150979,129.39207240670294,55.64960000000137,3687.123620335078,-243.23784503364004,5,3443.885775301438,645.15862198839,2798.727153313048,True,29301.775169930464,30896.185371997195,-1594.4102020667306
2022-12-09,18650.8496,18509.5,18650.0,50,0.0,0.51287422162015,89.32850872206473,140.55,-2561.074563896764,2691.25583891687,5,130.18127502010566,716.3129681887078,-586.1316931686022,False,28715.643476761863,30896.185371997195,-2180.541895235332
2023-01-06,17979.4004,17869.8496,18000.0,50,0.0,0.3527460536314174,61.52518082165807,130.20039999999864,-3433.7609589170283,2680.6267041363753,9,-753.134254780653,918.2912739142869,-1671.4255286949399,False,27044.217948066922,30896.185371997195,-3851.967423930273
2023-01-13,17816.3008,17957.8008,17800.0,50,0.0,0.24533122264314444,42.85476279676004,157.8508000000009,-5749.801860162043,3848.2149174853694,18,-1901.586942676674,1394.64458006328,-3296.231522739954,False,23747.98642532697,30896.185371997195,-7148.198946670225
2023-01-30,17466.3008,17656.0,17450.0,50,6.0,0.1995630645798519,356.6357137666346,368.7094514734299,-603.6868853397664,-1490.6796073675505,6,-2094.366492707317,736.159057623147,-2830.525550330464,False,20917.460874996505,30896.185371997195,-9978.72449700069
2023-01-31,17614.8008,17685.0,17600.0,50,3.0,0.24865436805877833,316.9116294901323,270.4122937615093,2324.9667864311505,117.26004873035708,2,2442.2268351615076,510.7606338857606,1931.466201275747,True,22848.92707627225,30896.185371997195,-8047.258295724943
2023-02-01,17765.6504,17634.5996,17750.0,50,2.0,0.2869911799253896,301.2536260445522,235.5620692848761,3284.5778379838066,-4298.635987810645,12,-1014.0581498268384,973.1442690622193,-1987.2024188890578,False,20861.724657383194,30896.185371997195,-10034.460714614
2023-02-02,17474.4492,17610.8496,17450.0,50,1.0,0.252960660806857,185.50776608689466,160.90271953055418,1230.2523278170243,184.15512315940578,9,1414.40745097643,919.7996091067813,494.6078418696487,True,21356.332499252843,30896.185371997195,-9539.852872744352
2023-02-03,17700.5508,17854.3008,17700.0,50,0.0,0.5607794126542286,92.69468181777484,154.3508000000009,-3082.805909111303,1034.2380333552137,19,-2048.5678757560895,1327.7368589888592,-3376.3047347449487,False,17980.027764507893,30896.185371997195,-12916.157607489302
2023-02-10,17845.4004,17861.8008,17850.0,50,0.0,0.37177437752019615,62.07272807878144,11.850800000000891,2511.0964039390274,-1411.165623281755,13,1099.9307806572724,995.4303636730286,104.50041698424377,True,18084.528181492136,30896.185371997195,-12811.657190505059
2023-03-03,17457.0508,17591.9004,17450.0,50,0.0,0.4621801099972799,75.54075569342967,141.95039999999864,-3320.482215328448,3114.728643388138,6,-205.75357194030994,751.744118275403,-957.497690215713,False,17127.030491276422,30896.185371997195,-13769.154880720773
2023-03-10,17397.6504,17409.9004,17400.0,50,0.0,0.29698603449855,48.2905284474582,9.950399999998627,1917.006422372979,-2980.557965193235,20,-1063.551542820256,1453.023981701142,-2516.5755245213977,False,14610.454966755024,30896.185371997195,-16285.730405242171
2023-03-15,17202.5,16964.4492,17200.0,50,2.0,0.19289079849142582,195.97422426192134,250.27436740325265,-2715.007157066566,3939.9580321930116,5,1224.9508751264457,672.4586490718176,552.4922260546281,True,15162.947192809652,30896.185371997195,-15733.238179187543
2023-03-17,17101.25,17113.8496,17100.0,50,0.0,0.457059781984426,72.99677049568709,13.899600000001374,2954.8585247842857,-2968.749170485913,17,-13.890645701627363,1205.0750294386162,-1218.9656751402435,False,13943.981517669408,30896.185371997195,-16952.20385432779
2023-04-10,17636.4492,17621.3008,17650.0,50,0.0,0.3048400132777169,51.38522322579229,28.74919999999911,1131.801161289659,-1699.640863949695,20,-567.839702660036,1359.7826598321121,-1927.622362492148,False,12016.35915517726,30896.185371997195,-18879.826216819936
2023-04-17,17673.1504,17711.3008,17650.0,50,0.0,0.45045555335935217,76.57941009530259,61.35080000000089,761.4305047650852,-1001.2905091763241,17,-239.86000441123895,1206.8217650354916,-1446.6817694467304,False,10569.67738573053,30896.185371997195,-20326.507986266664
2023-04-21,17644.1992,17632.5,17650.0,50,0.0,0.16350227057468142,27.341382244041597,17.55,489.5691122020798,-1338.4477602482075,10,-848.8786480461276,1007.5505299468246,-1856.4291779929522,False,8713.248207737579,30896.185371997195,-22182.937164259616
2023-05-04,18099.30078125,18263.150390625,18100.0,50,1.0,0.1398418437922374,105.70755698818175,163.200390626819,-2874.6416819318624,4280.135399717721,6,1405.4937177858587,742.7507347579573,662.7429830279015,True,9375.99119076548,30896.185371997195,-21520.194181231716
2023-05-05,18158.5,18071.94921875,18150.0,50,0.0,0.26687144412193453,45.75113904562659,78.10078125,-1617.4821102186704,-1662.3397647915408,18,-3279.8218750102114,1519.892588215996,-4799.714463226208,False,4576.2767275392725,30896.185371997195,-26319.908644457922
2023-05-12,18257.849609375,18315.900390625,18250.0,50,0.0,0.332805560468696,57.07698600458389,65.950390625,-443.67023102080555,416.3289017465431,10,-27.34132927426242,915.8226427723605,-943.1639720466229,False,3633.1127554926497,30896.185371997195,-27263.072616504545
2023-05-19,18146.75,18204.25,18150.0,50,0.0,0.3794358531339095,64.35870362831702,54.3,502.93518141585093,-1729.9073551666224,19,-1226.9721737507716,1338.0240304784738,-2564.9962042292454,False,1068.1165512634043,30896.185371997195,-29828.06882073379
2023-06-01,18560.0,18491.35,18550.0,50,1.0,0.15608635971788315,121.2165388790745,59.25575105440072,3098.0393912336895,283.1417977566598,8,3381.1811889903493,836.2154623583237,2544.9657266320255,True,3613.08227789543,30896.185371997195,-27283.103094101767
2023-06-02,18568.3,18537.25,18550.0,50,0.0,0.27889952253084627,50.526192818061645,12.8,1886.3096409030825,-1747.0262581741008,21,139.28338272898168,1364.402716666057,-1225.1193339370752,False,2387.9629439583546,30896.185371997195,-28508.22242803884
2023-06-08,18745.25,18624.6,18750.0,50,1.0,0.12634076390881094,98.99224892616985,125.45000088770102,-1322.8875980765586,2655.972863603616,9,1333.0852655270576,916.4928790296171,416.59238649744043,True,2804.5553304557952,30896.185371997195,-28091.6300415414
2023-06-09,18665.1,18564.35,18650.0,50,0.0,0.36499597711022935,64.73256151300848,85.70000000000145,-1048.3719243496487,572.0283376574516,14,-476.34358669219705,1102.2576447834522,-1578.6012314756492,False,1225.954098980146,30896.185371997195,-29670.23127301705
2023-06-16,18746.1,18823.0,18750.0,50,0.0,0.3635361331282183,63.72364568533885,73.05,-466.3177157330573,192.94008675171062,13,-273.3776289813467,1072.4311022820891,-1345.8087312634357,False,-119.85463228328967,30896.185371997195,-31016.040004280483
2023-06-23,18702.3,18666.85,18700.0,50,0.0,0.4234791238000616,73.979634088686,33.20000000000145,2038.9817044342274,-1098.1075677330955,12,940.8741367011319,966.5372808697113,-25.66314416857938,False,-145.51777645186905,30896.185371997195,-31041.703148449065
2023-07-06,19400.9,19505.45,19400.0,50,1.0,0.13037455593701447,105.63491017800334,105.5002148522879,6.734766285772054,1813.6209676387953,8,1820.3557339245674,841.385112560502,978.9706213640654,True,833.4528449121964,30896.185371997195,-30062.732527084998
2023-07-07,19450.6,19325.65,19450.0,50,0.0,0.288970796377398,52.49002108135028,124.39999999999854,-3595.4989459324133,1496.192675885628,16,-2099.3062700467854,1321.2787880279934,-3420.5850580747788,False,-2587.1322131625825,30896.185371997195,-33483.31758515978
2023-07-14,19492.75,19566.45,19500.0,50,0.0,0.22907457954715937,42.10754742363133,66.50000000000072,-1219.6226288184696,-1745.8824222207768,22,-2965.5050510392466,1681.023871421837,-4646.528922461083,False,-7233.661135623666,30896.185371997195,-38129.84650762086
2023-08-03,19487.45,19390.1,19500.0,50,1.0,0.16203302559908483,132.29381216830734,109.95371586695619,1117.0048150675577,179.80127397924662,8,1296.8060890468043,866.6576874999428,430.1484015468616,True,-6803.512734076805,30896.185371997195,-37699.698106074
2023-08-04,19483.35,19530.9,19500.0,50,0.0,0.4298472443548963,79.36738389615311,30.950000000001456,2420.869194807583,-2431.5032283461114,17,-10.634033538528456,1232.8322529815919,-1243.4662865201203,False,-8046.979020596926,30896.185371997195,-38943.16439259412
2023-08-11,19494.85,19415.85,19500.0,50,0.0,0.3376527361525222,61.61614068664494,84.20000000000145,-1129.1929656678255,903.9867717624875,9,-225.20619390533807,904.8620303752521,-1130.0682242805901,False,-9177.047244877516,30896.185371997195,-40073.23261687471
2023-08-18,19306.85,19316.35,19300.0,50,0.0,0.15529503887984902,28.52620264741745,16.399999999998546,606.3101323709452,-3098.134908848733,28,-2491.824776477788,2001.3849488522096,-4493.209725329998,False,-13670.256970207514,30896.185371997195,-44566.44234220471
2023-09-13,19984.6,20067.65,20000.0,50,2.0,0.11968709931243213,141.85827184327718,116.06399567531571,1289.7138083980735,-662.5768677105079,8,627.1369406875656,809.4640996461682,-182.32715895860258,False,-13852.584129166116,30896.185371997195,-44748.76950116331
2023-09-14,20131.5,20102.1,20150.0,50,1.0,0.1397508914070204,118.47561171925008,49.18444419412003,3464.5583762565025,-862.9326918652514,6,2601.625684391251,751.3772298970935,1850.2484544941576,True,-12002.335674671958,30896.185371997195,-42898.52104666915
2023-09-15,20155.8,20185.75,20150.0,50,0.0,0.25253631566185497,47.752065552322165,35.8,597.6032776161084,-1626.5260494510876,20,-1028.9227718349794,1482.1230520355707,-2511.04582387055,False,-14513.381498542509,30896.185371997195,-45409.566870539704
2023-09-21,19821.9,19747.0,19800.0,50,1.0,0.12519957907963541,105.0562909985565,53.38971403399381,2583.3288482281346,-1093.9822223413503,9,1489.3466258867843,927.9823812221987,561.3642446645856,True,-13952.017253877922,30896.185371997195,-44848.202625875114
2023-09-22,19776.3,19663.65,19800.0,50,0.0,0.3018391387118027,58.95259502425415,136.39999999999856,-3872.37024878722,1719.3059393962612,15,-2153.064309390959,1256.9065594366912,-3409.97086882765,False,-17361.988122705574,30896.185371997195,-48258.17349470277
2023-10-11,19790.3,19809.85,19800.0,50,2.0,0.12876025273930286,150.73740979885588,108.89288975398813,2092.2260022433875,-465.128655380744,4,1627.0973468626435,582.8000698846647,1044.2972769779788,True,-16317.690845727595,30896.185371997195,-47213.87621772479
2023-10-12,19826.15,19799.2,19850.0,50,1.0,0.12696018524002284,106.90312527403512,51.34148138674493,2778.0821943645096,-277.8189144395292,8,2500.2632799249805,861.4640854641985,1638.799194460782,True,-14678.891651266813,30896.185371997195,-45575.077023264006
2023-10-13,19714.6,19755.6,19700.0,50,0.0,0.28756897624116384,54.20028757083128,55.64999999999854,-72.48562145836317,-279.12769270292483,14,-351.61331416128803,1131.7190759651228,-1483.3323901264107,False,-16162.224041393223,30896.185371997195,-47058.409413390415
2023-10-17,19815.4,19810.4,19800.0,50,3.0,0.117081002430059,168.20372569762912,138.56501463865789,1481.935552948562,-317.408546841566,3,1164.527006106996,520.9810568012969,643.5459493056991,True,-15518.678092087524,30896.185371997195,-46414.863464084716
2023-10-18,19786.3,19672.05,19800.0,50,2.0,0.1127611985383555,132.27315527561404,145.00496956996085,-636.5907147173402,958.0191262186272,6,321.428411501287,766.4136947752322,-444.98528327394524,False,-15963.66337536147,30896.185371997195,-46859.848747358665
2023-10-19,19539.0,19622.1,19550.0,50,1.0,0.12309254519175739,100.85605505230706,72.1658536846342,1434.5100683836429,-670.4218822044786,5,764.0881861791643,758.0718864654434,6.016299713720855,True,-15957.647075647748,30896.185371997195,-46853.83244764494
2023-10-20,19562.9,19546.4,19550.0,50,0.0,0.15820483296643945,30.706900201734243,3.6499999999985446,1352.845010086785,-3690.2261751883198,29,-2337.381165101535,2083.1933648800755,-4420.57452998161,False,-20378.22160562936,30896.185371997195,-51274.40697762655
2023-11-03,19248.35,19227.85,19250.0,50,0.0,0.6449613671423867,115.94483873889294,22.200000000001456,4687.241936944574,0.0,0,4687.241936944574,404.5184897717379,4282.723447172836,True,-16095.498158456521,30896.185371997195,-46991.683530453716
2023-11-09,19413.3,19393.1,19400.0,50,1.0,0.13006609418895093,105.94989973535485,21.787425934019666,4208.123690066759,-689.0170917950163,5,3519.1065982717428,625.7893531570377,2893.317245114705,True,-13202.180913341816,30896.185371997195,-44098.36628533901
2023-11-10,19353.85,19425.4,19350.0,50,0.0,0.5681558983726426,102.72208555159159,75.45000000000145,1363.604277579507,503.91986848204397,5,1867.524146061551,640.9417752123356,1226.5823708492153,True,-11975.5985424926,30896.185371997195,-42871.783914489795
2023-11-17,19739.25,19740.95,19750.0,50,0.0,0.19589643760118636,37.13414567812015,9.099999999999273,1401.7072839060438,-1847.7046492479567,23,-445.9973653419129,1575.7640230983357,-2021.7613884402485,False,-13997.35993093285,30896.185371997195,-44893.54530293004
2023-11-24,19816.05,19792.3,19800.0,50,0.0,0.2516624381719158,48.30235837240889,7.750000000000727,2027.6179186204083,-887.3347205392784,13,1140.28319808113,1004.0606811076115,136.2225169735185,True,-13861.13741395933,30896.185371997195,-44757.32278595652
2023-12-04,20528.6,20678.3,20550.0,50,6.0,0.11804865316022187,248.62178318938822,250.74295180934496,-106.0584309978367,617.5881849283469,3,511.5297539305102,575.3610561509729,-63.8313022204627,False,-13924.968716179792,30896.185371997195,-44821.15408817699
2023-12-05,20724.4,20857.75,20700.0,50,3.0,0.14389685488771647,216.46845129110443,221.0096289216599,-227.05888152777334,903.5324449202162,6,676.4735633924429,721.6780776822859,-45.20451428984302,False,-13970.173230469634,30896.185371997195,-44866.35860246683
2023-12-06,20933.45,20939.35,20950.0,50,2.0,0.14752302083652463,182.94224705655506,131.87022598020303,2553.6010538176015,-827.7017988771258,5,1725.8992549404757,625.5231245454154,1100.3761303950603,True,-12869.797100074575,30896.185371997195,-43765.98247207177
2023-12-07,20866.15,20902.75,20850.0,50,1.0,0.15865337675902996,138.80279675734346,54.685319309080114,4205.873872413167,-274.02119395160116,5,3931.852678461566,718.5717379406424,3213.2809405209237,True,-9656.516159553652,30896.185371997195,-40552.70153155085
2023-12-08,20946.4,20978.15,20950.0,50,0.0,0.7640197268920016,149.48880107200966,28.200000000001456,6064.4400536004105,-818.7172321263279,7,5245.722821474083,706.6013769319796,4539.121444542103,True,-5117.394715011549,30896.185371997195,-36013.58008700874
2023-12-14,21108.8,21172.45,21100.0,50,1.0,0.1636709259590134,144.42782393315792,73.06401424496727,3568.190484409533,-533.2375862677582,7,3034.9528981417748,818.9857470232259,2215.967151118549,True,-2901.4275638930003,30896.185371997195,-33797.612935890196
2023-12-15,21266.8,21457.45,21250.0,50,0.0,0.8854695534938947,176.29545044393672,207.50000000000074,-1560.227477803201,3135.6360431357753,4,1575.4085653325742,651.1027386056057,924.3058267269685,True,-1977.1217371660318,30896.185371997195,-32873.30710916323
2023-12-22,21290.75,21354.3,21300.0,50,0.0,0.5173533161031082,103.14923203020408,54.34999999999927,2439.96160151024,-3532.300201975915,19,-1092.338600465675,1449.115494281422,-2541.454094747097,False,-4518.575831913129,30896.185371997195,-35414.761203910326
2024-01-05,21742.25,21715.1,21750.0,50,0.0,0.727349828700535,147.8369120677453,34.95000000000145,5644.345603387192,-474.65887494492927,4,5169.686728442262,601.8342629721534,4567.852465470109,True,49.276633556979505,30896.185371997195,-30846.908738440216
2024-01-12,21734.3,21876.55,21750.0,50,0.0,0.26393278152216226,55.04631266461729,126.59999999999927,-3577.684366769099,2990.0914398400346,7,-587.5929269290646,885.7429839298568,-1473.3359108589214,False,-1424.0592773019418,30896.185371997195,-32320.244649299137
2024-01-19,21645.55,21619.75,21650.0,50,0.0,0.45560030557680864,92.17177078716304,30.3,3093.588539358152,-2390.6925646871096,16,702.8959746710425,1245.0453554309615,-542.149380759919,False,-1966.208658061861,30896.185371997195,-32862.394030059055
2024-01-31,21477.95,21727.65,21500.0,50,2.0,0.24145817758049815,306.9554449449006,292.6156662967387,716.9889324080941,1830.4714916410157,4,2547.46042404911,656.573667979781,1890.8867560693288,True,-75.32190199253205,30896.185371997195,-30971.507273989726
2024-02-01,21715.25,21681.45,21700.0,50,1.0,0.2892688546562566,262.5249587175713,54.48437500152613,10402.029185802257,-1807.8556972430815,8,8594.173488559176,796.2633531005142,7797.910135458662,True,7722.58823346613,30896.185371997195,-23173.597138531066
2024-02-02,21918.55,21855.7,21900.0,50,0.0,0.2453555800160393,52.36608208159669,44.34999999999927,400.80410407987085,-4976.876403863425,27,-4576.072299783555,2127.6591091157516,-6703.731408899306,False,1018.8568245668239,30896.185371997195,-29877.32854743037
2024-02-09,21681.4,21782.8,21700.0,50,0.0,0.48398434178438043,99.15654797303978,82.84999999999927,815.3273986520254,-2170.3701607257826,19,-1355.0427620737573,1443.9865511725066,-2799.029313246264,False,-1780.17248867944,30896.185371997195,-32676.357860676635
2024-02-16,22004.9,22036.4,22000.0,50,0.0,0.45779546542558813,94.1446307925653,36.45000000000145,2884.731539628192,-577.0402817669092,7,2307.691257861283,780.8068690753444,1526.8843887859384,True,-253.28809989350157,30896.185371997195,-31149.4734718907
2024-03-11,22496.5,22323.7,22500.0,50,0.0,0.2534111176570877,53.31503838255958,176.34999999999928,-6151.748080871986,5391.363195524318,7,-760.3848853476675,880.8261567235264,-1641.2110420711938,False,-1894.4991419646954,30896.185371997195,-32790.68451396189
2024-03-14,21930.65,22144.25,21950.0,50,1.0,0.22137280441354956,203.42956364268503,194.30086270937028,456.43504666573733,1747.1993413271848,6,2203.6343879929223,823.1132831186219,1380.5211048743004,True,-513.978037090395,30896.185371997195,-31410.16340908759
2024-03-15,22089.5,22009.2,22100.0,50,0.0,0.497227122685872,102.93586181409955,90.84999999999927,604.2930907050142,-434.2608617525548,11,170.03222895245938,989.715628331995,-819.6833993795357,False,-1333.6614364699308,30896.185371997195,-32229.846808467126
2024-03-22,21966.15,22079.65,21950.0,50,0.0,0.4538853816734627,93.96249793912284,129.70000000000147,-1786.8751030439312,947.6470923315501,8,-839.2280107123811,949.407701099369,-1788.63571181175,False,-3122.297148281681,30896.185371997195,-34018.48252027888
2024-04-05,22464.3,22515.45,22450.0,50,0.0,0.4640416988683864,97.98531885871125,65.50000000000072,1624.2659429355265,267.7888378671487,5,1892.0547808026752,667.8120627636979,1224.2427180389773,True,-1898.0544302427038,30896.185371997195,-32794.2398022399
2024-04-12,22704.2,22515.85,22700.0,50,0.0,0.2193013138556853,46.61352682610959,184.20000000000147,-6879.323658694594,2058.6638289924012,9,-4820.659829702193,1179.76533319165,-6000.425162893843,False,-7898.479593136546,30896.185371997195,-38794.66496513374
2024-04-19,21811.4,22162.3,21800.0,50,0.0,0.2697165673924611,55.67470537128611,362.3499999999993,-15333.764731435658,13213.549683159217,5,-2120.215048276441,823.2251962306034,-2943.4402445070446,False,-10841.91983764359,30896.185371997195,-41738.10520964079
2024-05-03,22769.6,22490.6,22750.0,25,0.0,0.42642901691142454,91.98029814122492,259.45000000000147,-4186.742546469413,3669.7113053328358,7,-517.0312411365776,579.958538366504,-1096.9897795030815,False,-11938.909617146672,30896.185371997195,-42835.094989143865
2024-05-10,21970.45,22054.6,21950.0,25,0.0,0.6332802399760111,130.89410480746665,104.64999999999854,656.1026201867027,-397.6837198145222,13,258.4189003721805,743.2932243025559,-484.87432393037545,False,-12423.783941077047,30896.185371997195,-43319.96931307424
2024-05-17,22393.25,22474.4,22400.0,25,0.0,0.24427858425769955,51.374843161122044,74.45000000000145,-576.8789209719852,31.601817924296483,13,-545.2771030476887,812.5359148397473,-1357.813017887436,False,-13781.596958964483,30896.185371997195,-44677.78233096168
2024-06-03,23145.6,23264.7,23150.0,25,6.0,0.36341482243966317,860.4902251257372,795.9748690879387,1612.883900944962,0.0,0,1612.883900944962,291.35097821842794,1321.5329227265343,True,-12460.064036237949,30896.185371997195,-43356.24940823515
2024-06-04,22850.4,21949.7,22850.0,25,3.0,0.40858381196390836,675.3060460778634,960.4974756785564,-7129.785740017325,1445.3640290983603,13,-5684.421710918965,788.3003227502948,-6472.72203366926,False,-18932.786069907208,30896.185371997195,-49828.9714419044
2024-06-05,21969.4,22635.85,21950.0,25,2.0,0.4618874316709115,599.2319361486698,741.689924880629,-3561.4497182989794,4693.597412591276,7,1132.1476942922968,561.6108489077271,570.5368453845697,True,-18362.24922452264,30896.185371997195,-49258.43459651983
2024-07-04,24346.05,24302.65,24350.0,25,1.0,0.15556454888079319,158.21694249271968,51.838823756807415,2659.4529683978067,-194.5655437472742,6,2464.8874246505325,535.4296657633444,1929.457758887188,True,-16432.79146563545,30896.185371997195,-47328.97683763265
2024-07-05,24202.45,24342.05,24200.0,25,0.0,0.22220883287955073,50.25809496566944,142.09999999999928,-2296.047625858246,654.2257297900505,13,-1641.8218960681957,896.5525896084807,-2538.374485676676,False,-18971.165951312127,30896.185371997195,-49867.351323309325
2024-07-09,24367.95,24434.05,24350.0,25,3.0,0.16924538656603544,298.5563382096552,255.322265159979,1080.8518262419057,58.848963658630964,2,1139.7007899005366,332.99719020799114,806.7035996925455,True,-18164.462351619582,30896.185371997195,-49060.64772361678
2024-07-10,24395.3,24330.85,24400.0,25,2.0,0.18362693800125268,264.6264709697407,198.48650791036198,1653.4990764844679,-1071.5020595976966,7,581.9970168867712,524.3918361933365,57.605180693434704,True,-18106.85717092615,30896.185371997195,-49003.042542923344
2024-07-11,24356.0,24328.65,24350.0,25,1.0,0.20446260290686036,208.0046164733867,45.00928963500701,4074.8831709594924,-1005.09373286966,8,3069.7894380898324,574.079224706848,2495.7102133829844,True,-15611.146957543164,30896.185371997195,-46507.33232954036
2024-07-12,24354.6,24491.15,24350.0,25,0.0,0.374615476964973,85.27206274240962,141.20000000000147,-1398.1984314397962,4.611632630461827,8,-1393.5867988093344,666.3724319802843,-2059.9592307896187,False,-17671.106188332782,30896.185371997195,-48567.29156032998
2024-07-18,24567.3,24801.7,24550.0,25,2.0,0.18386094365734607,267.04254103002313,289.1201556395381,-551.9403652378742,659.1549341430655,6,107.2145689051913,541.7234091125058,-434.5088402073145,False,-18105.615028540098,30896.185371997195,-49001.80040053729
2024-07-23,24547.55,24460.65,24550.0,25,3.0,0.244250080534257,433.72487985766566,364.1181540890029,1740.1681442165682,-2026.244322053266,7,-286.07617783669775,520.083546492611,-806.1597243293088,False,-18911.774752869405,30896.185371997195,-49807.9601248666
2024-08-01,25052.9,25018.7,25050.0,25,1.0,0.21733184746932238,227.38929418296175,52.13915403967712,4381.253503582116,-670.1386392693094,7,3711.1148643128063,530.3151652117366,3180.7996991010696,True,-15730.975053768336,30896.185371997195,-46627.16042576553
2024-08-02,24829.9,24727.9,24850.0,25,0.0,0.6275753962760792,146.4599887882905,122.14999999999854,607.749719707299,253.10075974662323,8,860.8504794539223,575.3382752462205,285.51220420770176,True,-15445.462849560634,30896.185371997195,-46341.64822155783
2024-08-06,24337.5,23973.55,24350.0,25,3.0,0.2343123280862346,412.7200394497195,463.1151459931252,-1259.8776635851436,2077.794999146019,4,817.9173355608755,441.6318606544555,376.28547490641995,True,-15069.177374654213,30896.185371997195,-45965.36274665141
2024-08-22,24826.4,24810.6,24850.0,25,1.0,0.27489312314894054,285.771810267428,65.4663807105544,5507.63573892184,-37.961356324492954,3,5469.674382597347,381.17995011959783,5088.49443247775,True,-9980.682942176463,30896.185371997195,-40876.868314173655
2024-08-30,25239.6,25242.4,25250.0,25,0.0,0.31398472118657095,74.48628775259567,7.649999999998545,1670.9071938149282,-484.03670670721476,8,1186.8704871077134,553.6498524700256,633.2206346376878,True,-9347.462307538775,30896.185371997195,-40243.64767953597
2024-09-05,25241.15,25152.7,25250.0,25,1.0,0.31147688083816316,328.47345633355326,106.82545788530706,5541.199961206155,65.04426099156262,4,5606.244222197718,436.3384606260814,5169.9057615716365,True,-4177.556545967139,30896.185371997195,-35073.74191796433
2024-09-06,25089.1,24853.05,25100.0,25,0.0,0.4382428802037611,103.06848959202034,247.00000000000074,-3598.28776019951,3034.87559526111,7,-563.4121649384001,597.7306315752517,-1161.1427965136518,False,-5338.699342480791,30896.185371997195,-36234.88471447799
2024-09-13,25343.3,25354.45,25350.0,25,0.0,0.8523600115114821,201.82403391768275,4.500000000000727,4933.100847942051,0.0,0,4933.100847942051,252.6979274132479,4680.4029205288025,True,-658.2964219519881,30896.185371997195,-31554.481793949184
2024-09-19,25553.65,25426.25,25550.0,25,1.0,0.2206930229114369,235.5238793064418,124.50856287641102,2775.38291075077,-330.90178995602764,8,2444.4811207947423,611.7350547175618,1832.7460660771806,True,1174.4496441251924,30896.185371997195,-29721.735727872
2024-09-20,25493.15,25792.85,25500.0,25,0.0,1.208021954060532,287.68027176952273,292.89999999999856,-130.49320576189558,-319.29681220732164,10,-449.7900179692172,705.7778312379098,-1155.567849207127,False,18.881794918065452,30896.185371997195,-30877.30357707913
2024-09-26,26033.15,26207.55,26050.0,25,1.0,0.24419623088557274,265.92113432463157,157.961248965533,2698.9971339774643,1125.6650072103366,5,3824.662141187801,508.7059326806891,3315.956208507112,True,3334.8380034251777,30896.185371997195,-27561.347368572016
2024-10-03,25530.0,25258.45,25550.0,25,2.0,0.28551646588835866,430.97348987424084,392.58563938497446,959.6962622316596,1114.825752214063,4,2074.5220144457226,440.4720545681946,1634.049959877528,True,4968.887963302705,30896.185371997195,-25927.29740869449
2024-10-04,25168.55,25020.95,25150.0,25,0.0,1.4474541248520834,340.3983132868161,129.09999999999928,5282.457832170421,-1169.2994565092085,8,4113.158375661213,567.2780962991233,3545.8802793620894,True,8514.768242664795,30896.185371997195,-22381.4171293324
2024-10-08,24780.1,25010.95,24800.0,25,3.0,0.28506135588046155,511.4078017377815,456.4933612820296,1372.8610113937975,332.29011370943044,3,1705.151125103228,390.90477024388235,1314.2463548593455,True,9829.014597524141,30896.185371997195,-21067.170774473052
2024-10-10,25051.2,24998.55,25050.0,25,1.0,0.42337416181806464,442.9230070133035,97.84750796015396,8626.887476328739,22.925671001241426,2,8649.81314732998,338.6405447607592,8311.17260256922,True,18140.18720009336,30896.185371997195,-12755.998171903833
2024-10-11,24953.2,24962.75,24950.0,25,0.0,0.4291967769106849,100.0401954328263,12.8,2181.0048858206574,-701.2408180717903,9,1479.764067748867,600.0513191101797,879.7127486386873,True,19019.89994873205,30896.185371997195,-11876.285423265144
2024-10-17,24957.05,24759.35,24950.0,25,1.0,0.34806035170797256,362.765767543704,191.80484874818694,4274.022969887927,399.88510379049694,6,4673.9080736784235,525.895562849555,4148.0125108288685,True,23167.912459560917,30896.185371997195,-7728.272912436278
2024-10-18,24607.35,24842.85,24600.0,25,0.0,1.6981247017299754,390.20254487413695,242.89999999999856,3682.5636218534596,891.6100181260554,3,4574.173639979515,390.11684794017555,4184.05679203934,True,27351.969251600258,30896.185371997195,-3544.216120396937
2024-11-08,24085.9,24156.05,24100.0,25,0.0,1.743934259251691,392.5270960686885,56.09999999999927,8410.67740171723,-152.1603920491616,2,8258.517009668069,333.47977069077433,7925.037238977295,True,35277.00649057755,35277.00649057755,0.0
2024-11-14,23604.9,23540.15,23600.0,25,1.0,0.39396358500700435,388.34803303283843,91.81375861305241,7413.35686049465,-298.78103309401195,3,7114.575827400638,385.3565151718599,6729.219312228779,True,42006.22580280633,42006.22580280633,0.0
2024-11-18,23531.6,23453.55,23550.0,25,0.0,1.011953500774689,222.94727952757057,96.50000000000072,3161.181988189246,-1384.0735652695585,14,1777.1084229196877,769.6457731515397,1007.4626497681479,True,43013.688452574475,43013.688452574475,0.0
2024-11-29,23969.55,24127.25,23950.0,75,0.0,1.7530942047899587,392.55652931772784,177.3,16144.239698829588,1303.1374286436476,3,17447.377127473235,807.2313101127072,16640.145817360528,True,59653.834269935,59653.834269935,0.0
2024-12-05,24497.7,24751.0,24500.0,75,1.0,0.39402569394093,403.14443823489273,251.44516768526748,11377.445291221895,-4561.447083278559,10,6815.998207943336,1601.3864008621908,5214.611807081144,True,64868.446077016146,64868.446077016146,0.0
2024-12-06,24689.05,24685.9,24700.0,75,0.0,1.5667386653786526,361.40714113856484,14.149999999998546,26044.28558539247,0.0,0,26044.28558539247,589.2496590754505,25455.03592631702,True,90323.48200333316,90323.48200333316,0.0
2024-12-13,24470.0,24771.45,24450.0,75,0.0,1.9292972837528213,440.9705629990458,321.50000000000074,8960.29222492838,652.6603912897408,7,9612.952616218121,1157.0294041847303,8455.92321203339,True,98779.40521536655,98779.40521536655,0.0
2024-12-19,23919.5,23945.55,23900.0,75,1.0,0.4220788769936188,421.7443057176606,92.05067507443891,24727.022298241627,-543.766635542619,2,24183.255662699008,723.5921289141772,23459.66353378483,True,122239.06874915138,122239.06874915138,0.0
2024-12-20,23925.5,23539.3,23950.0,75,0.0,1.752818579687737,392.3117450047812,410.75000000000074,-1382.8691246414664,5305.719168103067,7,3922.8500434616008,1127.0256150599512,2795.8244284016496,True,125034.89317755304,125034.89317755304,0.0
2024-12-27,23822.9,23807.7,23800.0,75,0.0,0.6689709116285668,149.87539536163604,7.750000000000727,10659.404652122648,-1593.2831367340987,6,9066.12151538855,942.7647542415762,8123.356761146973,True,133158.2499387,133158.2499387,0.0
2025-01-02,23788.2,24186.25,23800.0,75,1.0,0.4220307219633832,419.4764343671941,386.3034650059315,2487.972702094693,9200.561133140698,7,11688.53383523539,1214.389094995645,10474.144740239744,True,143632.39467893975,143632.39467893975,0.0
2025-01-03,24176.05,24008.05,24200.0,75,0.0,0.9147053486807272,207.4963074264415,192.00000000000074,1162.2230569830563,1582.911152081797,7,2745.134209064853,1142.660132806252,1602.4740762586011,True,145234.86875519835,145234.86875519835,0.0
2025-01-10,23561.2,23412.2,23550.0,75,0.0,1.2622126616584137,277.7961613216903,137.84999999999928,10495.962099126828,-2137.9710431501153,8,8357.991055976712,1126.7349140444442,7231.256141932268,True,152466.12489713062,152466.12489713062,0.0
2025-01-17,23178.2,23196.65,23200.0,75,0.0,0.43082926111761477,94.91364356483791,3.3999999999985446,6863.5232673629525,-8181.034355007316,27,-1317.5110876443632,2503.487048954241,-3820.998136598604,False,148645.126760532,152466.12489713062,-3820.998136598617
2025-01-24,23275.8,23077.5,23300.0,75,0.0,0.8874230471020564,193.95639277604278,222.55,-2144.5205417967927,2513.263691212982,9,368.7431494161892,1288.1757046182738,-919.4325552020846,False,147725.69420532993,152466.12489713062,-4740.430691800691
2025-01-31,23301.2,23515.15,23300.0,75,0.0,1.423418527138419,309.72438749330104,215.20000000000147,7089.329061997468,2725.158174476237,3,9814.487236473706,821.598015814865,8992.88922065884,True,156718.58342598876,156718.58342598876,0.0
2025-02-07,23583.9,23573.7,23600.0,75,0.0,1.8048978341510518,397.8446761000432,26.349999999999273,27862.100707503294,-2669.945665721607,4,25192.155041781687,853.9999014742166,24338.15514030747,True,181056.73856629623,181056.73856629623,0.0
2025-02-14,23092.05,22933.4,23100.0,75,0.0,1.6790516674285754,362.1925859355015,166.64999999999856,14665.69394516272,-1086.326499785413,5,13579.367445377307,932.76396337133,12646.603482005978,True,193703.3420483022,193703.3420483022,0.0
2025-02-28,22320.05,22124.65,22300.0,75,0.0,0.7082488086214288,148.42451695025738,175.39999999999856,-2023.161228730588,1509.216104156454,10,-513.9451245741338,1297.8549802796856,-1811.8001048538194,False,191891.5419434484,193703.3420483022,-1811.8001048538135
2025-03-07,22560.35,22556.85,22550.0,75,0.0,0.9679462913842872,204.04681881091165,6.899999999998545,14786.011410818483,-2757.7535094262566,8,12028.257901392226,1060.1407774299992,10968.117123962227,True,202859.65906741063,202859.65906741063,0.0
2025-03-17,22504.2,22510.5,22500.0,75,0.0,0.9697578260907903,203.8080623664937,10.55,14494.354677487026,-2141.863827533438,7,12352.490849953589,978.9310848009286,11373.55976515266,True,214233.2188325633,214233.2188325633,0.0
2025-03-21,23195.0,23348.8,23200.0,75,0.0,0.7045780074456706,152.6848613291604,148.84999999999928,287.61459968708465,1420.1391256148927,9,1707.7537253019773,1221.0934775295098,486.6602477724675,True,214719.87908033576,214719.87908033576,0.0
2025-03-28,23604.9,23543.65,23600.0,75,0.0,0.9208721832698209,203.0081746315409,56.39999999999854,10995.613097365676,-3572.5320044512046,9,7423.081092914472,1205.4381976028808,6217.642895311591,True,220937.52197564734,220937.52197564734,0.0
2025-04-04,23094.65,22911.0,23100.0,75,0.0,0.4476833295589313,96.65733371245733,189.05,-6929.449971565701,2003.9687403698917,9,-4925.481231195809,1491.734195332159,-6417.215426527969,False,214520.30654911936,220937.52197564734,-6417.215426527982
2025-04-11,22766.05,22830.35,22750.0,75,0.0,0.47823844670783733,102.44392451693057,80.39999999999854,1653.2943387699017,-5475.164530904265,14,-3821.8701921343636,1767.1476207899686,-5589.017812924332,False,208931.288736195,220937.52197564734,-12006.233239452326
2025-04-21,23959.4,24114.4,23950.0,75,0.0,0.8762162802601233,196.15372184219814,164.45000000000147,2377.7791381647503,2219.6810221569613,4,4597.460160321712,934.0823899207919,3663.37777040092,True,212594.66650659594,220937.52197564734,-8342.8554690514
2025-04-25,24327.35,24052.95,24350.0,75,0.0,0.45595936728175723,105.20549882245905,297.0999999999993,-14392.087588315517,12820.055373608135,4,-1572.032214707382,1064.5009482183268,-2636.533162925709,False,209958.13334367023,220937.52197564734,-10979.388631977112
2025-05-02,24410.3,24367.15,24400.0,75,0.0,0.5832479766802862,133.1807508475249,32.89999999999854,7521.056313564477,-8625.874429669755,17,-1104.818116105278,1911.4250577340827,-3016.2431738393607,False,206941.89016983088,220937.52197564734,-13995.631805816462
2025-05-16,25003.5,25024.2,25000.0,75,0.0,0.5570242698630318,130.08358391418005,24.25000000000073,7937.518793563449,-1838.800980421307,8,6098.717813142142,1111.2698387930704,4987.447974349072,True,211929.33814417996,220937.52197564734,-9008.18383146738
2025-05-23,24626.5,24850.75,24650.0,75,0.0,0.6327100569056344,146.7826624925583,200.8,-4051.3003130581283,3322.9740178456996,6,-728.3262952124287,1175.9634695441673,-1904.289764756596,False,210025.04837942336,220937.52197564734,-10912.47359622398
2025-06-06,24749.65,25002.1,24750.0,75,0.0,0.4660085226176306,107.70740058291085,252.14999999999856,-10833.194956281577,7199.874557837145,8,-3633.3203984444317,1452.2369925493558,-5085.5573909937875,False,204939.49098842958,220937.52197564734,-15998.03098721776
2025-06-13,24604.6,24725.6,24600.0,75,0.0,1.0943613741593436,251.45391226104766,125.64999999999854,9435.293419578684,99.51381099061109,5,9534.807230569295,941.2249562535372,8593.582274315757,True,213533.07326274534,220937.52197564734,-7404.448712901998
2025-06-20,24861.15,25116.6,24850.0,75,0.0,0.8496669777156783,197.41991017900727,266.64999999999856,-5192.256736574346,7206.151104895398,5,2013.8943683210518,1026.3415326265263,987.5528356945256,True,214520.62609843985,220937.52197564734,-6416.895877207484
2025-06-27,25597.8,25633.0,25600.0,75,0.0,0.8387829244835302,200.52310113988096,33.05,12560.482585491072,-1049.8184405531501,4,11510.664144937922,829.9890282184574,10680.675116719465,True,225201.30121515933,225201.30121515933,0.0
2025-07-04,25411.95,25462.8,25400.0,75,0.0,0.3873028724500909,92.38351025399606,62.84999999999927,2215.0132690497594,-1142.1615544996457,10,1072.8517145501137,1353.3169767966508,-280.4652622465371,False,224920.83595291278,225201.30121515933,-280.465262246551
2025-07-25,24935.05,24844.4,24950.0,75,0.0,0.5768687342153859,134.89691896643671,105.64999999999854,2193.5189224828628,-787.6371401217766,9,1405.8817823610862,1275.60980029589,130.2719820651962,True,225051.10793497798,225201.30121515933,-150.19328018135275
2025-08-07,24519.2,24592.0,24500.0,75,1.0,0.3177330415742471,325.58819118026076,102.62291573861694,16722.395658123285,-1731.1894736510003,7,14991.206184472285,1149.2077746055347,13841.99840986675,True,238893.10634484474,238893.10634484474,0.0
2025-08-08,24573.35,24349.2,24550.0,75,0.0,0.2699356751469896,64.69718172577632,200.84999999999928,-10211.461370566722,9451.624234948773,5,-759.8371356179487,1079.2345786311412,-1839.0717142490898,False,237054.03463059565,238893.10634484474,-1839.0717142490903
2025-08-14,24640.15,24630.3,24650.0,75,1.0,0.30057102376129474,309.4614192666086,63.84684649560586,18421.092957825203,0.0,0,18421.092957825203,585.1153061807263,17835.977651644476,True,254890.01228224012,254890.01228224012,0.0
2025-08-18,24945.05,24870.15,24950.0,75,0.0,0.7002929449034855,163.1968839963538,79.89999999999854,6247.266299726643,-1116.4868464858737,8,5130.77945324077,1117.7086397159133,4013.0708135248565,True,258903.08309576497,258903.08309576497,0.0
2025-08-21,25074.7,25081.5,25050.0,75,1.0,0.2858319199038669,299.82164966859636,65.04481365653191,17608.262700904834,-1182.7039269121597,3,16425.558773992674,810.800406378528,15614.758367614146,True,274517.8414633791,274517.8414633791,0.0
2025-08-29,24508.7,24406.75,24500.0,75,0.0,1.0925102472351864,250.0988773871395,93.3,11759.915804035463,-1044.690624989802,6,10715.225179045661,957.3245969896691,9757.900582055992,True,284275.74204543506,284275.74204543506,0.0
2025-09-03,24541.2,24725.35,24550.0,75,0.0,1.583081660610624,362.9365249667535,175.39999999999856,14065.239372506621,1320.917016405263,3,15386.156388911884,818.3110022134209,14567.845386698464,True,298843.5874321335,298843.5874321335,0.0
2025-09-10,24963.0,24978.6,24950.0,75,0.0,0.36738431401085114,86.24896350137715,28.649999999998546,4319.922262603395,-1915.8005717834458,8,2404.1216908199494,1189.469121802244,1214.6525690177054,True,300058.2400011512,300058.2400011512,0.0
2025-09-16,25107.25,25240.65,25100.0,75,1.0,0.286548539600335,300.47247616163077,142.48754204932698,11848.870058422784,1997.703784659505,6,13846.57384308229,1117.4772641469424,12729.096578935347,True,312787.33658008656,312787.33658008656,0.0
2025-09-17,25296.45,25328.3,25300.0,75,0.0,1.3289111238950864,313.96259908430693,28.349999999999273,21420.944931323073,0.0,0,21420.944931323073,584.0795714664672,20836.865359856605,True,333624.2019399432,333624.2019399432,0.0
2025-09-24,25092.5,25059.75,25100.0,75,0.0,0.32337396909948435,76.02270308996049,40.3,2679.2027317470365,-2605.307074087672,18,73.89565765936459,1863.0336975771881,-1789.1380399178236,False,331835.0639000254,333624.2019399432,-1789.1380399178015
2025-10-08,25147.0,25036.4,25150.0,75,0.0,0.9913016397738829,232.8182715713774,113.64999999999854,8937.620367853415,103.31902004015865,4,9040.939387893573,834.5659150157442,8206.373472877829,True,340041.4373729032,340041.4373729032,0.0
2025-10-15,25242.0,25327.95,25250.0,75,0.0,0.8103242734586821,191.14843658595055,78.00000000000072,8486.132743946237,379.99485694640316,3,8866.12760089264,786.4769284695665,8079.650672423073,True,348121.0880453263,348121.0880453263,0.0
2025-10-23,26003.2,25865.35,26000.0,75,0.0,0.870828553014435,211.4662886320657,134.70000000000147,5757.471647404817,553.3934211955639,5,6310.865068600381,967.6621542456844,5343.202914354697,True,353464.290959681,353464.290959681,0.0
2025-10-29,25980.55,26043.55,26000.0,75,0.0,0.7186293294886127,175.10867723255615,43.59999999999927,9863.150792441766,-1307.9820190650644,6,8555.168773376701,945.1127483196238,7610.056025057077,True,361074.3469847381,361074.3469847381,0.0
2025-11-04,25754.6,25600.0,25750.0,75,1.0,0.43434313865844165,467.1395831416594,160.97611468866262,22962.260133974756,841.5043544317596,4,23803.764488406516,962.8237431995058,22840.940745207008,True,383915.2877299451,383915.2877299451,0.0
2025-11-06,25664.1,25500.6,25650.0,75,0.0,0.4115088269719853,99.23822614817982,149.45000000000147,-3765.8830388866236,1966.2031292868778,11,-1799.6799095997458,1473.759047183772,-3273.438956783518,False,380641.8487731616,383915.2877299451,-3273.4389567835024
2025-11-12,25808.6,25884.4,25800.0,75,0.0,1.8757846701564271,452.0588844869635,84.45000000000145,27570.666336522154,-187.17969251424074,2,27383.486644007913,730.2998544481397,26653.186789559775,True,407295.0355627214,407295.0355627214,0.0
2025-11-19,25858.6,26059.1,25850.0,75,0.0,1.5541806922806423,375.3008417534802,209.14999999999856,12461.313131511124,2110.757543094922,3,14572.070674606046,823.7153673638823,13748.355307242164,True,421043.39086996356,421043.39086996356,0.0
2025-11-26,25969.85,26212.6,25950.0,75,0.0,1.4965397866209966,363.14354636861754,262.64999999999856,7537.015977646423,3485.688327530632,4,11022.704305177056,939.028277001336,10083.67602817572,True,431127.0668981393,431127.0668981393,0.0
2025-12-02,26141.55,26036.75,26150.0,75,1.0,0.41935225191060455,457.94411321756706,132.7532320919936,24389.31608441801,-95.29641681932844,4,24294.01966759868,937.1385749003393,23356.881092698342,True,454483.9479908376,454483.9479908376,0.0
2025-12-03,26029.75,25992.45,26050.0,75,0.0,1.5203653935389596,370.06176531195706,57.59999999999927,23434.632398396832,-385.861313390953,2,23048.77108500588,719.6150978501698,22329.15598715571,True,476813.10397799336,476813.10397799336,0.0
2025-12-10,25880.4,25760.1,25900.0,75,0.0,1.2741595785273239,308.4557968832178,139.95000000000147,12637.934766241224,909.3675310962135,3,13547.302297337437,808.7072952369145,12738.595002100523,True,489551.6989800939,489551.6989800939,0.0
2025-12-17,25873.45,25816.35,25850.0,75,0.0,1.547936823009513,374.3060719445093,33.70000000000145,25545.45539583809,0.0,0,25545.45539583809,591.7015493872309,24953.753846450858,True,514505.45282654476,514505.45282654476,0.0
2025-12-24,26200.65,26154.8,26200.0,75,0.0,1.4888318212004377,364.2720903856425,45.250000000000725,23926.656778923134,0.0,0,23926.656778923134,590.9901152034574,23335.666663719676,True,537841.1194902644,537841.1194902644,0.0
2026-01-07,26128.5,26151.8,26150.0,65,0.0,1.1090481682820243,271.2625482603471,1.8499999999992724,17511.81563692261,-738.6177296432488,3,16773.197907279362,657.9182587283299,16115.279648551032,True,553956.3991388155,553956.3991388155,0.0
2026-01-21,25239.2,25155.0,25250.0,65,0.0,1.4071458555711431,331.8393016638729,95.05,15391.304608151739,-2695.4366368927876,9,12695.867971258951,1047.6664436032002,11648.20152765575,True,565604.6006664712,565604.6006664712,0.0
2026-02-25,25562.2,25478.5,25550.0,65,0.0,1.3610605754842977,324.96831482780544,71.55,16472.190463807354,-925.704465625633,4,15546.48599818172,755.0010920548209,14791.4849061269,True,580396.085572598,580396.085572598,0.0
2026-03-04,24387.9,24465.95,24400.0,65,0.0,1.6486380608519537,375.6840895434925,66.00000000000072,20129.465820326965,-1472.191653983813,4,18657.27416634315,756.7361803075041,17900.537986035648,True,598296.6235586337,598296.6235586337,0.0
2026-03-10,24150.7,24258.0,24150.0,65,1.0,0.4509550925297663,454.82109517833123,129.11128155519782,21171.13788550367,-933.3847480096156,6,20237.753137494055,950.2613228648188,19287.491814629237,True,617584.115373263,617584.115373263,0.0
2026-03-11,24288.8,23861.9,24300.0,65,0.0,0.6509777412796393,147.95986550019734,438.14999999999856,-18862.35874248708,17758.547836068552,6,-1103.8109064185264,1035.3546210451932,-2139.1655274637196,False,615444.9498457992,617584.115373263,-2139.165527463774
2026-03-18,23721.6,23792.55,23700.0,65,0.0,0.6910413146158679,153.98230830743705,92.59999999999927,3989.8500399834556,-844.486113999621,9,3145.3639259838346,1085.3992911026505,2059.964634881184,True,617504.9144806805,617584.115373263,-79.20089258253574
2026-03-24,22789.8,22898.65,22800.0,65,1.0,0.47283123523462556,450.1915795624536,122.54672098660376,21296.91580743024,-2870.675397077808,5,18426.24041035243,871.808908817787,17554.431501534644,True,635059.3459822151,635059.3459822151,0.0
2026-03-25,23162.2,23300.65,23150.0,65,0.0,0.6683058219635859,144.84445461694486,150.70000000000147,-380.6104498986795,1411.3616396221332,5,1030.7511897234538,934.1701120404214,96.58107768303239,True,635155.9270598982,635155.9270598982,0.0
2026-04-01,22888.6,22671.65,22900.0,65,0.0,1.0871858068322764,232.61579250790965,228.39999999999856,274.0265130142208,368.058369584498,10,642.0848825987189,1210.9815305115503,-568.8966479128314,False,634587.0304119854,635155.9270598982,-568.8966479127994
2026-04-07,22773.75,23109.25,22750.0,65,1.0,0.41069654047023507,390.86385209871514,359.3032179773589,2051.4412178881566,7838.785319499904,6,9890.226537388062,994.6753155538848,8895.551221834177,True,643482.5816338195,643482.5816338195,0.0
2026-04-08,23898.0,23994.25,23900.0,65,0.0,1.5260345908766615,340.58203245042387,94.3,16008.332109277551,241.92728811319103,2,16250.259397390742,631.838600946721,15618.420796444021,True,659101.0024302636,659101.0024302636,0.0
2026-05-06,24179.2,24321.35,24200.0,65,0.0,1.444480531546287,326.71950769047544,121.39999999999854,13345.767999880998,-2236.3583100537653,6,11109.409689827233,919.2799458488333,10190.1297439784,True,669291.1321742419,669291.1321742419,0.0
2026-05-13,23405.45,23425.7,23400.0,65,0.0,0.7471840065391734,163.35227720070543,25.75000000000073,8944.148018045806,-7951.2687417257985,17,992.8792763200072,1633.5721180076177,-640.6928416876106,False,668650.4393325543,669291.1321742419,-640.692841687589
2026-05-27,23926.0,23902.8,23950.0,65,0.0,0.3909678174974397,89.48858074324016,47.250000000000725,2745.5077483105633,-2021.9994517862797,14,723.5082965242837,1410.0823057735329,-686.5740092492492,False,667963.8653233051,669291.1321742419,-1327.2668509368086
2026-06-03,23299.9,23395.85,23300.0,65,0.0,0.5831407034350559,126.88381259195012,95.89999999999854,2013.9478184768525,-2962.9616620935267,16,-949.0138436166742,1570.3209408556302,-2519.3347844723044,False,665444.5305388328,669291.1321742419,-3846.60163540917
2026-06-10,23326.8,23199.7,23350.0,65,0.0,1.3761470260052007,300.49408654719446,150.34999999999928,9759.365625567687,79.75178104825318,4,9839.11740661594,739.6434942421286,9099.47391237381,True,674544.0044512065,674544.0044512065,0.0
2026-07-08,24285.5,23883.35,24300.0,65,0.0,0.5743184668710454,130.802180014236,416.70000000000147,-18583.358299074756,16729.138155852444,7,-1854.220143222312,1129.0488022678585,-2983.26894549017,False,671560.7355057164,674544.0044512065,-2983.2689454901265
2026-07-15,24147.65,24077.75,24150.0,65,0.0,0.25046255561057473,56.51405835497462,72.3,-1026.0862069266493,-2817.861307885265,19,-3843.9475148119145,1915.4008408491445,-5759.348355661059,False,665801.3871500554,674544.0044512065,-8742.617301151156
2026-07-22,24096.6,24021.15,24100.0,65,0.0,0.4848750664340332,109.15119500621404,78.89999999999854,1966.3276754040073,-503.5102235467639,8,1462.8174518572434,1077.8579368985452,384.95951495869826,True,666186.346665014,674544.0044512065,-8357.657786192489
2026-08-03,24530.15,24573.55,24550.0,65,4.0,0.1598624319722876,328.05582254476394,286.52943285926085,2699.215329557701,0.0,0,2699.215329557701,530.283522903277,2168.931806654424,True,668355.2784716685,674544.0044512065,-6188.725979538052
2026-08-05,24636.5,24570.2,24650.0,65,0.0,1.0866638149926438,250.30613964742224,79.84999999999927,11079.649077082493,-710.4954869750654,5,10369.153590107428,824.5913087200106,9544.562281387418,True,677899.8407530559,677899.8407530559,0.0
2026-08-07,24593.25,24554.55,24600.0,65,5.0,0.15581380887422713,357.93423972422534,323.4974521591557,2238.3911917295245,0.0,0,2238.3911917295245,534.883566705245,1703.5076250242796,True,679603.3483780802,679603.3483780802,0.0
2026-08-11,24503.5,24450.0,24500.0,65,1.0,0.21465442166198045,219.66627527616947,60.863446261743775,10322.18388593767,0.28861941874492913,3,10322.472505356414,713.6886048477133,9608.7839005087,True,689212.1322785888,689212.1322785888,0.0
2026-08-12,24409.9,24361.7,24400.0,65,0.0,1.443092186353169,328.98090958494504,38.34999999999927,18891.009123021475,-477.962412660534,2,18413.04671036094,636.6433840949526,17776.403326265987,True,706988.5356048548,706988.5356048548,0.0
2026-08-19,24119.75,24048.55,24100.0,65,0.0,0.2874650529352948,66.6318877181584,51.500000000000725,983.5727016802487,-92.85658864805009,8,890.7161130321986,1083.7861691408518,-193.07005610865326,False,706795.4655487462,706988.5356048548,-193.07005610864144
2026-08-26,24316.95,24276.6,24300.0,65,0.0,0.6156670329486951,140.41332071006764,23.450000000001456,7602.615846154302,-828.6154671465774,4,6774.000379007724,733.8098767362451,6040.190502271479,True,712835.6560510177,712835.6560510177,0.0
2026-09-01,24042.55,23984.45,24050.0,65,1.0,0.2472668805392459,248.38694390327146,74.88001097098277,11277.950640598765,-1091.1902993521653,6,10186.7603412466,983.9190711130208,9202.841270133578,True,722038.4973211513,722038.4973211513,0.0
2026-09-02,23824.35,23883.5,23800.0,65,0.0,0.23660129180643708,56.16015844947469,83.55,-1780.3397007841447,356.86054865666665,14,-1423.479152127478,1531.8075987380967,-2955.2867508655745,False,719083.2105702858,722038.4973211513,-2955.286750865518
2026-09-09,23500.35,23462.4,23500.0,65,0.0,0.5633743152255192,123.6366109839073,37.64999999999854,5589.129713954069,-1613.9047831484495,10,3975.22493080562,1060.2075902193733,2915.0173405862465,True,721998.2279108721,722038.4973211513,-40.269410279230215
2026-09-16,23247.65,23224.3,23250.0,65,0.0,0.9069084163336082,196.90680450542095,25.75000000000073,11125.192292852314,-2162.609367804369,8,8962.582925047946,956.887626484679,8005.695298563267,True,730003.9232094353,730003.9232094353,0.0
2026-09-23,23407.85,23431.65,23400.0,65,0.0,1.1664838811056688,255.0197015755366,31.700000000001456,14515.780602409784,-323.1069493753603,2,14192.673653034424,624.3499543613468,13568.323698673077,True,743572.2469081084,743572.2469081084,0.0
