date,atm,wing_ce,wing_pe,dte,expansion,credit_pts,debit_real,net_real,mark_valid,expiry_is_trade_date,front_expiry,friction,lot
2021-01-06,14200.0,14350.0,14050.0,2.0,0.6038210700645599,97.47479537950721,87.45,103.52240577225609,True,False,2021-01-07,648.3372476907847,75
2021-01-21,14750.0,14900.0,14600.0,1.0,0.6093724144444441,61.56633407353269,143.3,-6773.577638819365,False,True,2021-01-21,643.5526943343153,75
2021-03-03,15100.0,15250.0,14950.0,2.0,0.5980724178768057,109.33640568940746,120.64999999999999,-1500.0029693464573,True,False,2021-03-04,651.4833960520173,75
2021-03-09,15000.0,15150.0,14850.0,2.0,0.45338187296100546,118.94752495135799,110.60000000000001,-29.64421985187414,True,False,2021-03-10,655.7085912037228,75
2021-03-17,14850.0,15000.0,14700.0,2.0,0.5128217671940649,113.11370711973768,102.70000000000002,128.13447183233677,True,False,2021-03-18,652.8935621479882,75
2021-05-05,14550.0,14700.0,14400.0,2.0,0.46168795965576476,113.48844043733288,108.99999999999999,-316.4281616073245,True,False,2021-05-06,653.0611944072919,75
2021-05-06,14700.0,14850.0,14550.0,1.0,0.5878657391293843,88.8761595688054,17.5,4706.450499418066,False,True,2021-05-06,646.7614682423387,75
2021-05-19,15100.0,15250.0,14950.0,2.0,0.5252962820382959,101.07731543701084,93.75,-99.58449876850659,True,False,2021-05-20,649.1331565443195,75
2021-06-02,15500.0,15650.0,15350.0,2.0,0.6079021754446045,96.11119520079728,98.35,-815.9638096103265,True,False,2021-06-03,648.0534496701232,75
2021-06-03,15650.0,15800.0,15500.0,1.0,0.6079287837719879,64.52770934363559,35.65,1522.0021530082538,False,True,2021-06-03,643.8260477644155,75
2021-06-09,15800.0,15950.0,15650.0,2.0,0.5977319215920927,92.00345093100327,120.3,-2769.5204078102433,True,False,2021-06-10,647.2792276354891,75
2021-06-30,15800.0,15950.0,15650.0,2.0,0.5764348165116032,92.09444633280282,88.1,-347.72580282938884,True,False,2021-07-01,647.3092777896006,75
2021-09-08,17300.0,17450.0,17150.0,2.0,0.5768253728834202,93.80929423856242,87.75000000000001,-191.71201188521786,True,False,2021-09-09,494.67672381333796,50
2021-09-22,17550.0,17700.0,17400.0,2.0,0.5512828609253728,100.68091384508443,94.70000000000002,-196.59143731262486,True,False,2021-09-23,495.63712956684566,50
2021-09-29,17650.0,17800.0,17500.0,2.0,0.4809528788453056,103.58112331529037,96.85000000000001,-159.5529372670482,True,False,2021-09-30,496.10910303156624,50
2021-09-30,17650.0,17800.0,17500.0,1.0,0.6450232607160012,82.06758761674132,30.299999999999997,2094.928161390817,False,True,2021-09-30,493.4512194462491,50
2021-10-14,18300.0,18450.0,18150.0,1.0,0.5851445203045174,74.74155991937346,33.8,1554.2285522118977,False,True,2021-10-14,492.8494437567753,50
2021-10-27,18300.0,18450.0,18150.0,2.0,0.46385593647982953,104.85434625955486,98.5,-178.6281124680234,True,False,2021-10-28,496.34542544576635,50
2021-11-10,17950.0,18100.0,17800.0,2.0,0.4405466700395659,103.47883446604101,105.15,-579.6569457367011,True,False,2021-11-11,496.0986690387512,50
2021-11-24,17600.0,17750.0,17450.0,2.0,0.6116613111660292,104.8534874174893,113.7,-938.6618187312935,True,False,2021-11-25,496.3361896057586,50
2021-12-01,17150.0,17300.0,17000.0,2.0,0.5719300976708178,113.9192706227177,100.14999999999999,190.05116512486228,True,False,2021-12-02,498.4123660110234,50
2021-12-08,17450.0,17600.0,17300.0,2.0,0.6373072124444473,109.49889082750133,95.0,227.65997565250728,True,False,2021-12-09,497.2845657225591,50
2021-12-22,16900.0,17050.0,16750.0,2.0,0.48057101794903856,111.94948282869609,100.1,94.59740205991653,True,False,2021-12-23,497.87673937488825,50
2021-12-29,17200.0,17350.0,17050.0,2.0,0.6444305173671306,101.67083722582856,93.9,-107.25038321901877,True,False,2021-12-30,495.79224451044666,50
2022-01-12,18200.0,18350.0,18050.0,2.0,0.49609150940872415,107.0102500318194,94.0,153.75584037291054,True,False,2022-01-13,496.75666121805926,50
2022-02-02,17750.0,17900.0,17600.0,2.0,0.3327263080106339,120.72818051448303,97.80000000000001,645.6239853823388,True,False,2022-02-03,500.78504034181213,50
2022-02-09,17400.0,17550.0,17250.0,2.0,0.4942650656886299,109.27159010987907,96.9,121.33005437176581,True,False,2022-02-10,497.2494511221875,50
2022-02-23,17150.0,17300.0,17000.0,2.0,0.35764758989489803,121.08909638162186,102.35,436.0087657652985,True,False,2022-02-24,500.9460533157946,50
2022-03-02,16500.0,16650.0,16350.0,3.0,0.41000409943380484,131.91075896319308,124.45000000000005,-135.4136855103966,True,False,2022-03-03,508.45163367004807,50
2022-03-10,16650.0,16800.0,16500.0,1.0,0.6220241573419246,109.48196588213295,52.650000000000006,2344.2986527333815,False,True,2022-03-10,497.2996413732658,50
2022-03-16,16900.0,17050.0,16750.0,2.0,0.278802875497568,127.57234672418053,123.89999999999998,-320.9723814240005,True,False,2022-03-17,504.58971763302833,50
2022-03-17,17300.0,17450.0,17150.0,1.0,0.5468335822978408,111.64297630923556,22.400000000000002,3964.336536342197,False,True,2022-03-17,497.8122791195812,50
2022-04-27,17050.0,17200.0,16900.0,2.0,0.49496137647993493,107.84317866031779,101.25000000000001,-167.26358339793126,True,False,2022-04-28,496.92251641382006,50
2022-06-01,16550.0,16700.0,16400.0,2.0,0.4864303998058282,114.53361896871729,103.05,75.57542559561483,True,False,2022-06-02,498.6055228402499,50
2022-06-15,15750.0,15900.0,15600.0,2.0,0.3702095520715575,117.62927237915574,117.9,-513.1345206863255,True,False,2022-06-16,499.59813964411205,50
2022-07-07,16100.0,16250.0,15950.0,1.0,0.5030394399966323,87.62720519505842,32.4,2267.3807955252523,False,True,2022-07-07,493.97946422766887,50
2022-07-13,16050.0,16200.0,15900.0,2.0,0.43291934145433125,108.66253481633703,108.5,-488.98965607205383,True,False,2022-07-14,497.1163968889053,50
2022-07-20,16600.0,16750.0,16450.0,2.0,0.4672251125841057,101.85348630140334,95.94999999999999,-200.63538510295888,True,False,2022-07-21,495.80970017312626,50
2022-08-10,17500.0,17650.0,17350.0,3.0,0.5742768179427555,114.32429340560611,107.95000000000002,-179.8232451897938,True,False,2022-08-11,498.5379154700986,50
2022-08-11,17650.0,17800.0,17500.0,1.0,0.45198586819510583,92.01664734372548,19.1,3151.368546420407,False,True,2022-08-11,494.4638207658676,50
2022-08-25,17700.0,17850.0,17550.0,1.0,0.625377803926675,77.88716026303814,142.95,-3746.23644398509,False,True,2022-08-25,493.0944571369975,50
2022-09-07,17650.0,17800.0,17500.0,2.0,0.5616774391164674,112.22175207521514,107.29999999999998,-251.8559910030542,True,False,2022-09-08,497.94359476381186,50
2022-09-08,17750.0,17900.0,17600.0,1.0,0.4242146325811549,91.9588177318642,49.550000000000004,1625.9892814316597,False,True,2022-09-08,494.4516051615503,50
2022-10-06,17350.0,17500.0,17200.0,2.0,0.516090239982018,103.53113971551238,17.05,3827.946499902231,False,True,2022-10-06,496.1104858733877,50
2022-10-19,17550.0,17700.0,17400.0,2.0,0.4235801115015369,106.53694833927693,95.2,70.190908025292,True,False,2022-10-20,496.6565089385545,50
2022-11-02,18100.0,18250.0,17950.0,2.0,0.5611967965277396,105.43258072694789,110.49999999999999,-749.8129126130507,True,False,2022-11-03,496.4419489604459,50
2022-11-16,18400.0,18550.0,18250.0,2.0,0.6269972450789543,94.88771077669207,87.65,-132.9295115325546,True,False,2022-11-17,494.81505036715805,50
2022-11-17,18400.0,18550.0,18250.0,1.0,0.604765278275763,72.40098921527022,36.7,1292.3722914761577,False,True,2022-11-17,492.6771692873529,50
2022-11-23,18250.0,18400.0,18100.0,2.0,0.6051265354214124,88.9363258966655,82.25,-159.80299659126035,True,False,2022-11-24,494.11929142453505,50
2022-11-30,18650.0,18800.0,18500.0,2.0,0.40198036051462366,99.64367897334387,95.69999999999999,-298.28611477765514,True,False,2022-12-01,495.4700634448491,50
2022-12-01,18850.0,19000.0,18700.0,1.0,0.593552178002504,75.39747420543063,33.85,1584.474356263482,False,True,2022-12-01,492.89935400804933,50
2022-12-07,18600.0,18750.0,18450.0,2.0,0.6193746340530123,102.81115615201134,88.69999999999999,209.58193027354503,True,False,2022-12-08,495.9758773270223,50
2022-12-14,18650.0,18800.0,18500.0,2.0,0.2728529602620803,101.42735357937227,92.35,-41.88739471323504,True,False,2022-12-15,495.7550736818486,50
2022-12-28,18150.0,18300.0,18000.0,2.0,0.5551105901753262,97.60572998794032,80.9,340.11716686789265,True,False,2022-12-29,495.1693325291232,50
2022-12-29,18000.0,18150.0,17850.0,1.0,0.6227638487434939,72.05143487415717,149.9,-4385.0828916835035,False,True,2022-12-29,492.65463539136107,50
2023-03-01,17400.0,17550.0,17250.0,2.0,0.6194095329336021,99.81507256967507,87.15,137.75275242546707,True,False,2023-03-02,495.50087605828605,50
2023-03-22,17150.0,17300.0,17000.0,2.0,0.5757675110512864,103.9476687049123,101.65,-381.29401271897433,True,False,2023-03-23,496.1774479645892,50
2023-04-12,17750.0,17900.0,17600.0,2.0,0.5257835280573808,86.61801029217577,85.25,-425.4795388082639,True,False,2023-04-13,493.8800534170523,50
2023-04-19,17650.0,17800.0,17500.0,2.0,0.4526488988682088,84.01135151827452,73.95,9.44042967907626,True,False,2023-04-20,493.6271462346498,50
2023-05-03,18100.0,18250.0,17950.0,2.0,0.5490285462851007,87.50148422653388,82.55,-246.3870563334115,True,False,2023-05-04,493.9612676601054,50
2023-06-01,18550.0,18700.0,18400.0,1.0,0.5387053664776098,77.68601874342608,50.6,861.2214458267833,False,True,2023-06-01,493.0794913445205,50
2023-06-07,18650.0,18800.0,18500.0,2.0,0.3614180171381474,82.50707867969231,93.70000000000002,-1053.1354869859342,True,False,2023-06-08,493.48942097054896,50
2023-06-14,18750.0,18900.0,18600.0,2.0,0.5184623801003088,88.09312668790517,76.75,73.13165789530473,True,False,2023-06-15,494.0246764999537,50
2023-07-05,19400.0,19550.0,19250.0,2.0,0.5590091140333779,91.02232305174812,80.35,39.275219942131855,True,False,2023-07-06,494.3409326452742,50
2023-08-16,19400.0,19550.0,19250.0,3.0,0.6416682823778703,97.08123142166414,87.7,-26.03944416668884,True,False,2023-08-17,495.10101524989585,50
2023-08-30,19450.0,19600.0,19300.0,2.0,0.35559004523251436,82.92059207865486,98.9,-1292.4941439266008,True,False,2023-08-31,493.5237478593437,50
2023-09-06,19550.0,19700.0,19400.0,2.0,0.6191559633159283,84.39526011650673,69.45,253.6036122483714,True,False,2023-09-07,493.65939357696516,50
2023-10-11,19800.0,19950.0,19650.0,2.0,0.5201097730458449,98.65632873453251,88.39999999999999,17.49110612907907,True,False,2023-10-12,495.3253305975468,50
2023-10-12,19800.0,19950.0,19650.0,1.0,0.6374930557483921,70.96649045188087,6.2,2745.746804784206,False,True,2023-10-12,492.5777178098377,50
2023-11-01,19050.0,19200.0,18900.0,2.0,0.4977483673427378,98.59129104625708,92.79999999999998,-205.74866025405504,True,False,2023-11-02,495.31321256691007,50
2023-11-08,19450.0,19600.0,19300.0,2.0,0.375911986274043,94.9933247908275,78.14999999999999,347.34769426170885,True,False,2023-11-09,494.81854527966664,50
2023-11-09,19450.0,19600.0,19300.0,1.0,0.5686650025200065,70.47686306339858,53.85,338.80130759332206,False,True,2023-11-09,492.54184557660693,50
2023-11-15,19650.0,19800.0,19500.0,3.0,0.5705257390887976,93.82886347264821,78.35000000000001,279.271246153214,True,False,2023-11-16,494.671927479196,50
2023-12-06,20900.0,21050.0,20750.0,2.0,0.3826344167422415,106.6592234083746,93.55,158.77482811973,True,False,2023-12-07,496.68634229900016,50
2023-12-07,20900.0,21050.0,20750.0,1.0,0.6469610274279171,84.79343974033054,5.699999999999999,3460.972750210339,False,True,2023-12-07,493.6992368061878,50
2023-12-20,21500.0,21650.0,21350.0,2.0,0.6167978681903333,102.0419143084091,157.79999999999995,-3283.7574164544476,True,False,2023-12-21,495.8531318749052,50
2023-12-27,21550.0,21700.0,21400.0,2.0,0.5889660864738319,106.63936503077639,108.19999999999999,-574.7125370074967,True,False,2023-12-28,496.68078854631676,50
2024-02-21,22200.0,22350.0,22050.0,2.0,0.4050018696761431,113.09500941049282,120.6,-873.4457188619509,True,False,2024-02-22,498.19618938659227,50
2024-03-07,22500.0,22650.0,22350.0,1.0,0.6449117957036917,85.89404943630961,8.8,3360.90091905547,False,True,2024-03-07,493.80155276001113,50
2024-04-09,22700.0,22850.0,22550.0,2.0,0.5173181232515228,106.14997955931722,89.2,350.9154620294541,True,False,2024-04-10,496.5835159364066,50
2024-04-10,22700.0,22850.0,22550.0,1.0,0.3855441238875405,83.94717404969379,51.75,1116.2395117605072,False,True,2024-04-10,493.61919072418203,50
2024-04-24,22450.0,22600.0,22300.0,2.0,0.42658264367759174,106.1834799567905,91.30000000000001,247.57871882120395,True,False,2024-04-25,496.5952790183208,50
2024-05-22,22550.0,22700.0,22400.0,2.0,0.50847873922109,110.93361795721103,105.6,-209.8789366959402,True,False,2024-05-23,343.219385626216,25
2024-05-29,22750.0,22900.0,22600.0,2.0,0.5456994180072942,113.41255648173592,107.35,-191.97141924635562,True,False,2024-05-30,343.53533128975374,25
2024-06-12,23400.0,23550.0,23250.0,2.0,0.6243300710532286,115.62913805759945,110.19999999999999,-208.13652082574754,True,False,2024-06-13,343.864972265734,25
2024-07-03,24300.0,24450.0,24150.0,2.0,0.4797667303014507,111.83120432073247,103.75,-141.29499933960983,True,False,2024-07-04,343.3251073579215,25
2024-07-04,24350.0,24500.0,24200.0,1.0,0.6361543146975641,91.46001750509777,50.800000000000004,674.903475027209,False,True,2024-07-04,341.5969626002351,25
2024-07-31,24900.0,25050.0,24750.0,2.0,0.4328655525582629,114.68556343892578,106.64999999999998,-142.83446985418522,True,False,2024-08-01,343.72355582733036,25
2024-08-01,25000.0,25150.0,24850.0,1.0,0.47122003263172435,107.48509959554849,11.299999999999999,2061.802032376741,False,True,2024-08-01,342.8254575119715,25
2024-08-07,24250.0,24400.0,24100.0,2.0,0.4896951937477891,123.85160481601724,112.49999999999999,-61.748248499453666,True,False,2024-08-08,345.5383688998851,25
2024-08-13,24250.0,24400.0,24100.0,2.0,0.4162203182385716,118.9694624966196,111.39999999999998,-155.20371072415884,True,False,2024-08-14,344.4402731396494,25
2024-08-14,24150.0,24300.0,24000.0,1.0,0.4480455260209073,105.38808166132458,7.85,2095.831152251955,False,True,2024-08-14,342.62088928115946,25
2024-08-21,24750.0,24900.0,24600.0,2.0,0.36045851957138575,120.72721661968444,89.6,433.39086152903826,True,False,2024-08-22,344.7895539630729,25
2024-08-22,24850.0,25000.0,24700.0,1.0,0.29009296104966065,115.62273484315301,41.7,1504.2104379081313,False,True,2024-08-22,343.85793317069397,25
2024-09-04,25150.0,25300.0,25000.0,2.0,0.434261914566509,104.49313055421862,98.35,-188.9571390490091,True,False,2024-09-05,342.53540290447484,25
2024-09-05,25150.0,25300.0,25000.0,1.0,0.3771946716272425,119.80049480532671,6.200000000000001,2495.4064603039733,False,True,2024-09-05,344.60590982919456,25
2024-09-18,25500.0,25650.0,25350.0,2.0,0.4775149761500074,112.52979069371486,116.05000000000001,-431.4195140297379,True,False,2024-09-19,343.4142813726091,25
2024-09-25,25900.0,26050.0,25750.0,2.0,0.42890793131324434,108.71854306323348,101.55000000000001,-163.74446146702297,True,False,2024-09-26,342.95803804785976,25
2024-09-26,26100.0,26250.0,25950.0,1.0,0.4249380188866512,113.29790033527024,124.04999999999998,-612.3209145927472,False,True,2024-09-26,343.5184229745036,25
2024-10-03,25400.0,25550.0,25250.0,2.0,0.6282288965824917,130.8708296414843,144.3,-683.803930210449,False,True,2024-10-03,348.0746712475564,25
2024-10-09,25150.0,25300.0,25000.0,2.0,0.5974586400514748,126.04469509592491,126.14999999999999,-348.80571174796813,True,False,2024-10-10,346.17308914609106,25
2024-10-10,25050.0,25200.0,24900.0,1.0,0.32409872365399245,127.41829271189454,51.2,1558.8266186517437,False,True,2024-10-10,346.63069914561964,25
2024-10-16,24950.0,25100.0,24800.0,2.0,0.49269905225588345,128.1640419606265,97.55000000000003,418.44708742273366,True,False,2024-10-17,346.90396159292794,25
2024-10-30,24450.0,24600.0,24300.0,2.0,0.44090913810491084,122.47994526268303,104.1,114.3130792877999,True,False,2024-10-31,345.185552279276,25
2024-11-14,23500.0,23650.0,23350.0,1.0,0.488738876228454,124.25805083334399,24.9,2138.2982729855985,False,True,2024-11-14,345.6529978480013,25
2024-12-11,24650.0,24800.0,24500.0,2.0,0.24884233080181742,131.11422747102733,86.10000000000001,2709.0624180542627,True,False,2024-12-12,667.0046422727869,75
2024-12-18,24200.0,24350.0,24050.0,2.0,0.47098766091049005,130.66836121855886,84.89999999999999,2766.2859034392004,True,False,2024-12-19,666.3411879527143,75
2024-12-19,23950.0,24100.0,23800.0,1.0,0.3191497965715477,126.35461332775958,2.8,8605.359035170022,False,True,2024-12-19,661.2369644119466,75
2025-01-01,23750.0,23900.0,23600.0,2.0,0.5091618699373964,130.73645805655178,121.0,63.78054477717251,True,False,2025-01-02,666.4538094642112,75
2025-01-08,23500.0,23650.0,23350.0,2.0,0.5853884416340787,130.2623132679073,125.34999999999998,-297.3532371072873,True,False,2025-01-09,665.7767322003365,75
2025-01-09,23550.0,23700.0,23400.0,1.0,0.622958742902995,110.08011226798953,30.4,5324.259860239977,False,True,2025-01-09,651.7485598592382,75
2025-01-15,23250.0,23400.0,23100.0,2.0,0.5890563703454674,113.20389049345613,78.35,1961.1231276300082,True,False,2025-01-16,652.9186593792019,75
2025-01-16,23300.0,23450.0,23150.0,1.0,0.586629206988751,102.95925951262325,5.3500000000000005,6671.084428511221,False,True,2025-01-16,649.6100349355231,75
2025-01-22,23050.0,23200.0,22900.0,2.0,0.55169430099412,121.04314045626506,103.94999999999999,625.0135850773927,True,False,2025-01-23,656.971949142488,75
2025-01-23,23250.0,23400.0,23100.0,1.0,0.5291515045575954,121.04097995408938,43.25,5177.3328010746845,False,True,2025-01-23,656.9906954820186,75
2025-01-29,23150.0,23300.0,23000.0,2.0,0.5517515702241295,126.66670819055253,127.39999999999998,-716.5050312347682,True,False,2025-01-30,661.5081455262094,75
2025-01-30,23300.0,23450.0,23150.0,1.0,0.4708761884969942,122.9814644174703,63.65,3791.539460476616,False,True,2025-01-30,658.3203708336569,75
2025-02-05,23750.0,23900.0,23600.0,2.0,0.25951532501507885,127.37140373488364,110.9,573.1124335376492,True,False,2025-02-06,662.2428465786236,75
2025-02-20,22900.0,23050.0,22750.0,1.0,0.4772985834436111,104.77124369198918,13.45,6199.008191017597,False,True,2025-02-20,650.0850858815921,75
2025-03-19,22900.0,23050.0,22750.0,2.0,0.34359956786861934,123.72433481736334,104.1,812.9097178114507,True,False,2025-03-20,658.9153934908004,75
2025-03-20,23100.0,23250.0,22950.0,1.0,0.3444569426725306,119.43937741433183,95.75,1120.730120216127,False,True,2025-03-20,655.9731858587601,75
2025-04-02,23300.0,23450.0,23150.0,2.0,0.5458328088385761,121.30902888839773,92.75,1484.7799046916587,True,False,2025-04-03,657.1472619381714,75
2025-04-09,22450.0,22600.0,22300.0,1.0,0.35213539679775413,119.83531005033728,51.4,4476.431012616769,False,True,2025-04-09,656.2172411585273,75
2025-04-16,23350.0,23500.0,23200.0,2.0,0.4271705203212907,115.60560811803771,95.94999999999997,820.1923024195826,True,False,2025-04-17,653.9783064332473,75
2025-04-24,24250.0,24400.0,24100.0,1.0,0.39622220023483334,114.03896846545558,5.3999999999999995,7494.642684392402,False,True,2025-04-24,653.2799505167671,75
2025-04-29,24350.0,24500.0,24200.0,2.0,0.6216460301674582,119.82037229524576,75.6,2660.32790295588,True,False,2025-04-30,656.2000191875527,75
2025-04-30,24350.0,24500.0,24200.0,1.0,0.37666299257392666,120.47489299059544,15.7,7201.492915333097,False,True,2025-04-30,656.624058961561,75
2025-05-08,24400.0,24550.0,24250.0,1.0,0.5183147106767195,86.19316940876206,102.35000000000001,-1858.1137493784456,False,True,2025-05-08,646.3514550355994,75
2025-05-14,24650.0,24800.0,24500.0,2.0,0.4486027761915893,130.20379935721758,105.05000000000001,1220.8450784835634,True,False,2025-05-15,665.6898733077539,75
2025-05-22,24550.0,24700.0,24400.0,1.0,0.6105714013530152,119.02847034958813,55.99999999999999,4071.3827111753353,False,True,2025-05-22,655.7525650437756,75
2025-05-28,24800.0,24950.0,24650.0,2.0,0.34561952838572746,127.7741093909026,114.45,336.6290836481214,True,False,2025-05-29,662.679120669573,75
2025-05-29,24750.0,24900.0,24600.0,1.0,0.5733996610529728,118.56676144443281,52.800000000000004,4277.02437136621,False,True,2025-05-29,655.4827369662501,75
2025-06-04,24600.0,24750.0,24450.0,2.0,0.2751247517720283,122.84558861528967,95.2,1415.1877494293017,True,False,2025-06-05,658.2313967174235,75
2025-06-11,25200.0,25350.0,25050.0,2.0,0.5353097614811463,118.91297937211584,100.05,759.0437427237948,True,False,2025-06-12,655.6797101848936,75
2025-06-19,24800.0,24950.0,24650.0,1.0,0.5958066336873225,104.2573797985051,5.05,6790.60481564576,False,True,2025-06-19,649.948669242122,75
2025-06-25,25200.0,25350.0,25050.0,2.0,0.33012188924378827,121.96591088974492,95.1,1357.3340918128513,True,False,2025-06-26,657.6092249180181,75
2025-07-09,25550.0,25700.0,25400.0,2.0,0.30945881689035065,117.54282244935712,93.35000000000001,1159.53403367265,True,False,2025-07-10,654.9276500291332,75
2025-07-23,25150.0,25300.0,25000.0,2.0,0.5168950787609558,105.41165757141061,89.39999999999999,550.6001647823348,True,False,2025-07-24,650.274153073462,75
2025-08-07,24450.0,24600.0,24300.0,1.0,0.4771352695927207,119.53769925259166,122.7,-893.2060585699186,False,True,2025-08-07,656.0335025142932,75
2025-08-13,24600.0,24750.0,24450.0,2.0,0.3678364021155399,115.44356446723214,90.19999999999999,1239.3574450053115,True,False,2025-08-14,653.9098900370996,75
2025-08-14,24650.0,24800.0,24500.0,1.0,0.22604165663292378,118.0611754856127,16.150000000000002,6988.128645621345,False,True,2025-08-14,655.2095157996075,75
2025-08-20,25050.0,25200.0,24900.0,2.0,0.6147414660042909,109.8691568764425,79.35,1637.2735763319715,True,False,2025-08-21,651.6631894012165,75
2025-08-21,25100.0,25250.0,24950.0,1.0,0.30284410365416303,117.10112815084813,15.099999999999998,6995.369364168169,False,True,2025-08-21,654.7152471454406,75
2025-09-08,24850.0,25000.0,24700.0,4.0,0.25471282170238635,127.9641478031117,83.80000000000001,2649.4311608640746,True,False,2025-09-09,662.8799243693018,75
2025-09-09,24850.0,25000.0,24700.0,1.0,0.46570863987645106,85.22301326601928,16.65,4496.765833959024,False,True,2025-09-09,646.2101609924209,75
2025-09-15,25100.0,25250.0,24950.0,4.0,0.23097083900362625,126.35564363387675,70.85,3501.6960099187363,True,False,2025-09-16,661.2272626220202,75
2025-09-16,25200.0,25350.0,25050.0,1.0,0.4344849914964386,117.27399982725547,29.849999999999998,5902.006357270037,False,True,2025-09-16,654.7936297741226,75
2025-09-22,25300.0,25450.0,25150.0,4.0,0.40891697928299214,124.3870300920189,88.20000000000002,2054.586436219557,True,False,2025-09-23,659.4408206818596,75
2025-10-13,25200.0,25350.0,25050.0,4.0,0.398671298767647,116.87130279112989,87.9,1518.2667123513702,True,False,2025-10-14,654.5809969833713,75
2025-11-03,25700.0,25850.0,25550.0,4.0,0.5868873807857355,115.86424801406702,104.54999999999998,194.4623053853678,True,False,2025-11-04,654.1062956696596,75
2025-11-04,25650.0,25800.0,25500.0,1.0,0.29648525836441497,128.4909665279174,49.65,5249.5506099806935,False,True,2025-11-04,663.5218796131124,75
2025-11-10,25650.0,25800.0,25500.0,4.0,0.4846070256938809,125.48789344235774,89.89999999999999,2008.7021486500064,True,False,2025-11-11,660.3898595268249,75
2025-11-17,26000.0,26150.0,25850.0,4.0,0.1837059270430832,131.07697016609563,96.15,1952.60003831544,True,False,2025-11-18,666.9227241417321,75
2025-11-18,25950.0,26100.0,25800.0,1.0,0.617393186930903,110.58775645429068,31.15,5305.910902035341,False,True,2025-11-18,651.9208320364609,75
2025-11-24,26100.0,26250.0,25950.0,4.0,0.39376323398981333,119.40679122402526,100.0,799.5543991423308,True,False,2025-11-25,655.9549426595634,75
2025-12-02,26050.0,26200.0,25900.0,1.0,0.24861112243604483,128.07873590558484,25.55,7026.607642374565,False,True,2025-12-02,663.0475505442973,75
2025-12-08,26000.0,26150.0,25850.0,4.0,0.3768141451518579,132.59133584239498,96.39999999999999,2044.8977039077026,True,False,2025-12-09,669.4524842719215,75
2025-12-15,26050.0,26200.0,25900.0,4.0,0.31672861184259815,130.64640170499115,89.55000000000001,2415.9453559064577,True,False,2025-12-16,666.2847719678778,75
2025-12-16,25900.0,26050.0,25750.0,1.0,0.29769626121862225,123.07871474020158,28.75,6416.238335156983,False,True,2025-12-16,658.415270358135,75
2025-12-22,26150.0,26300.0,26000.0,4.0,0.2839577500315573,129.86148605310154,83.14999999999999,2838.1559125944923,True,False,2025-12-23,665.2055413881242,75
2025-12-23,26150.0,26300.0,26000.0,1.0,0.2527997900907245,121.31303348716665,30.099999999999998,6183.806260556772,False,True,2025-12-23,657.1712509807269,75
2025-12-29,25950.0,26100.0,25800.0,4.0,0.5007066124930372,124.61213685212351,79.05000000000001,2757.5167947435434,True,False,2025-12-30,659.643469165719,75
2025-12-30,25900.0,26050.0,25750.0,1.0,0.33074853812300065,116.66722111522722,37.6,4546.975342652993,False,True,2025-12-30,592.3940298367756,65
2026-01-05,26350.0,26500.0,26200.0,4.0,0.26030946584752157,131.97108226020464,106.15,1073.9629828366142,True,False,2026-01-06,604.407364076687,65
2026-01-12,25700.0,25850.0,25550.0,4.0,0.5764970067062616,130.99003317289316,106.50000000000001,988.7747755982394,True,False,2026-01-13,603.0773806398153,65
2026-01-13,25700.0,25850.0,25550.0,1.0,0.5011115634910815,124.7313313484483,37.3,5086.084919552814,False,True,2026-01-13,596.9516180963249,65
2026-01-19,25550.0,25700.0,25400.0,4.0,0.6257627014983408,120.5306992461501,93.45000000000002,1165.9870290443678,True,False,2026-01-20,594.258421955388,65
2026-01-20,25450.0,25600.0,25300.0,1.0,0.5086317012118964,119.34738841480794,151.35000000000002,-2673.8062306161196,False,True,2026-01-20,593.6364775786341,65
2026-02-10,25950.0,26100.0,25800.0,1.0,0.4843259747055577,106.79878535832813,12.250000000000002,5556.578476982773,False,True,2026-02-10,589.0925713085556,65
2026-02-23,25650.0,25800.0,25500.0,4.0,0.537262196399066,122.09073862567493,106.29999999999998,431.22215847496545,True,False,2026-02-24,595.1758521939062,65
2026-03-09,23850.0,24000.0,23700.0,4.0,0.5881203476195979,132.95905817747735,136.75,-852.3354352693268,True,False,2026-03-10,605.9242168053543,65
2026-03-10,24150.0,24300.0,24000.0,1.0,0.4921715425539552,127.98731792963918,97.85,1359.2105218115505,False,True,2026-03-10,599.7151436149964,65
2026-03-30,22500.0,22650.0,22350.0,3.0,0.5835410493818616,132.57409135760463,146.85,-1533.2761779192808,False,True,2026-03-30,605.3421161635821,65
2026-04-06,22650.0,22800.0,22500.0,5.0,0.46963504422753705,136.1633614758448,135.8,-588.6706832314749,True,False,2026-04-07,612.2891791613858,65
2026-04-20,24450.0,24600.0,24300.0,4.0,0.6064434511545947,130.2569935859574,116.05000000000001,321.277078841154,True,False,2026-04-21,602.1775042460756,65
2026-04-27,24100.0,24250.0,23950.0,4.0,0.47214496549611107,129.22584273214488,108.75000000000003,729.9707850494633,True,False,2026-04-28,600.9589925399523,65
2026-05-04,24100.0,24250.0,23950.0,5.0,0.5961734223108859,130.3777979922652,114.64999999999999,419.989339121484,True,False,2026-05-05,602.3175303757537,65
2026-05-11,23900.0,24050.0,23750.0,4.0,0.3858764325425811,129.32881988655208,110.70000000000002,609.7570401794462,True,False,2026-05-12,601.116252446438,65
2026-05-19,23750.0,23900.0,23600.0,1.0,0.5837293503211379,108.08447433190213,120.30000000000001,-1383.4406141863594,False,True,2026-05-19,589.4314457599971,65
2026-05-25,23950.0,24100.0,23800.0,4.0,0.2561570944328879,123.55794304917526,108.35000000000001,392.3935460463605,True,False,2026-05-26,596.1227521500311,65
2026-06-08,23200.0,23350.0,23050.0,4.0,0.573244758643962,122.71169895919229,110.75,181.93604807956592,True,False,2026-06-09,595.5743842679329,65
2026-06-15,23900.0,24050.0,23750.0,4.0,0.3721259064819709,126.33537408164466,106.75000000000003,674.8318532186847,True,False,2026-06-16,598.2174620882163,65
2026-06-16,23900.0,24050.0,23750.0,1.0,0.4382379082530022,103.28477739153323,86.65,493.0160687398486,False,True,2026-06-16,588.2444617098106,65
2026-06-22,24100.0,24250.0,23950.0,4.0,0.42021723296921654,116.98089211601746,94.15,891.4625390495386,True,False,2026-06-23,592.5454484915957,65
2026-07-06,24450.0,24600.0,24300.0,4.0,0.4995458450597024,127.13124724741101,89.64999999999999,1837.374744835373,True,False,2026-07-07,598.9063262463432,65
2026-07-20,24200.0,24350.0,24050.0,4.0,0.3697325602668338,125.25166768627241,103.39999999999999,823.0373603117113,True,False,2026-07-21,597.321039295996,65
2026-07-27,23950.0,24100.0,23800.0,4.0,0.34914318406059136,117.94688998125093,97.94999999999999,706.8220000114611,True,False,2026-07-28,592.9758487698502,65
2026-07-28,24000.0,24150.0,23850.0,1.0,0.565748932793281,85.40410236341859,27.8,3159.019555166664,False,True,2026-07-28,585.2470984555446,65
2026-08-03,24600.0,24750.0,24450.0,4.0,0.2876034915890703,126.98741757175958,85.35,2107.6601858896342,True,False,2026-08-04,598.7719562747388,65
2026-08-10,24600.0,24750.0,24450.0,4.0,0.49972866169816693,116.13317035258933,102.85000000000001,271.2306734011486,True,False,2026-08-11,592.1753995171574,65
2026-09-01,24100.0,24250.0,23950.0,1.0,0.5380717597300458,110.83163551346934,43.7,3773.3039525006293,False,True,2026-09-01,590.2523558748776,65
2026-09-07,23750.0,23900.0,23600.0,4.0,0.45528787658867953,124.84459611019338,95.10000000000001,1336.360043052393,True,False,2026-09-08,597.0387041101764,65
2026-09-21,23400.0,23550.0,23250.0,4.0,0.44514735674193495,121.95428784376054,97.85,971.6787169515754,True,False,2026-09-22,595.0999928928601,65
