date,spot_entry,strike_long,strike_short,strike_wing,lot_size,dte_days,net_credit,max_profit,exit_reason,bars_held,gross_pnl,friction,net_pnl,win,cum_net,peak,drawdown
2021-03-31,14743.2,14450.0,14150.0,13700.0,75,6.0,-33.109374398027896,266.8906256019721,EOD,71,271.2743013109087,1093.3772401276342,-822.1029388167256,False,-822.1029388167256,-822.1029388167256,0.0
2021-04-08,14928.0,14800.0,14650.0,14350.0,75,1.0,-16.13505243100076,133.86494756899924,EOD,71,-932.9888468708054,1093.0494524482688,-2026.0382993190742,False,-2848.1412381357995,-822.1029388167256,-2026.038299319074
2021-04-15,14548.5,14450.0,14300.0,14050.0,75,2.0,-19.139565822688866,130.86043417731113,EOD,71,-353.28668980310323,1093.3300553135882,-1446.6167451166914,False,-4294.757983252491,-822.1029388167256,-3472.6550444357654
2021-05-06,14647.0,14600.0,14400.0,14150.0,75,1.0,-37.82421515569763,162.17578484430237,EOD,71,-2805.000348957677,1094.4182449932746,-3899.4185939509516,False,-8194.176577203441,-822.1029388167256,-7372.073638386716
2021-05-10,14927.8999,14750.0,14500.0,14150.0,75,5.0,-33.40022777062876,216.59977222937124,EOD,71,-156.29806052168044,1093.9021177578725,-1250.2001782795528,False,-9444.376755482994,-822.1029388167256,-8622.273816666268
2021-05-11,14806.7999,14900.0,14700.0,14450.0,75,2.0,-47.309747928008164,152.69025207199184,EOD,71,697.0785103765522,1104.1916655107507,-407.11315513419845,False,-9851.489910617192,-822.1029388167256,-9029.386971800466
2021-06-03,15659.2999,15550.0,15450.0,15300.0,75,1.0,-10.047759643724731,89.95224035627527,EOD,71,-753.5819732793549,1090.6815809680495,-1844.2635542474045,False,-11695.753464864596,-822.1029388167256,-10873.65052604787
2021-10-22,18251.5508,18150.0,18100.0,18000.0,50,0.0,-2.565181393810974,47.434818606189026,STOP,46,49.20646488002092,789.1192144896518,-739.9127496096309,False,-12435.666214474228,-822.1029388167256,-11613.563275657501
2021-11-30,17164.1992,16950.0,16700.0,16350.0,50,3.0,-30.05982764849543,219.94017235150457,EOD,71,1037.8590765926574,791.7275180162402,246.1315585764172,True,-12189.53465589781,-822.1029388167256,-11367.431717081085
2021-12-01,17173.3496,16900.0,16700.0,16400.0,50,2.0,-15.934492982501638,184.06550701749836,EOD,71,-310.7997843295754,790.0785872517752,-1100.8783715813506,False,-13290.41302747916,-822.1029388167256,-12468.310088662434
2021-12-02,17229.9004,17150.0,17000.0,16750.0,50,1.0,-21.152040576561035,128.84795942343897,EOD,71,-1057.6020288280517,791.6861106940762,-1849.288139522128,False,-15139.701167001289,-822.1029388167256,-14317.598228184563
2021-12-09,17505.0996,17450.0,17300.0,17100.0,50,1.0,-25.524690105701723,124.47530989429828,EOD,71,-1208.1543821692146,791.2060474757238,-1999.3604296449384,False,-17139.06159664623,-822.1029388167256,-16316.958657829502
2022-01-03,17472.1992,17300.0,17050.0,16700.0,50,6.0,-33.79697855286116,216.20302144713884,EOD,71,-772.4885451066673,792.1575530156738,-1564.646098122341,False,-18703.70769476857,-822.1029388167256,-17881.604755951845
2022-01-05,17821.0996,17750.0,17600.0,17350.0,50,2.0,-20.54503782456004,129.45496217543996,EOD,71,-553.8866636077421,792.5837378365741,-1346.4704014443162,False,-20050.178096212887,-822.1029388167256,-19228.07515739616
2022-02-28,16459.6992,16450.0,16050.0,15450.0,50,6.0,-70.82449595155504,329.17550404844496,EOD,71,-1171.010171321258,803.4069770006613,-1974.4171483219193,False,-22024.595244534805,-822.1029388167256,-21202.49230571808
2022-03-02,16613.3496,16600.0,16200.0,15650.0,50,3.0,-78.96088915934831,321.0391108406517,EOD,71,550.908541669429,800.8337208303749,-249.92517916094585,False,-22274.52042369575,-822.1029388167256,-21452.417484879024
2022-03-04,16253.0,16500.0,16450.0,16400.0,50,0.0,-0.0033302288411505288,49.99666977115885,STOP,1,-0.13942441801191308,820.936613226231,-821.0760376442429,False,-23095.596461339992,-822.1029388167256,-22273.493522523266
2022-03-21,17277.5996,17300.0,17250.0,17150.0,50,0.0,-9.45901512847638,40.54098487152362,STOP,8,-42.58712147961319,791.3516144410196,-833.9387359206328,False,-23929.535197260626,-822.1029388167256,-23107.4322584439
2022-04-04,17842.6504,17550.0,17350.0,16950.0,50,6.0,-15.083349900109852,184.91665009989015,EOD,71,-451.3745989634108,791.5467136261213,-1242.9213125895321,False,-25172.45650985016,-822.1029388167256,-24350.353571033433
2022-04-07,17736.6992,17800.0,17650.0,17400.0,50,1.0,-27.604741507024755,122.39525849297524,STOP,59,2274.762425299619,796.9657229108548,1477.796702388764,True,-23694.659807461394,-822.1029388167256,-22872.556868644668
2022-04-22,17210.5996,17400.0,17350.0,17300.0,50,0.0,-0.23999487156470423,49.760005128435296,STOP,1,-6.242873130031512,811.5412083235558,-817.7840814535873,False,-24512.443888914982,-822.1029388167256,-23690.340950098256
2022-08-04,17464.5996,17350.0,17200.0,17000.0,50,1.0,-18.736279909492453,131.26372009050755,EOD,71,-556.060727196637,790.1310991407626,-1346.1918263373996,False,-25858.63571525238,-822.1029388167256,-25036.532776435655
2022-08-10,17512.0996,17450.0,17250.0,16950.0,50,3.0,-32.47138259960349,167.5286174003965,EOD,71,-9.82686833772135,793.7169198969998,-803.5437882347212,False,-26662.179503487103,-822.1029388167256,-25840.076564670377
2022-08-18,17915.3008,17900.0,17800.0,17600.0,50,1.0,-11.737183553518548,88.26281644648145,EOD,71,-519.8368623465592,793.081188987941,-1312.9180513345002,False,-27975.097554821605,-822.1029388167256,-27152.99461600488
2022-08-29,17192.4492,17500.0,17200.0,16800.0,50,6.0,-60.89282899185764,239.10717100814236,EOD,71,641.8947793796292,816.8049956034354,-174.91021622380617,False,-28150.00777104541,-822.1029388167256,-27327.904832228684
2022-09-01,17553.8496,17700.0,17550.0,17300.0,50,2.0,-10.067079623974223,139.93292037602578,STOP,54,520.5798529606454,805.9316424331191,-285.3517894724737,False,-28435.359560517885,-822.1029388167256,-27613.25662170116
2022-10-06,17374.5,17200.0,17050.0,16800.0,50,2.0,-14.0810207651881,135.9189792348119,EOD,71,36.99611666065383,790.2595037497344,-753.2633870890807,False,-29188.622947606968,-822.1029388167256,-28366.52000879024
2022-11-01,18100.4492,17950.0,17750.0,17400.0,50,3.0,-24.398792895004334,175.60120710499567,EOD,71,-234.7125308767069,792.1549030979756,-1026.8674339746826,False,-30215.49038158165,-822.1029388167256,-29393.387442764924
2022-11-02,18130.6992,18100.0,17900.0,17600.0,50,2.0,-34.934812216044406,165.0651877839556,EOD,71,716.7984604611377,794.5669315995821,-77.7684711384444,False,-30293.258852720093,-822.1029388167256,-29471.155913903367
2022-11-03,18020.4492,18050.0,17850.0,17600.0,50,1.0,-43.299962748532835,156.70003725146717,EOD,71,-905.3585402499402,796.0931511106688,-1701.451691360609,False,-31994.710544080703,-822.1029388167256,-31172.607605263976
2022-11-10,18069.6504,18150.0,18000.0,17800.0,50,1.0,-33.617616379289984,116.38238362071002,STOP,37,834.9822683978232,797.346628099897,37.635640297926216,True,-31957.074903782777,-822.1029388167256,-31134.97196496605
2022-11-16,18379.9004,18400.0,18250.0,18000.0,50,2.0,-25.7949653264144,124.2050346735856,EOD,71,320.6109499110049,795.2488709415916,-474.63792103058665,False,-32431.712824813363,-822.1029388167256,-31609.609885996637
2022-11-17,18381.25,18400.0,18250.0,18050.0,50,1.0,-33.93249743081344,116.06750256918656,EOD,71,2099.670577084654,793.2294918923893,1306.4410851922644,True,-31125.271739621097,-822.1029388167256,-30303.16880080437
2022-11-28,18500.0508,18500.0,18250.0,17850.0,50,6.0,-41.09010581835378,208.90989418164622,EOD,71,42.0008527754419,798.7837676849491,-756.7829149095072,False,-31882.054654530606,-822.1029388167256,-31059.95171571388
2022-11-29,18605.0996,18550.0,18300.0,17950.0,50,3.0,-43.50320642507711,206.4967935749229,EOD,71,160.2500390092473,795.4459341856775,-635.1958951764302,False,-32517.250549707038,-822.1029388167256,-31695.14761089031
2022-12-01,18866.9492,18750.0,18550.0,18250.0,50,1.0,-28.191107841291398,171.8088921587086,EOD,71,-1035.5202216079017,792.2809417649228,-1827.8011633728245,False,-34345.05171307986,-822.1029388167256,-33522.94877426314
2022-12-14,18654.6504,18600.0,18400.0,18100.0,50,2.0,-33.04791724986262,166.95208275013738,EOD,71,93.21489105607697,793.9027158467155,-700.6878247906386,False,-35045.7395378705,-822.1029388167256,-34223.636599053774
2022-12-15,18631.5996,18650.0,18500.0,18250.0,50,1.0,-21.182846586861615,128.81715341313839,STOP,62,2461.7546495424067,796.6135459103609,1665.1411036320458,True,-33380.598434238455,-822.1029388167256,-32558.49549542173
2023-03-06,17728.0,17550.0,17400.0,17100.0,50,6.0,-12.885675096256023,137.11432490374398,EOD,71,80.47131558836753,791.4247422599768,-710.9534266716093,False,-34091.55186091006,-822.1029388167256,-33269.44892209334
2023-03-09,17768.0508,17750.0,17600.0,17450.0,50,1.0,-32.256576945817756,117.74342305418224,TARGET,63,3085.7730895897844,791.4957046525371,2294.277384937247,True,-31797.274475972816,-822.1029388167256,-30975.17153715609
2023-04-03,17377.4004,17300.0,17100.0,16700.0,50,6.0,-22.34439561178914,177.65560438821086,EOD,71,143.22332293918691,796.0412798780992,-652.8179569389123,False,-32450.09243291173,-822.1029388167256,-31627.989494095003
2023-04-05,17455.1504,17350.0,17200.0,16950.0,50,3.0,-17.476207096267785,132.52379290373221,EOD,71,-307.12645405968783,792.4791561542124,-1099.6056102139003,False,-33549.69804312563,-822.1029388167256,-32727.595104308904
2023-04-06,17522.4492,17550.0,17400.0,17200.0,50,1.0,-31.60032375108426,118.39967624891574,EOD,71,-1318.1298223976478,794.6493997935165,-2112.779222191164,False,-35662.4772653168,-822.1029388167256,-34840.374326500074
2023-05-02,18135.150390625,18000.0,17850.0,17650.0,50,6.0,-17.519104184648086,132.48089581535191,EOD,71,-58.43008303581456,790.7075923298942,-849.1376753657087,False,-36511.614940682506,-822.1029388167256,-35689.51200186578
2023-05-29,18622.45,18450.0,18250.0,17950.0,50,6.0,-23.58810971704588,176.41189028295412,EOD,71,96.15021664331778,791.4330911577488,-695.282874514431,False,-37206.897815196935,-822.1029388167256,-36384.79487638021
2023-05-30,18617.35,18550.0,18400.0,18150.0,50,3.0,-18.204646464660073,131.79535353533993,EOD,71,140.6965270017622,793.8938016592407,-653.1972746574785,False,-37860.09508985441,-822.1029388167256,-37037.99215103769
2023-06-07,18648.8,18600.0,18450.0,18250.0,50,2.0,-25.1003153490351,124.8996846509649,EOD,71,-553.6361231470581,792.2566548565064,-1345.8927780035647,False,-39205.98786785798,-822.1029388167256,-38383.884929041255
2023-06-15,18731.7,18750.0,18650.0,18450.0,50,1.0,-9.82650730645446,90.17349269354554,TARGET,71,2423.013795316606,794.9405348992168,1628.073260417389,True,-37577.91460744059,-822.1029388167256,-36755.811668623865
2023-07-03,19275.85,19150.0,18950.0,18650.0,50,6.0,-27.117833678272575,172.88216632172742,EOD,71,-159.86174650574156,792.4610732662837,-952.3228197720252,False,-38530.23742721261,-822.1029388167256,-37708.13448839589
2023-09-04,19508.8,19400.0,19200.0,18900.0,50,6.0,-28.595588582153937,171.40441141784606,EOD,71,-63.629825588087385,792.6814403401745,-856.311265928262,False,-39386.548693140874,-822.1029388167256,-38564.44575432415
2023-11-17,19739.25,19800.0,19750.0,19700.0,50,0.0,-14.044643975563304,35.955356024436696,STOP,54,116.15867647660707,794.098208523596,-677.9395320469889,False,-40064.488225187866,-822.1029388167256,-39242.38528637114
2023-12-04,20528.6,20200.0,19950.0,19550.0,50,6.0,-21.47130503973051,228.5286949602695,EOD,71,-532.2485742636252,791.016056630817,-1323.2646308944422,False,-41387.75285608231,-822.1029388167256,-40565.64991726559
2023-12-21,21046.3,21100.0,20950.0,20700.0,50,1.0,-19.741089133524156,130.25891086647584,EOD,71,-985.9049693084133,798.6950387049703,-1784.6000080133836,False,-43172.352864095694,-822.1029388167256,-42350.24992527897
2024-01-11,21720.45,21650.0,21500.0,21300.0,50,1.0,-23.417541994444548,126.58245800555545,EOD,71,-116.58958615704992,791.3963646354713,-907.9859507925212,False,-44080.338814888215,-822.1029388167256,-43258.23587607149
2024-03-04,22424.95,22250.0,21950.0,21450.0,50,6.0,-38.87167623147474,261.12832376852526,EOD,71,195.7615011076996,795.9452281921189,-600.1837270844193,False,-44680.522541972634,-822.1029388167256,-43858.41960315591
2024-03-05,22357.8,22350.0,22050.0,21600.0,50,3.0,-54.69266523133001,245.30733476867,EOD,71,501.8544239077812,798.893900179821,-297.0394762720398,False,-44977.56201824467,-822.1029388167256,-44155.45907942795
2024-03-06,22302.65,22300.0,22100.0,21750.0,50,2.0,-25.854887615755842,174.14511238424416,EOD,71,-202.56604761242977,798.4806603113693,-1001.0467079237991,False,-45978.60872616847,-822.1029388167256,-45156.50578735175
2024-03-07,22502.6,22500.0,22300.0,22000.0,50,1.0,-37.783820823427504,162.2161791765725,EOD,71,-609.4659032920526,795.1273279862796,-1404.5932312783323,False,-47383.20195744681,-822.1029388167256,-46561.099018630084
2024-04-09,22707.3,22650.0,22450.0,22100.0,50,2.0,-29.626785836111367,170.37321416388863,EOD,71,795.955470674518,794.6319238157133,1.3235468588046615,True,-47381.878410588004,-822.1029388167256,-46559.77547177128
2024-04-10,22697.5,22650.0,22450.0,22200.0,50,1.0,-37.29541735264581,162.7045826473542,EOD,71,-1809.8197232266634,792.7530222555772,-2602.572745482241,False,-49984.451156070245,-822.1029388167256,-49162.34821725352
2024-04-30,22695.1,22600.0,22400.0,22050.0,25,3.0,-25.053149839886373,174.94685016011363,EOD,71,277.97899560456756,491.77556603575476,-213.7965704311872,False,-50198.24772650143,-822.1029388167256,-49376.14478768471
2024-05-02,22650.05,22600.0,22450.0,22150.0,25,2.0,-15.281145574591505,134.7188544254085,EOD,71,249.74297590446852,491.89119410676847,-242.14821820229994,False,-50440.395944703734,-822.1029388167256,-49618.29300588701
2024-07-29,24928.15,24800.0,24450.0,23950.0,25,6.0,-55.024032174979084,294.9759678250209,EOD,71,288.3102709465305,493.20657993312324,-204.89630898659271,False,-50645.29225369033,-822.1029388167256,-49823.189314873605
2024-08-07,24281.45,23950.0,23600.0,23000.0,25,2.0,-37.83192464734162,312.1680753526584,EOD,71,-166.25005135033462,491.64135451206346,-657.8914058623981,False,-51303.18365955273,-822.1029388167256,-50481.080720736005
2024-08-13,24328.0,24300.0,23950.0,23400.0,25,2.0,-59.57777448219133,290.42222551780867,EOD,71,1004.1560659316133,494.77150965820624,509.38455627340704,True,-50793.79910327932,-822.1029388167256,-49971.6961644626
2024-08-20,24626.85,24550.0,24250.0,23750.0,25,3.0,-44.35097960179246,255.64902039820754,EOD,71,33.708798489953296,493.61240530166526,-459.90360681171194,False,-51253.702710091035,-822.1029388167256,-50431.59977127431
2024-08-27,25023.3,25000.0,24750.0,24300.0,25,3.0,-34.71623768320762,215.28376231679238,EOD,71,267.4032690749897,493.92784517840903,-226.52457610341935,False,-51480.22728619445,-822.1029388167256,-50658.12434737773
2024-09-18,25393.0,25400.0,25100.0,24650.0,25,2.0,-52.66712844181484,247.33287155818516,EOD,71,458.51519277658923,494.62368101496315,-36.10848823837392,False,-51516.335774432824,-822.1029388167256,-50694.2328356161
2024-11-04,24115.1,24200.0,23650.0,22850.0,25,6.0,-100.05092665608572,449.9490733439143,EOD,71,382.40110147722817,501.29356359544806,-118.8924621182199,False,-51635.22823655105,-822.1029388167256,-50813.125297734325
2024-11-11,24060.0,24100.0,23700.0,23000.0,25,6.0,-53.407486198931565,346.59251380106843,EOD,71,207.84014952192535,499.2728657199316,-291.43271619800623,False,-51926.66095274905,-822.1029388167256,-51104.55801393233
2024-11-25,24288.1,23850.0,23250.0,22350.0,75,6.0,-78.69258926173018,521.3074107382698,EOD,71,521.4764296968794,1103.5906887365318,-582.1142590396523,False,-52508.77521178871,-822.1029388167256,-51686.672272971984
2024-12-02,24037.5,24150.0,23650.0,22900.0,75,6.0,-87.6116454672233,412.3883545327767,EOD,71,-122.09335458043711,1126.5504742539665,-1248.6438288344036,False,-53757.419040623114,-822.1029388167256,-52935.31610180639
2024-12-03,24315.0,24350.0,23650.0,22650.0,75,3.0,-132.84954477850238,567.1504552214976,EOD,71,601.8966904304932,1128.3295428722374,-526.4328524417442,False,-54283.85189306486,-822.1029388167256,-53461.748954248134
2024-12-04,24479.55,24350.0,24050.0,23600.0,75,2.0,-44.680421674572926,255.31957832542707,EOD,71,404.71696445563873,1099.6300643644213,-694.9130999087826,False,-54978.764992973636,-822.1029388167256,-54156.662054156914
2025-01-20,23226.95,23150.0,22750.0,22150.0,75,6.0,-64.60709638120704,335.39290361879296,EOD,71,-329.55586644836217,1108.4760604206567,-1438.031926869019,False,-56416.79691984266,-822.1029388167256,-55594.693981025935
2025-01-30,23158.2,23150.0,22600.0,21850.0,75,1.0,-105.70993990506099,444.290060094939,EOD,71,-5311.961153771715,1116.5497605507794,-6428.5109143224945,False,-62845.307834165156,-822.1029388167256,-62023.204895348434
2025-02-03,23261.5,23500.0,22850.0,21800.0,75,6.0,-102.08219544577855,547.9178045542214,EOD,71,1326.2424617720512,1148.0088592034317,178.23360256861952,True,-62667.07423159654,-822.1029388167256,-61844.97129277982
2025-03-18,22610.45,22500.0,22150.0,21550.0,75,3.0,-47.53000726997266,302.46999273002734,EOD,71,-798.7328317327253,1106.519783993343,-1905.2526157260684,False,-64572.326847322605,-822.1029388167256,-63750.22390850588
2025-04-08,22525.05,22050.0,21450.0,20650.0,75,2.0,-77.98267531734217,522.0173246826578,EOD,71,-936.1553202602238,1101.9036941535396,-2038.0590144137634,False,-66610.38586173637,-822.1029388167256,-65788.28292291965
2025-04-09,22412.35,22450.0,22100.0,21650.0,75,1.0,-72.46210188662621,277.5378981133738,EOD,71,48.443272681899074,1108.137692800757,-1059.6944201188578,False,-67670.08028185523,-822.1029388167256,-66847.97734303851
2025-05-08,24398.45,24350.0,24150.0,23850.0,75,1.0,-32.877241633060294,167.1227583669397,EOD,71,1452.3864709804275,1097.0973869427944,355.2890840376331,True,-67314.7911978176,-822.1029388167256,-66492.68825900088
2025-05-12,24562.45,23900.0,23350.0,22600.0,75,6.0,-50.47084463336549,499.52915536663454,EOD,71,-2172.895969904597,1094.316366327515,-3267.212336232112,False,-70582.00353404971,-822.1029388167256,-69759.90059523299
2025-05-13,24869.1,24900.0,24300.0,23350.0,75,3.0,-96.23871930672317,503.76128069327683,EOD,71,2704.8454595215844,1129.1915638817825,1575.653895639802,True,-69006.34963840991,-822.1029388167256,-68184.24669959319
2025-05-27,24876.2,24950.0,24450.0,23650.0,75,3.0,-81.77553919549496,418.22446080450504,EOD,71,2024.5397164460855,1124.8153546138767,899.7243618322088,True,-68106.6252765777,-822.1029388167256,-67284.52233776098
2025-06-16,24788.3,24600.0,24150.0,23500.0,75,6.0,-70.26635636029789,379.7336436397021,EOD,71,-1011.6139231233135,1103.8318474883185,-2115.445770611632,False,-70222.07104718934,-822.1029388167256,-69399.96810837262
2025-06-23,24930.95,25050.0,24650.0,24000.0,75,6.0,-63.403553150638345,336.59644684936166,EOD,71,750.8192427784479,1122.5493677944378,-371.73012501598987,False,-70593.80117220533,-822.1029388167256,-69771.69823338861
2025-06-24,25234.8,24950.0,24550.0,23950.0,75,3.0,-51.561906869011466,348.43809313098853,EOD,71,1629.3128031019762,1099.9683745546517,529.3444285473245,True,-70064.45674365801,-822.1029388167256,-69242.35380484129
2025-08-22,25022.25,25100.0,25050.0,25000.0,75,0.0,-14.785975816063,35.214024183937,STOP,1,-254.78449916399768,1098.417409418745,-1353.2019085827426,False,-71417.65865224076,-822.1029388167256,-70595.55571342404
2025-09-11,25002.35,25000.0,24650.0,24100.0,75,6.0,-59.42164633388029,290.5783536661197,EOD,71,492.9152033670732,1108.8513582246098,-615.9361548575366,False,-72033.5948070983,-822.1029388167256,-71211.49186828158
2025-10-03,24783.65,24850.0,24600.0,24250.0,75,6.0,-50.18586925686486,199.81413074313514,EOD,71,-203.22563008419365,1106.0598781839042,-1309.2855082680978,False,-73342.88031536639,-822.1029388167256,-72520.77737654967
2025-10-06,24927.5,24900.0,24700.0,24400.0,75,4.0,-33.615153597990115,166.38484640200988,EOD,71,-832.4786297584126,1098.4961354223421,-1930.9747651807547,False,-75273.85508054715,-822.1029388167256,-74451.75214173042
2025-10-17,25553.2,25600.0,25250.0,24750.0,75,4.0,-68.30945805000601,281.690541949994,EOD,71,-459.72480224521775,1109.63043139198,-1569.3552336371977,False,-76843.21031418434,-822.1029388167256,-76021.10737536762
2025-10-20,25903.25,25700.0,25400.0,24950.0,75,3.0,-39.65768017056877,260.34231982943123,EOD,71,516.6013721522205,1096.5830518306957,-579.9816796784752,False,-77423.19199386281,-822.1029388167256,-76601.08905504609
2025-10-24,25851.15,25950.0,25650.0,25200.0,75,5.0,-55.74811600820112,244.25188399179888,EOD,71,745.4439383904116,1112.2856497237751,-366.8417113333635,False,-77790.03370519617,-822.1029388167256,-76967.93076637945
2025-10-30,25982.05,26100.0,25600.0,24800.0,75,6.0,-82.78039073049308,417.2196092695069,EOD,71,964.1287613663962,1127.5953574139057,-163.46659604750948,False,-77953.50030124368,-822.1029388167256,-77131.39736242696
2025-11-20,26099.45,26000.0,25600.0,25000.0,75,6.0,-64.34880000699434,335.65119999300566,EOD,71,-305.70601221598537,1106.5884228833652,-1412.2944350993505,False,-79365.79473634303,-822.1029388167256,-78543.6917975263
2025-11-27,26250.85,26150.0,25800.0,25250.0,75,6.0,-53.11771251390553,296.88228748609447,EOD,71,525.4638983578587,1104.6598912108705,-579.1959928530117,False,-79944.99072919604,-822.1029388167256,-79122.88779037932
2026-01-29,25281.3,25300.0,24700.0,23850.0,65,6.0,-112.36949897456111,487.6305010254389,EOD,71,-12.478864570792325,997.9327118449747,-1010.4115764157671,False,-80955.4023056118,-822.1029388167256,-80133.29936679508
2026-02-23,25698.15,25550.0,25200.0,24700.0,65,4.0,-54.514817379927194,295.4851826200728,EOD,71,72.62029106169479,978.6871298501303,-906.0668387884355,False,-81861.46914440024,-822.1029388167256,-81039.36620558352
2026-03-05,24586.8,24250.0,23700.0,23100.0,65,6.0,-82.96253743586988,467.0374625641301,EOD,71,-826.7091242541878,983.4261368113837,-1810.1352610655715,False,-83671.60440546581,-822.1029388167256,-82849.50146664909
2026-03-06,24594.9,24650.0,24250.0,23650.0,65,5.0,-72.13224996618055,327.86775003381945,EOD,71,927.9630115983116,991.536572646325,-63.5735610480134,False,-83735.17796651383,-822.1029388167256,-82913.07502769711
2026-03-10,24150.7,24050.0,23400.0,22400.0,65,1.0,-108.42236344802927,541.5776365519707,EOD,71,-5480.563713394605,996.579929516859,-6477.143642911464,False,-90212.3216094253,-822.1029388167256,-89390.21867060858
2026-03-12,23564.5,23800.0,23050.0,21900.0,65,6.0,-131.5286327781714,618.4713672218286,EOD,71,1144.0342000226008,1022.0895328137515,121.9446672088493,True,-90090.37694221645,-822.1029388167256,-89268.27400339973
2026-03-13,23448.5,23600.0,22900.0,21850.0,65,5.0,-126.5999286018839,573.4000713981161,EOD,71,1442.1546207000813,1012.9470949463935,429.20752575368783,True,-89661.16941646276,-822.1029388167256,-88839.06647764603
2026-04-20,24340.25,24350.0,23800.0,22950.0,65,4.0,-95.64232294667977,454.35767705332023,EOD,71,815.254312833049,996.722440486886,-181.46812765383697,False,-89842.63754411659,-822.1029388167256,-89020.53460529986
2026-04-23,24202.45,24300.0,23700.0,22800.0,65,6.0,-107.83599364065162,492.1640063593484,EOD,71,947.6472799884345,1004.485482926868,-56.83820293843348,False,-89899.47574705502,-822.1029388167256,-89077.3728082383
2026-07-03,24302.9,24150.0,23850.0,23350.0,65,5.0,-38.58814500590222,261.4118549940978,EOD,71,381.2061548222124,979.746966463143,-598.5408116409307,False,-90498.01655869595,-822.1029388167256,-89675.91361987923
2026-07-10,24165.85,23950.0,23450.0,22650.0,65,5.0,-72.87802468161306,427.12197531838694,EOD,71,121.49729709510808,985.3333722074999,-863.8360751123919,False,-91361.85263380835,-822.1029388167256,-90539.74969499162
2026-07-20,24205.85,24300.0,23850.0,23200.0,65,4.0,-85.73172685583927,364.26827314416073,EOD,71,821.5254278893696,995.4599354310122,-173.9345075416427,False,-91535.78714135,-822.1029388167256,-90713.68420253327
2026-08-05,24636.5,24600.0,24150.0,23500.0,65,0.0,-83.49293852019139,366.5070614798086,EOD,71,-3493.2910038124874,986.5073877256108,-4479.798391538098,False,-96015.5855328881,-822.1029388167256,-95193.48259407138
2026-08-21,24237.55,24250.0,24000.0,23650.0,65,5.0,-46.73524680416813,203.26475319583187,EOD,71,344.5179204192783,981.1470970227738,-636.6291766034955,False,-96652.2147094916,-822.1029388167256,-95830.11177067488
2026-08-26,24316.95,24350.0,24100.0,23700.0,65,0.0,-43.647096697751294,206.3529033022487,EOD,71,1930.6887146462607,982.8373624057926,947.851352240468,True,-95704.36335725113,-822.1029388167256,-94882.26041843441
2026-09-02,23824.35,24050.0,23950.0,23850.0,65,0.0,-19.107896899329717,80.89210310067028,STOP,1,-331.2378344978879,996.9250501113321,-1328.1628846092199,False,-97032.52624186035,-822.1029388167256,-96210.42330304363
2026-09-17,23257.45,23150.0,22800.0,22300.0,65,6.0,-56.25635051114318,293.7436494888568,EOD,71,4.214333700646762,981.2412381194083,-977.0269044187615,False,-98009.55314627911,-822.1029388167256,-97187.45020746239
2026-09-18,23323.8,23250.0,22950.0,22500.0,65,5.0,-47.694816405078654,252.30518359492135,EOD,71,188.30297416350476,980.6691472566174,-792.3661730931126,False,-98801.91931937222,-822.1029388167256,-97979.8163805555
