date,sigma_gk_10d_t1,regime_elevated,cluster_active,size_fraction,net_pnl_full,net_pnl,cum_net,peak,drawdown,hedge_trades
2021-03-01,0.18006445907102944,False,False,1.0,340.7931526707563,340.7931526707563,340.7931526707563,340.7931526707563,0.0,3
2021-03-02,0.1828911346203563,False,False,1.0,85.03000044918247,85.03000044918247,425.82315311993875,425.82315311993875,0.0,5
2021-03-08,0.18964561041417963,False,False,1.0,455.9339884895478,455.93398848954774,881.7571416094866,881.7571416094866,0.0,4
2021-03-09,0.1730341403038931,False,False,1.0,2476.00062730913,2476.00062730913,3357.7577689186164,3357.7577689186164,0.0,4
2021-03-16,0.17344756506847708,False,False,1.0,2249.3602611483307,2249.3602611483307,5607.1180300669475,5607.1180300669475,0.0,2
2021-03-17,0.17377759103702245,False,False,1.0,2068.6695176248527,2068.6695176248527,7675.7875476918,7675.7875476918,0.0,4
2021-03-18,0.1788684088209882,False,False,1.0,630.3739039975242,630.3739039975242,8306.161451689324,8306.161451689324,0.0,8
2021-03-19,0.19571400185120671,True,False,0.5,-5979.070501732155,-3119.3352508660773,5186.826200823247,8306.161451689324,-3119.3352508660773,7
2021-04-05,0.18802725607249493,False,False,1.0,-2783.753619370332,-2783.753619370332,2403.0725814529146,8306.161451689324,-5903.08887023641,6
2021-04-13,0.18009943533396827,False,True,0.5,209.55866598922216,-13.220667005388918,2389.851914447526,8306.161451689324,-5916.309537241798,6
2021-04-29,0.15486610620545455,False,True,0.5,640.96153806179,202.48076903089498,2592.3326834784207,8306.161451689324,-5713.828768210904,6
2021-05-04,0.16198341063148292,False,False,1.0,-344.96426114301335,-344.96426114301335,2247.3684223354076,8306.161451689324,-6058.793029353917,6
2021-05-05,0.16789098958124024,False,False,1.0,1513.2654892337478,1513.2654892337478,3760.6339115691553,8306.161451689324,-4545.527540120169,7
2021-05-06,0.15127766923368377,False,False,1.0,4402.4271693718965,4402.4271693718965,8163.061080941052,8306.161451689324,-143.10037074827233,11
2021-05-07,0.14372478145770118,False,False,1.0,-4531.345235106708,-4531.345235106708,3631.715845834344,8306.161451689324,-4674.44560585498,23
2021-05-20,0.09735446953839165,False,False,1.0,1205.392257356369,1205.392257356369,4837.108103190712,8306.161451689324,-3469.0533484986117,8
2021-05-21,0.10203394286966513,False,False,1.0,-1597.381705017442,-1597.381705017442,3239.7263981732704,8306.161451689324,-5066.435053516054,5
2021-06-17,0.0951854099355363,False,False,1.0,1510.316862683531,1510.3168626835313,4750.043260856802,8306.161451689324,-3556.1181908325225,13
2021-07-09,0.08478422595460415,False,False,1.0,-7107.639740679519,-7107.639740679519,-2357.596479822717,8306.161451689324,-10663.757931512042,36
2021-07-16,0.08232443550668021,False,False,1.0,-2936.381978434155,-2936.381978434155,-5293.978458256872,8306.161451689324,-13600.139909946196,21
2021-09-01,0.09487353397133666,False,True,0.5,-299.63872149642225,-315.0193607482111,-5608.997819005083,8306.161451689324,-13915.159270694407,10
2021-09-07,0.08623881360578926,False,True,0.5,-104.94005953674036,-170.47002976837018,-5779.467848773454,8306.161451689324,-14085.629300462777,6
2021-09-08,0.08666349417898657,False,True,0.5,-108.93752143804954,-172.46876071902477,-5951.936609492478,8306.161451689324,-14258.098061181801,6
2021-09-14,0.08481091994800564,False,True,0.5,525.0264910847699,179.9132455423849,-5772.023363950093,8306.161451689324,-14078.184815639417,3
2021-09-17,0.07175604093388066,False,False,1.0,-3176.639187953081,-3176.639187953081,-8948.662551903173,8306.161451689324,-17254.824003592497,16
2021-09-21,0.09563643028214332,False,False,1.0,-276.5579131129041,-276.5579131129041,-9225.220465016077,8306.161451689324,-17531.381916705403,7
2021-09-22,0.10533108797967626,True,True,0.5,301.7539461452766,32.87697307263829,-9192.343491943438,8306.161451689324,-17498.50494363276,6
2021-09-23,0.10229934623177593,True,False,0.5,633.6906431305712,187.04532156528558,-9005.298170378153,8306.161451689324,-17311.45962206748,7
2021-09-24,0.10304021437754346,True,False,0.5,-2421.885495508531,-1364.3427477542657,-10369.64091813242,8306.161451689324,-18675.802369821744,9
2021-09-28,0.10660455998567901,True,False,0.5,-898.8746435646713,-579.2373217823356,-10948.878239914755,8306.161451689324,-19255.039691604077,7
2021-09-30,0.12829001786201027,True,True,0.5,1371.990799988473,508.99539999423655,-10439.882839920518,8306.161451689324,-18746.04429160984,11
2021-10-07,0.11703948604089667,True,False,0.5,3075.7517566886863,1408.075878344343,-9031.806961576174,8306.161451689324,-17337.9684132655,7
2021-10-13,0.09689693840040645,False,False,1.0,556.8164724880053,556.8164724880053,-8474.99048908817,8306.161451689324,-16781.151940777494,5
2021-10-14,0.09424140904142636,False,False,1.0,2471.404794964509,2471.404794964509,-6003.585694123661,8306.161451689324,-14309.747145812984,8
2021-10-19,0.08982648258175563,False,False,1.0,-1584.7081492042807,-1584.7081492042807,-7588.293843327941,8306.161451689324,-15894.455295017266,7
2021-10-20,0.09459833140140192,False,False,1.0,-527.2407001017497,-527.2407001017497,-8115.534543429691,8306.161451689324,-16421.695995119015,10
2021-10-21,0.1033107566362986,True,True,0.5,-440.9727869580895,-338.48639347904475,-8454.020936908737,8306.161451689324,-16760.182388598063,6
2021-10-22,0.10865694600299987,True,True,0.5,-6186.276930043434,-3376.338465021717,-11830.359401930455,8306.161451689324,-20136.52085361978,20
2021-10-26,0.12948672979135203,True,True,0.5,-849.0472238968714,-566.1236119484356,-12396.48301387889,8306.161451689324,-20702.644465568213,8
2021-11-12,0.1415647735682956,True,True,0.5,-4531.9141427421655,-2513.757071371083,-14910.240085249972,8306.161451689324,-23216.401536939295,17
2021-12-03,0.2009506324279628,True,True,0.5,-1587.340015777045,-888.0700078885225,-15798.310093138494,8306.161451689324,-24104.47154482782,4
2021-12-16,0.13913497911144654,False,True,0.5,1110.793679852432,413.796839926216,-15384.513253212279,8306.161451689324,-23690.674704901605,8
2021-12-17,0.13967810216276028,False,False,1.0,-1744.6319001366774,-1744.6319001366774,-17129.145153348956,8306.161451689324,-25435.30660503828,5
2021-12-21,0.1540188601926932,False,False,1.0,-468.7176754012239,-468.7176754012239,-17597.86282875018,8306.161451689324,-25904.024280439506,7
2021-12-22,0.15556044609802733,False,True,0.5,1508.4024106832803,659.8012053416401,-16938.061623408543,8306.161451689324,-25244.223075097867,4
2022-01-04,0.10641953870395848,False,False,1.0,-710.0842030262191,-710.0842030262191,-17648.14582643476,8306.161451689324,-25954.307278124084,7
2022-01-07,0.10567972520236017,False,False,1.0,-2795.8753517237583,-2795.8753517237583,-20444.021178158517,8306.161451689324,-28750.18262984784,19
2022-01-11,0.09073382191047173,False,True,0.5,1206.6900788287744,532.5450394143871,-19911.47613874413,8306.161451689324,-28217.637590433453,2
2022-01-12,0.09183984576997362,False,False,1.0,1559.8171400823055,1559.8171400823055,-18351.658998661824,8306.161451689324,-26657.820450351148,3
2022-01-13,0.0908340388665784,False,False,1.0,1555.6338178398091,1555.6338178398091,-16796.025180822013,8306.161451689324,-25102.186632511337,10
2022-01-14,0.09037410623271579,False,False,1.0,-2656.6337839577423,-2656.6337839577423,-19452.658964779755,8306.161451689324,-27758.82041646908,16
2022-01-18,0.0893072899737229,False,False,1.0,-1099.4447476112916,-1099.4447476112916,-20552.103712391046,8306.161451689324,-28858.26516408037,6
2022-01-19,0.09485211153747365,False,True,0.5,20.591430078080062,-107.70428496095997,-20659.807997352007,8306.161451689324,-28965.96944904133,6
2022-01-21,0.11139509109132402,False,True,0.5,-9170.712672914571,-4892.156336457285,-25551.964333809294,8306.161451689324,-33858.12578549862,22
2022-01-25,0.16566087632919985,True,True,0.5,-1035.6962732658,-624.0481366329,-26176.012470442194,8306.161451689324,-34482.17392213152,5
2022-01-31,0.20323413732652854,True,True,0.5,1025.884876670718,442.142438335359,-25733.870032106835,8306.161451689324,-34040.03148379616,2
2022-02-01,0.20296979617260844,True,False,0.5,-130.01008818202172,-183.00504409101086,-25916.875076197844,8306.161451689324,-34223.03652788717,6
2022-02-15,0.16166314016963995,False,False,1.0,-457.8667866808784,-457.8667866808784,-26374.741862878724,8306.161451689324,-34680.903314568044,7
2022-02-22,0.15493047680636618,False,True,0.5,830.5814622779656,320.89073113898274,-26053.851131739742,8306.161451689324,-34360.01258342907,4
2022-02-23,0.15204597006854412,False,False,1.0,1969.3786836455151,1969.3786836455151,-24084.472448094228,8306.161451689324,-32390.633899783552,5
2022-02-28,0.18839542842658216,True,False,0.5,-419.6476267992697,-304.2238133996349,-24388.696261493864,8306.161451689324,-32694.857713183188,4
2022-03-02,0.19715135092148867,True,False,0.5,2379.484962403839,1107.1424812019193,-23281.553780291946,8306.161451689324,-31587.71523198127,3
2022-03-04,0.18481359753480586,True,False,0.5,6844.75811174433,3268.979055872165,-20012.57472441978,8306.161451689324,-28318.736176109105,9
2022-03-07,0.191902680853126,True,False,0.5,1539.20724737134,722.40362368567,-19290.17110073411,8306.161451689324,-27596.332552423435,0
2022-03-08,0.2134376186584522,True,False,0.5,1600.328371356448,705.7641856782241,-18584.406915055886,8306.161451689324,-26890.56836674521,4
2022-03-09,0.21953343569035788,True,False,0.5,2407.2120378916284,1097.4060189458141,-17487.000896110072,8306.161451689324,-25793.162347799396,5
2022-03-10,0.22470375947077,True,False,0.5,3113.1972684318907,1379.5986342159454,-16107.402261894127,8306.161451689324,-24413.56371358345,11
2022-03-15,0.2076289516037398,True,False,0.5,1572.0938057203332,703.4469028601666,-15403.95535903396,8306.161451689324,-23710.116810723284,3
2022-03-16,0.2170089417679234,True,False,0.5,4138.4141300454485,1998.4070650227245,-13405.548294011236,8306.161451689324,-21711.70974570056,2
2022-03-17,0.20260763992289335,True,False,0.5,6634.316010326313,3199.1580051631563,-10206.39028884808,8306.161451689324,-18512.551740537405,6
2022-04-08,0.1070879233543792,False,False,1.0,-1480.7254841778065,-1480.7254841778065,-11687.115773025887,8306.161451689324,-19993.27722471521,17
2022-05-20,0.17201084957941856,False,False,1.0,-2300.622736118539,-2300.622736118539,-13987.738509144427,8306.161451689324,-22293.89996083375,3
2022-05-26,0.16307735040978877,False,True,0.5,1309.7302814923917,454.2651407461959,-13533.47336839823,8306.161451689324,-21839.634820087555,13
2022-06-14,0.12319636602749102,False,False,1.0,204.35399263916,204.35399263915997,-13329.11937575907,8306.161451689324,-21635.280827448394,7
2022-06-15,0.12516811033385775,False,False,1.0,2501.1849219316928,2501.1849219316928,-10827.934453827376,8306.161451689324,-19134.0959055167,3
2022-06-16,0.11914471996394868,False,False,1.0,21.82318294410584,21.823182944105838,-10806.11127088327,8306.161451689324,-19112.272722572594,7
2022-07-07,0.12910758504153652,False,False,1.0,3636.4149581411302,3636.4149581411302,-7169.6963127421395,8306.161451689324,-15475.857764431465,10
2022-07-14,0.12037339784017481,False,False,1.0,1841.7481981948245,1841.7481981948242,-5327.9481145473155,8306.161451689324,-13634.109566236639,8
2022-07-28,0.09665670775163109,False,False,1.0,1912.9867062616663,1912.986706261666,-3414.9614082856497,8306.161451689324,-11721.122859974974,8
2022-08-11,0.11638390973856445,False,False,1.0,4776.878138334472,4776.878138334472,1361.9167300488225,8306.161451689324,-6944.244721640502,3
2022-08-19,0.10020649494838153,False,False,1.0,-2362.991048559036,-2362.9910485590362,-1001.0743185102137,8306.161451689324,-9307.235770199539,9
2022-09-02,0.12383221322798553,False,False,1.0,-1540.845649187358,-1540.845649187358,-2541.919967697572,8306.161451689324,-10848.081419386896,13
2022-09-07,0.11273989511712505,False,True,0.5,1719.0776356975568,776.9388178487784,-1764.9811498487934,8306.161451689324,-10071.142601538118,3
2022-09-08,0.11004671899832033,False,False,1.0,4468.479592417595,4468.479592417595,2703.4984425688017,8306.161451689324,-5602.6630091205225,7
2022-09-15,0.09546064272548559,False,False,1.0,357.7106601247659,357.7106601247659,3061.2091026935677,8306.161451689324,-5244.952348995756,7
2022-09-20,0.11785227479013242,False,False,1.0,1536.551109228641,1536.551109228641,4597.760211922208,8306.161451689324,-3708.401239767116,2
2022-09-21,0.11758569951964332,False,False,1.0,1290.9353577333832,1290.9353577333832,5888.6955696555915,8306.161451689324,-2417.4658820337327,5
2022-09-22,0.12135832124112174,True,False,0.5,6046.621476994026,2858.110738497013,8746.806308152605,8746.806308152605,0.0,10
2022-09-27,0.14734600303025885,True,False,0.5,655.6927007808238,221.6463503904119,8968.452658543018,8968.452658543018,0.0,5
2022-10-13,0.14341144026354713,True,False,0.5,3066.63172993706,1403.51586496853,10371.968523511547,10371.968523511547,0.0,7
2022-11-03,0.07772432079931833,False,False,1.0,4458.07742557684,4458.07742557684,14830.045949088388,14830.045949088388,0.0,6
2022-11-04,0.07971951457624395,False,False,1.0,-2174.8238809049926,-2174.8238809049926,12655.222068183395,14830.045949088388,-2174.8238809049926,11
2022-11-11,0.08191174526164094,False,False,1.0,-1483.8675481620571,-1483.8675481620571,11171.354520021338,14830.045949088388,-3658.69142906705,9
2022-11-18,0.07815591680812137,False,True,0.5,-734.4459263127335,-461.6229631563668,10709.73155686497,14830.045949088388,-4120.314392223418,4
2022-12-02,0.08553438580747032,False,True,0.5,2798.727153313048,1293.1635766565241,12002.895133521495,14830.045949088388,-2827.1508155668926,5
2022-12-09,0.07884287051191437,False,False,1.0,-586.1316931686022,-586.1316931686022,11416.763440352894,14830.045949088388,-3413.282508735494,5
2023-01-06,0.11799250129667295,False,False,1.0,-1671.42552869494,-1671.42552869494,9745.337911657953,14830.045949088388,-5084.708037430435,9
2023-01-13,0.11989067367231429,True,True,0.5,-3296.231522739954,-1907.715761369977,7837.622150287976,14830.045949088388,-6992.4237988004115,18
2023-01-30,0.1232205070035357,True,True,0.5,-2830.525550330464,-1533.262775165232,6304.3593751227445,14830.045949088388,-8525.686573965642,6
2023-01-31,0.12903128622167023,True,True,0.5,1931.466201275747,894.9331006378735,7199.292475760618,14830.045949088388,-7630.75347332777,2
2023-02-01,0.1293131926977178,True,False,0.5,-1987.2024188890575,-1182.4012094445288,6016.891266316089,14830.045949088388,-8813.1546827723,12
2023-02-02,0.17714402883484595,True,False,0.5,494.6078418696487,93.90392093482438,6110.795187250914,14830.045949088388,-8719.250761837473,9
2023-02-03,0.17952827553423337,True,False,0.5,-3376.3047347449487,-1959.5523673724745,4151.242819878439,14830.045949088388,-10678.803129209948,19
2023-02-10,0.18332480115119976,True,False,0.5,104.50041698424376,-148.34979150787808,4002.8930283705613,14830.045949088388,-10827.152920717826,13
2023-03-03,0.10504668564440019,False,True,0.5,-957.497690215713,-596.7488451078565,3406.1441832627047,14830.045949088388,-11423.901765825683,6
2023-03-10,0.10040953240889837,False,True,0.5,-2516.5755245213977,-1541.4877622606987,1864.656421002006,14830.045949088388,-12965.389528086382,20
2023-03-15,0.13052155543963503,False,True,0.5,552.4922260546281,170.04611302731405,2034.70253402932,14830.045949088388,-12795.343415059067,5
2023-03-17,0.14287536014402916,True,False,0.5,-1218.9656751402435,-857.2828375701217,1177.4196964591983,14830.045949088388,-13652.62625262919,17
2023-04-10,0.09124410864974607,False,False,1.0,-1927.622362492148,-1927.622362492148,-750.2026660329498,14830.045949088388,-15580.248615121338,20
2023-04-17,0.07428325635014661,False,True,0.5,-1446.6817694467304,-971.1408847233652,-1721.343550756315,14830.045949088388,-16551.389499844703,17
2023-04-21,0.08702166526674772,False,True,0.5,-1856.429177992952,-1093.4145889964761,-2814.758139752791,14830.045949088388,-17644.804088841178,10
2023-05-04,0.06890034083726507,False,True,0.5,662.7429830279015,213.37149151395073,-2601.3866482388403,14830.045949088388,-17431.432597327228,6
2023-05-05,0.0719787078681341,False,False,1.0,-4799.714463226208,-4799.714463226208,-7401.101111465048,14830.045949088388,-22231.147060553434,18
2023-05-12,0.07692352695570276,False,False,1.0,-943.1639720466228,-943.1639720466228,-8344.265083511671,14830.045949088388,-23174.31103260006,10
2023-05-19,0.09341289030270764,False,True,0.5,-2564.996204229245,-1553.8981021146224,-9898.163185626294,14830.045949088388,-24728.20913471468,19
2023-06-01,0.07746546622079815,False,True,0.5,2544.965726632025,1130.8828633160124,-8767.280322310282,14830.045949088388,-23597.32627139867,8
2023-06-02,0.07139341741011318,False,False,1.0,-1225.1193339370752,-1225.1193339370752,-9992.399656247357,14830.045949088388,-24822.445605335743,21
2023-06-08,0.05995650314318761,False,False,1.0,416.5923864974404,416.59238649744043,-9575.807269749916,14830.045949088388,-24405.853218838303,9
2023-06-09,0.06316245409857238,False,False,1.0,-1578.6012314756492,-1578.6012314756492,-11154.408501225565,14830.045949088388,-25984.454450313955,14
2023-06-16,0.0595882898889896,False,False,1.0,-1345.8087312634357,-1345.8087312634357,-12500.217232489002,14830.045949088388,-27330.26318157739,13
2023-06-23,0.06941913719811052,False,True,0.5,-25.66314416857938,-201.6315720842897,-12701.848804573292,14830.045949088388,-27531.89475366168,12
2023-07-06,0.06338860207067387,False,True,0.5,978.9706213640654,347.88531068203275,-12353.963493891259,14830.045949088388,-27184.009442979645,8
2023-07-07,0.06447033148185442,False,False,1.0,-3420.5850580747788,-3420.5850580747788,-15774.548551966038,14830.045949088388,-30604.594501054424,16
2023-07-14,0.07885535791413244,False,False,1.0,-4646.528922461083,-4646.528922461083,-20421.077474427122,14830.045949088388,-35251.12342351551,22
2023-08-03,0.09800169658839768,True,True,0.5,430.1484015468616,73.47420077343082,-20347.60327365369,14830.045949088388,-35177.64922274208,8
2023-08-04,0.10129197114437008,True,False,0.5,-1243.4662865201203,-869.5331432600601,-21217.136416913752,14830.045949088388,-36047.18236600214,17
2023-08-11,0.0896849162919024,False,False,1.0,-1130.06822428059,-1130.06822428059,-22347.20464119434,14830.045949088388,-37177.250590282725,9
2023-08-18,0.08797431279598276,False,True,0.5,-4493.209725329998,-2624.204862664999,-24971.40950385934,14830.045949088388,-39801.45545294773,28
2023-09-13,0.07746030555366029,False,True,0.5,-182.32715895860255,-232.76357947930126,-25204.173083338643,14830.045949088388,-40034.219032427034,8
2023-09-14,0.07823627187543608,False,True,0.5,1850.2484544941576,807.1242272470788,-24397.048856091566,14830.045949088388,-39227.09480517995,6
2023-09-15,0.07539596902267265,False,False,1.0,-2511.04582387055,-2511.04582387055,-26908.094679962116,14830.045949088388,-41738.140629050504,20
2023-09-21,0.07643189932253296,False,False,1.0,561.3642446645856,561.3642446645856,-26346.73043529753,14830.045949088388,-41176.776384385914,9
2023-09-22,0.0761829682266592,False,False,1.0,-3409.97086882765,-3409.97086882765,-29756.70130412518,14830.045949088388,-44586.74725321357,15
2023-10-11,0.08144028273202279,False,False,1.0,1044.2972769779788,1044.2972769779788,-28712.404027147204,14830.045949088388,-43542.44997623559,4
2023-10-12,0.08164774407972672,False,False,1.0,1638.799194460782,1638.799194460782,-27073.604832686422,14830.045949088388,-41903.650781774806,8
2023-10-13,0.07753208984953701,False,False,1.0,-1483.3323901264107,-1483.3323901264107,-28556.937222812834,14830.045949088388,-43386.98317190122,14
2023-10-17,0.05957430760638293,False,False,1.0,643.5459493056991,643.545949305699,-27913.391273507135,14830.045949088388,-42743.43722259552,3
2023-10-18,0.055221545459609986,False,False,1.0,-444.9852832739453,-444.9852832739453,-28358.37655678108,14830.045949088388,-43188.42250586947,6
2023-10-19,0.060021228065484745,False,False,1.0,6.016299713720855,6.016299713720855,-28352.36025706736,14830.045949088388,-43182.40620615575,5
2023-10-20,0.0646288498874823,False,False,1.0,-4420.57452998161,-4420.57452998161,-32772.93478704897,14830.045949088388,-47602.98073613736,29
2023-11-03,0.10778981746141753,True,False,0.5,4282.723447172836,2094.161723586418,-30678.773063462555,14830.045949088388,-45508.81901255094,0
2023-11-09,0.07733906675138412,False,False,1.0,2893.317245114705,2893.317245114705,-27785.45581834785,14830.045949088388,-42615.50176743624,5
2023-11-10,0.06907932391223098,False,False,1.0,1226.5823708492153,1226.5823708492153,-26558.873447498634,14830.045949088388,-41388.91939658702,5
2023-11-17,0.06406870968285738,False,False,1.0,-2021.7613884402483,-2021.761388440248,-28580.634835938883,14830.045949088388,-43410.680785027274,23
2023-11-24,0.0670620066109315,False,False,1.0,136.2225169735185,136.2225169735185,-28444.412318965366,14830.045949088388,-43274.45826805376,13
2023-12-04,0.05725295706339479,False,False,1.0,-63.8313022204627,-63.8313022204627,-28508.24362118583,14830.045949088388,-43338.28957027422,3
2023-12-05,0.060637584503248645,False,False,1.0,-45.20451428984302,-45.20451428984302,-28553.44813547567,14830.045949088388,-43383.49408456406,6
2023-12-06,0.0638251884194603,False,True,0.5,1100.3761303950605,443.9880651975303,-28109.460070278143,14830.045949088388,-42939.50601936653,5
2023-12-07,0.06513088214716675,False,False,1.0,3213.280940520924,3213.280940520924,-24896.17912975722,14830.045949088388,-39726.22507884561,5
2023-12-08,0.06344629703512589,False,False,1.0,4539.121444542103,4539.121444542103,-20357.057685215117,14830.045949088388,-35187.10363430351,7
2023-12-14,0.07478641787680501,False,False,1.0,2215.967151118549,2215.967151118549,-18141.09053409657,14830.045949088388,-32971.13648318496,7
2023-12-15,0.0728780619282397,False,False,1.0,924.3058267269683,924.3058267269685,-17216.7847073696,14830.045949088388,-32046.830656457987,4
2023-12-22,0.116695394749423,True,False,0.5,-2541.454094747097,-1542.1270473735485,-18758.91175474315,14830.045949088388,-33588.95770383153,19
2024-01-05,0.07782873369080524,False,False,1.0,4567.852465470109,4567.852465470109,-14191.05928927304,14830.045949088388,-29021.10523836143,4
2024-01-12,0.08780271397058266,False,False,1.0,-1473.3359108589214,-1473.3359108589211,-15664.395200131961,14830.045949088388,-30494.44114922035,7
2024-01-19,0.1035667526339748,False,False,1.0,-542.149380759919,-542.149380759919,-16206.544580891881,14830.045949088388,-31036.59052998027,16
2024-01-31,0.1421446817051828,True,True,0.5,1890.8867560693288,851.0433780346646,-15355.501202857216,14830.045949088388,-30185.547151945604,4
2024-02-01,0.1446989047838202,True,False,0.5,7797.910135458662,3757.355067729331,-11598.146135127885,14830.045949088388,-26428.192084216273,8
2024-02-02,0.1453707011395804,True,False,0.5,-6703.731408899306,-3717.665704449653,-15315.811839577538,14830.045949088388,-30145.857788665926,27
2024-02-09,0.1257736984500765,True,False,0.5,-2799.029313246264,-1670.9146566231318,-16986.72649620067,14830.045949088388,-31816.772445289058,19
2024-02-16,0.12252529689695181,True,True,0.5,1526.8843887859384,633.6421943929691,-16353.084301807701,14830.045949088388,-31183.130250896087,7
2024-03-11,0.08562351448302824,False,False,1.0,-1641.2110420711938,-1641.2110420711938,-17994.295343878894,14830.045949088388,-32824.34129296728,7
2024-03-14,0.12627309916890467,True,False,0.5,1380.5211048743004,572.2605524371502,-17422.034791441743,14830.045949088388,-32252.08074053013,6
2024-03-15,0.1223738516387393,False,False,1.0,-819.6833993795357,-819.6833993795357,-18241.71819082128,14830.045949088388,-33071.76413990967,11
2024-03-22,0.1259417417751312,True,False,0.5,-1788.63571181175,-1035.917855905875,-19277.636046727155,14830.045949088388,-34107.68199581554,8
2024-04-05,0.10037429917530666,False,True,0.5,1224.2427180389773,505.9213590194887,-18771.714687707667,14830.045949088388,-33601.760636796054,5
2024-04-12,0.08772111746064794,False,False,1.0,-6000.425162893843,-6000.425162893843,-24772.13985060151,14830.045949088388,-39602.1857996899,9
2024-04-19,0.10068309095392945,False,False,1.0,-2943.440244507045,-2943.440244507045,-27715.580095108555,14830.045949088388,-42545.62604419694,5
2024-05-03,0.11018524476667964,False,True,0.5,-1096.9897795030815,-678.2948897515407,-28393.874984860096,14830.045949088388,-43223.92093394848,7
2024-05-10,0.1297906257091507,True,True,0.5,-484.87432393037545,-443.0371619651877,-28836.912146825285,14830.045949088388,-43666.95809591367,13
2024-05-17,0.1405753685927926,True,True,0.5,-1357.813017887436,-879.506508943718,-29716.418655769005,14830.045949088388,-44546.46460485739,13
2024-06-03,0.09685892604776324,False,True,0.5,1321.5329227265345,613.5664613632673,-29102.852194405736,14830.045949088388,-43932.89814349412,0
2024-06-04,0.10297964930259916,False,False,1.0,-6472.72203366926,-6472.72203366926,-35575.574228075,14830.045949088388,-50405.620177163386,13
2024-06-05,0.31922869943851284,True,False,0.5,570.5368453845697,155.46842269228483,-35420.105805382715,14830.045949088388,-50250.1517544711,7
2024-07-04,0.08710204764091634,False,False,1.0,1929.457758887188,1929.457758887188,-33490.648046495524,14830.045949088388,-48320.69399558391,6
2024-07-05,0.08452421072177249,False,False,1.0,-2538.374485676676,-2538.374485676676,-36029.0225321722,14830.045949088388,-50859.06848126059,13
2024-07-09,0.07653368079164469,False,False,1.0,806.7035996925455,806.7035996925455,-35222.318932479655,14830.045949088388,-50052.36488156804,2
2024-07-10,0.07472653590002624,False,False,1.0,57.605180693434704,57.605180693434704,-35164.71375178622,14830.045949088388,-49994.75970087461,7
2024-07-11,0.08319696574588516,False,False,1.0,2495.7102133829844,2495.7102133829844,-32669.003538403238,14830.045949088388,-47499.049487491626,8
2024-07-12,0.0806846479011645,False,False,1.0,-2059.9592307896187,-2059.9592307896187,-34728.962769192854,14830.045949088388,-49559.00871828124,8
2024-07-18,0.07903369385448798,False,False,1.0,-434.5088402073145,-434.5088402073145,-35163.47160940017,14830.045949088388,-49993.51755848856,6
2024-07-23,0.10022607967795394,False,True,0.5,-806.1597243293088,-532.8798621646545,-35696.35147156483,14830.045949088388,-50526.397420653215,7
2024-08-01,0.12172051022802613,False,True,0.5,3180.7996991010696,1460.5998495505346,-34235.75162201429,14830.045949088388,-49065.79757110268,7
2024-08-02,0.11706096374392358,False,False,1.0,285.51220420770176,285.5122042077017,-33950.239417806595,14830.045949088388,-48780.28536689498,8
2024-08-06,0.12339521354378018,False,False,1.0,376.28547490642,376.28547490642,-33573.953942900174,14830.045949088388,-48403.99989198856,4
2024-08-22,0.08928172224825415,False,False,1.0,5088.49443247775,5088.49443247775,-28485.459510422425,14830.045949088388,-43315.50545951081,3
2024-08-30,0.0695338269792192,False,False,1.0,633.2206346376878,633.2206346376877,-27852.238875784737,14830.045949088388,-42682.284824873124,8
2024-09-05,0.050382132249566,False,False,1.0,5169.9057615716365,5169.9057615716365,-22682.3331142131,14830.045949088388,-37512.37906330149,4
2024-09-06,0.053203814166123645,False,False,1.0,-1161.1427965136518,-1161.1427965136518,-23843.475910726753,14830.045949088388,-38673.52185981514,7
2024-09-13,0.10135022020286875,False,False,1.0,4680.4029205288025,4680.4029205288025,-19163.07299019795,14830.045949088388,-33993.11893928634,0
2024-09-19,0.10593755926759568,False,False,1.0,1832.7460660771808,1832.7460660771806,-17330.32692412077,14830.045949088388,-32160.37287320916,8
2024-09-20,0.10894404628744364,False,False,1.0,-1155.567849207127,-1155.567849207127,-18485.8947733279,14830.045949088388,-33315.940722416286,10
2024-09-26,0.09643326697031905,False,False,1.0,3315.956208507112,3315.956208507112,-15169.938564820786,14830.045949088388,-29999.984513909174,5
2024-10-03,0.09183682864716124,False,False,1.0,1634.049959877528,1634.049959877528,-13535.888604943259,14830.045949088388,-28365.934554031646,4
2024-10-04,0.1045865892466171,False,False,1.0,3545.8802793620894,3545.8802793620894,-9990.00832558117,14830.045949088388,-24820.054274669557,8
2024-10-08,0.13083684622324035,True,False,0.5,1314.2463548593455,574.5231774296728,-9415.485148151496,14830.045949088388,-24245.531097239884,3
2024-10-10,0.1389663441695089,True,False,0.5,8311.17260256922,4084.7863012846105,-5330.698846866886,14830.045949088388,-20160.744795955274,2
2024-10-11,0.139613109537063,True,False,0.5,879.7127486386873,286.4563743193437,-5044.242472547542,14830.045949088388,-19874.28842163593,9
2024-10-17,0.1331640716086304,True,False,0.5,4148.0125108288685,1956.0062554144342,-3088.236217133108,14830.045949088388,-17918.282166221496,6
2024-10-18,0.12771667993305558,True,False,0.5,4184.05679203934,2009.4283960196697,-1078.8078211134382,14830.045949088388,-15908.853770201826,3
2024-11-08,0.14520085553599413,True,False,0.5,7925.037238977295,3891.7186194886476,2812.910798375209,14830.045949088388,-12017.135150713179,2
2024-11-14,0.1511705483092733,True,False,0.5,6729.219312228779,3282.0096561143896,6094.920454489598,14830.045949088388,-8735.12549459879,3
2024-11-18,0.15135857724774798,True,False,0.5,1007.462649768148,291.3313248840741,6386.251779373672,14830.045949088388,-8443.794169714714,14
2024-11-29,0.14474285583412844,True,False,0.5,16640.145817360528,8237.472908680264,14623.724688053935,14830.045949088388,-206.32126103445262,3
2024-12-05,0.13207084592455362,False,False,1.0,5214.611807081144,5214.611807081144,19838.33649513508,19838.33649513508,0.0,10
2024-12-06,0.1491299195693565,True,False,0.5,25455.03592631702,12680.317963158512,32518.654458293593,32518.654458293593,0.0,0
2024-12-13,0.11031728918214241,False,False,1.0,8455.92321203339,8455.92321203339,40974.57767032698,40974.57767032698,0.0,7
2024-12-19,0.13713251141724583,False,False,1.0,23459.66353378483,23459.66353378483,64434.24120411181,64434.24120411181,0.0,2
2024-12-20,0.11362653397212634,False,False,1.0,2795.8244284016496,2795.8244284016496,67230.06563251346,67230.06563251346,0.0,7
2024-12-27,0.14272267251329954,True,False,0.5,8123.356761146973,3943.6783805734867,71173.74401308695,71173.74401308695,0.0,6
2025-01-02,0.12411196034662916,False,False,1.0,10474.144740239744,10474.144740239744,81647.8887533267,81647.8887533267,0.0,7
2025-01-03,0.12867817143434343,False,False,1.0,1602.4740762586011,1602.4740762586011,83250.3628295853,83250.3628295853,0.0,7
2025-01-10,0.13275122999427022,False,False,1.0,7231.256141932268,7231.256141932268,90481.61897151757,90481.61897151757,0.0,8
2025-01-17,0.12239726085655402,False,False,1.0,-3820.998136598604,-3820.998136598604,86660.62083491897,90481.61897151757,-3820.9981365986023,27
2025-01-24,0.11292091167590344,False,False,1.0,-919.4325552020846,-919.4325552020846,85741.18827971688,90481.61897151757,-4740.430691800691,9
2025-01-31,0.11942040160224092,False,True,0.5,8992.88922065884,4413.844610329421,90155.0328900463,90481.61897151757,-326.58608147126506,3
2025-02-07,0.10380081197983139,False,False,1.0,24338.15514030747,24338.15514030747,114493.18803035378,114493.18803035378,0.0,4
2025-02-14,0.12468440739060707,False,False,1.0,12646.603482005978,12646.603482005978,127139.79151235975,127139.79151235975,0.0,5
2025-02-28,0.09955596213323124,False,False,1.0,-1811.8001048538197,-1811.80010485382,125327.99140750594,127139.79151235975,-1811.8001048538135,10
2025-03-07,0.10439251192669877,False,False,1.0,10968.117123962227,10968.117123962227,136296.10853146817,136296.10853146817,0.0,8
2025-03-17,0.11698556811705717,False,False,1.0,11373.55976515266,11373.55976515266,147669.66829662083,147669.66829662083,0.0,7
2025-03-21,0.10309112060402653,False,False,1.0,486.6602477724675,486.6602477724675,148156.3285443933,148156.3285443933,0.0,9
2025-03-28,0.10278745332352267,False,False,1.0,6217.642895311591,6217.642895311591,154373.97143970488,154373.97143970488,0.0,9
2025-04-04,0.11722835820646675,False,False,1.0,-6417.215426527969,-6417.215426527969,147956.7560131769,154373.97143970488,-6417.215426527982,9
2025-04-11,0.136237070097369,True,False,0.5,-5589.017812924332,-3006.9089064621658,144949.84710671473,154373.97143970488,-9424.124332990148,14
2025-04-21,0.13043584374672368,True,True,0.5,3663.37777040092,1737.28888520046,146687.1359919152,154373.97143970488,-7686.835447789694,4
2025-04-25,0.11989427061509125,False,False,1.0,-2636.533162925709,-2636.533162925709,144050.60282898947,154373.97143970488,-10323.368610715406,4
2025-05-02,0.12826899066495645,False,False,1.0,-3016.2431738393607,-3016.2431738393607,141034.35965515013,154373.97143970488,-13339.611784554756,17
2025-05-16,0.14324537984557978,True,True,0.5,4987.447974349072,2352.123987174536,143386.48364232466,154373.97143970488,-10987.487797380221,8
2025-05-23,0.14298140945353693,True,False,0.5,-1904.289764756596,-1070.144882378298,142316.33875994637,154373.97143970488,-12057.632679758506,6
2025-06-06,0.10634403859624474,False,False,1.0,-5085.557390993788,-5085.557390993788,137230.7813689526,154373.97143970488,-17143.190070752287,8
2025-06-13,0.10543728616236127,False,True,0.5,8593.582274315757,4190.591137157879,141421.37250611046,154373.97143970488,-12952.598933594418,5
2025-06-20,0.0911566510969322,False,False,1.0,987.5528356945256,987.5528356945257,142408.92534180498,154373.97143970488,-11965.046097899904,5
2025-06-27,0.09127744193084346,False,False,1.0,10680.675116719463,10680.675116719463,153089.60045852445,154373.97143970488,-1284.3709811804292,4
2025-07-04,0.09140707308776282,False,False,1.0,-280.4652622465371,-280.4652622465371,152809.1351962779,154373.97143970488,-1564.8362434269802,10
2025-07-25,0.07692264097607411,False,False,1.0,130.2719820651962,130.2719820651962,152939.4071783431,154373.97143970488,-1434.564261361782,9
2025-08-07,0.09106647852941076,False,False,1.0,13841.99840986675,13841.99840986675,166781.40558820986,166781.40558820986,0.0,7
2025-08-08,0.09274397610283182,False,False,1.0,-1839.0717142490896,-1839.0717142490898,164942.33387396077,166781.40558820986,-1839.0717142490903,5
2025-08-14,0.09615216657398958,False,False,1.0,17835.977651644476,17835.977651644476,182778.31152560524,182778.31152560524,0.0,0
2025-08-18,0.08654869258520798,False,False,1.0,4013.070813524857,4013.070813524857,186791.3823391301,186791.3823391301,0.0,8
2025-08-21,0.08118994986634225,False,False,1.0,15614.758367614146,15614.758367614146,202406.14070674425,202406.14070674425,0.0,3
2025-08-29,0.07280417093502456,False,False,1.0,9757.900582055992,9757.900582055992,212164.04128880025,212164.04128880025,0.0,6
2025-09-03,0.07922104755796004,False,False,1.0,14567.845386698464,14567.845386698464,226731.8866754987,226731.8866754987,0.0,3
2025-09-10,0.08789199583929774,False,False,1.0,1214.6525690177054,1214.6525690177054,227946.5392445164,227946.5392445164,0.0,8
2025-09-16,0.07441246856159442,False,False,1.0,12729.096578935349,12729.096578935349,240675.63582345174,240675.63582345174,0.0,6
2025-09-17,0.06801395565462458,False,False,1.0,20836.865359856605,20836.865359856605,261512.50118330834,261512.50118330834,0.0,0
2025-09-24,0.054740084275327755,False,False,1.0,-1789.1380399178236,-1789.1380399178233,259723.3631433905,261512.50118330834,-1789.1380399178306,18
2025-10-08,0.07671588447343115,False,False,1.0,8206.373472877829,8206.373472877829,267929.73661626835,267929.73661626835,0.0,4
2025-10-15,0.07178680173901796,False,False,1.0,8079.650672423073,8079.650672423074,276009.3872886914,276009.3872886914,0.0,3
2025-10-23,0.07798823911752853,False,False,1.0,5343.202914354697,5343.202914354697,281352.5902030461,281352.5902030461,0.0,5
2025-10-29,0.08673960628233703,True,False,0.5,7610.056025057077,3687.0280125285385,285039.61821557465,285039.61821557465,0.0,6
2025-11-04,0.08486708758378965,False,False,1.0,22840.940745207008,22840.940745207008,307880.55896078167,307880.55896078167,0.0,4
2025-11-06,0.08354190799786289,False,False,1.0,-3273.438956783518,-3273.438956783518,304607.12000399816,307880.55896078167,-3273.4389567835024,11
2025-11-12,0.08649014019412479,True,False,0.5,26653.18678955977,13255.793394779885,317862.91339877807,317862.91339877807,0.0,2
2025-11-19,0.07963832038993522,False,False,1.0,13748.355307242164,13748.355307242164,331611.2687060202,331611.2687060202,0.0,3
2025-11-26,0.07282165221833137,False,False,1.0,10083.67602817572,10083.67602817572,341694.94473419595,341694.94473419595,0.0,4
2025-12-02,0.07535467255860874,False,False,1.0,23356.881092698342,23356.881092698342,365051.82582689426,365051.82582689426,0.0,4
2025-12-03,0.07545675681478048,False,False,1.0,22329.15598715571,22329.15598715571,387380.98181405,387380.98181405,0.0,2
2025-12-10,0.07966208017473478,False,False,1.0,12738.595002100525,12738.595002100525,400119.5768161505,400119.5768161505,0.0,3
2025-12-17,0.07868509913121108,False,False,1.0,24953.753846450854,24953.753846450854,425073.3306626014,425073.3306626014,0.0,0
2025-12-24,0.06417426136822209,False,False,1.0,23335.66666371968,23335.66666371968,448408.9973263211,448408.9973263211,0.0,0
2026-01-07,0.05973129725978311,False,False,1.0,16115.279648551032,16115.279648551032,464524.2769748721,464524.2769748721,0.0,3
2026-01-21,0.11376499790713528,True,False,0.5,11648.20152765575,5670.700763827875,470194.9777387,470194.9777387,0.0,9
2026-02-25,0.10914961300169675,False,False,1.0,14791.4849061269,14791.4849061269,484986.4626448269,484986.4626448269,0.0,4
2026-03-04,0.12556698602632296,True,False,0.5,17900.537986035648,8855.868993017824,493842.33163784473,493842.33163784473,0.0,4
2026-03-10,0.12997273834389172,True,False,0.5,19287.49181462924,9525.74590731462,503368.0775451594,503368.0775451594,0.0,6
2026-03-11,0.13220925305293854,True,False,0.5,-2139.16552746372,-1187.58276373186,502180.4947814275,503368.0775451594,-1187.582763731887,6
2026-03-18,0.16485393533330125,True,False,0.5,2059.964634881184,876.5823174405921,503057.0770988681,503368.0775451594,-311.00044629129115,9
2026-03-24,0.1732586496338322,True,False,0.5,17554.431501534644,8671.015750767323,511728.0928496354,511728.0928496354,0.0,5
2026-03-25,0.18262613239977038,True,False,0.5,96.5810776830324,-57.90946115848379,511670.1833884769,511728.0928496354,-57.90946115850238,5
2026-04-01,0.18538974441737552,True,False,0.5,-568.8966479128314,-449.6483239564157,511220.5350645205,511728.0928496354,-507.5577851149137,10
2026-04-07,0.1981975062821311,True,True,0.5,8895.551221834177,4329.775610917089,515550.31067543756,515550.31067543756,0.0,6
2026-04-08,0.19369454548642692,True,False,0.5,15618.42079644402,7738.4103982220095,523288.72107365954,523288.72107365954,0.0,2
2026-05-06,0.1121873441045721,False,False,1.0,10190.1297439784,10190.1297439784,533478.850817638,533478.850817638,0.0,6
2026-05-13,0.12326518201437994,False,False,1.0,-640.6928416876106,-640.6928416876106,532838.1579759504,533478.850817638,-640.692841687589,17
2026-05-27,0.11684632718623077,False,False,1.0,-686.5740092492492,-686.5740092492492,532151.5839667012,533478.850817638,-1327.2668509368086,14
2026-06-03,0.12514964581081964,False,True,0.5,-2519.3347844723044,-1495.6673922361522,530655.916574465,533478.850817638,-2822.934243172989,16
2026-06-10,0.1308270530997707,False,True,0.5,9099.47391237381,4455.336956186905,535111.2535306519,535111.2535306519,0.0,4
2026-07-08,0.09358772998221813,False,False,1.0,-2983.26894549017,-2983.26894549017,532127.9845851618,535111.2535306519,-2983.2689454901265,7
2026-07-15,0.09874898022358415,False,False,1.0,-5759.348355661059,-5759.348355661059,526368.6362295008,535111.2535306519,-8742.617301151156,19
2026-07-22,0.1024191227265986,False,True,0.5,384.9595149586983,50.879757479349166,526419.51598698,535111.2535306519,-8691.737543671858,8
2026-08-03,0.06887404740912932,False,False,1.0,2168.931806654424,2168.931806654424,528588.4477936345,535111.2535306519,-6522.805737017421,0
2026-08-05,0.08004966557725952,False,False,1.0,9544.562281387418,9544.562281387418,538133.0100750219,538133.0100750219,0.0,5
2026-08-07,0.07439160294747839,False,False,1.0,1703.5076250242796,1703.5076250242796,539836.5177000462,539836.5177000462,0.0,0
2026-08-11,0.07060200406367297,False,False,1.0,9608.7839005087,9608.7839005087,549445.3016005548,549445.3016005548,0.0,3
2026-08-12,0.07268073387388531,False,False,1.0,17776.403326265987,17776.403326265987,567221.7049268208,567221.7049268208,0.0,2
2026-08-19,0.06201917819113744,False,False,1.0,-193.0700561086533,-193.0700561086533,567028.6348707122,567221.7049268208,-193.07005610864144,8
2026-08-26,0.06390067550482983,False,False,1.0,6040.190502271479,6040.190502271479,573068.8253729837,573068.8253729837,0.0,4
2026-09-01,0.06631509554102966,False,False,1.0,9202.841270133578,9202.841270133578,582271.6666431173,582271.6666431173,0.0,6
2026-09-02,0.07004434828370465,False,False,1.0,-2955.2867508655745,-2955.2867508655745,579316.3798922518,582271.6666431173,-2955.286750865518,14
2026-09-09,0.07042102177986238,False,False,1.0,2915.0173405862465,2915.0173405862465,582231.3972328381,582271.6666431173,-40.269410279230215,10
2026-09-16,0.0975740878887334,True,False,0.5,8005.695298563267,3861.247649281634,586092.6448821197,586092.6448821197,0.0,8
2026-09-23,0.09982276239382173,True,False,0.5,13568.323698673075,6713.3618493365375,592806.0067314563,592806.0067314563,0.0,2
